ISO-10303-21;
HEADER;
FILE_DESCRIPTION(('Open CASCADE Model'),'2;1');
FILE_NAME('Open CASCADE Shape Model','2026-08-06T21:35:38',('Author'),(
    'Open CASCADE'),'Open CASCADE STEP processor 7.7','Open CASCADE 7.7'
  ,'Unknown');
FILE_SCHEMA(('AUTOMOTIVE_DESIGN { 1 0 10303 214 1 1 1 1 }'));
ENDSEC;
DATA;
#1 = APPLICATION_PROTOCOL_DEFINITION('international standard',
  'automotive_design',2000,#2);
#2 = APPLICATION_CONTEXT(
  'core data for automotive mechanical design processes');
#3 = SHAPE_DEFINITION_REPRESENTATION(#4,#10);
#4 = PRODUCT_DEFINITION_SHAPE('','',#5);
#5 = PRODUCT_DEFINITION('design','',#6,#9);
#6 = PRODUCT_DEFINITION_FORMATION('','',#7);
#7 = PRODUCT('b620cd8f-919b-11f1-a3a6-9846d2d13a73',
  'b620cd8f-919b-11f1-a3a6-9846d2d13a73','',(#8));
#8 = PRODUCT_CONTEXT('',#2,'mechanical');
#9 = PRODUCT_DEFINITION_CONTEXT('part definition',#2,'design');
#10 = SHAPE_REPRESENTATION('',(#11,#15),#19);
#11 = AXIS2_PLACEMENT_3D('',#12,#13,#14);
#12 = CARTESIAN_POINT('',(0.,0.,0.));
#13 = DIRECTION('',(0.,0.,1.));
#14 = DIRECTION('',(1.,0.,-0.));
#15 = AXIS2_PLACEMENT_3D('',#16,#17,#18);
#16 = CARTESIAN_POINT('',(0.,0.,0.));
#17 = DIRECTION('',(0.,0.,1.));
#18 = DIRECTION('',(1.,0.,0.));
#19 = ( GEOMETRIC_REPRESENTATION_CONTEXT(3) 
GLOBAL_UNCERTAINTY_ASSIGNED_CONTEXT((#23)) GLOBAL_UNIT_ASSIGNED_CONTEXT(
(#20,#21,#22)) REPRESENTATION_CONTEXT('Context #1',
  '3D Context with UNIT and UNCERTAINTY') );
#20 = ( LENGTH_UNIT() NAMED_UNIT(*) SI_UNIT(.MILLI.,.METRE.) );
#21 = ( NAMED_UNIT(*) PLANE_ANGLE_UNIT() SI_UNIT($,.RADIAN.) );
#22 = ( NAMED_UNIT(*) SI_UNIT($,.STERADIAN.) SOLID_ANGLE_UNIT() );
#23 = UNCERTAINTY_MEASURE_WITH_UNIT(LENGTH_MEASURE(1.E-07),#20,
  'distance_accuracy_value','confusion accuracy');
#24 = PRODUCT_RELATED_PRODUCT_CATEGORY('part',$,(#7));
#25 = SHAPE_DEFINITION_REPRESENTATION(#26,#32);
#26 = PRODUCT_DEFINITION_SHAPE('','',#27);
#27 = PRODUCT_DEFINITION('design','',#28,#31);
#28 = PRODUCT_DEFINITION_FORMATION('','',#29);
#29 = PRODUCT('b620cd8f-919b-11f1-a3a6-9846d2d13a73',
  'b620cd8f-919b-11f1-a3a6-9846d2d13a73','',(#30));
#30 = PRODUCT_CONTEXT('',#2,'mechanical');
#31 = PRODUCT_DEFINITION_CONTEXT('part definition',#2,'design');
#32 = SHAPE_REPRESENTATION('',(#11,#33,#37,#41),#45);
#33 = AXIS2_PLACEMENT_3D('',#34,#35,#36);
#34 = CARTESIAN_POINT('',(0.,0.,0.));
#35 = DIRECTION('',(0.,0.,1.));
#36 = DIRECTION('',(1.,0.,0.));
#37 = AXIS2_PLACEMENT_3D('',#38,#39,#40);
#38 = CARTESIAN_POINT('',(0.,0.,0.));
#39 = DIRECTION('',(0.,0.,1.));
#40 = DIRECTION('',(1.,0.,0.));
#41 = AXIS2_PLACEMENT_3D('',#42,#43,#44);
#42 = CARTESIAN_POINT('',(0.,0.,0.));
#43 = DIRECTION('',(0.,0.,1.));
#44 = DIRECTION('',(1.,0.,0.));
#45 = ( GEOMETRIC_REPRESENTATION_CONTEXT(3) 
GLOBAL_UNCERTAINTY_ASSIGNED_CONTEXT((#49)) GLOBAL_UNIT_ASSIGNED_CONTEXT(
(#46,#47,#48)) REPRESENTATION_CONTEXT('Context #1',
  '3D Context with UNIT and UNCERTAINTY') );
#46 = ( LENGTH_UNIT() NAMED_UNIT(*) SI_UNIT(.MILLI.,.METRE.) );
#47 = ( NAMED_UNIT(*) PLANE_ANGLE_UNIT() SI_UNIT($,.RADIAN.) );
#48 = ( NAMED_UNIT(*) SI_UNIT($,.STERADIAN.) SOLID_ANGLE_UNIT() );
#49 = UNCERTAINTY_MEASURE_WITH_UNIT(LENGTH_MEASURE(1.E-07),#46,
  'distance_accuracy_value','confusion accuracy');
#50 = CONTEXT_DEPENDENT_SHAPE_REPRESENTATION(#51,#53);
#51 = ( REPRESENTATION_RELATIONSHIP('','',#32,#10) 
REPRESENTATION_RELATIONSHIP_WITH_TRANSFORMATION(#52) 
SHAPE_REPRESENTATION_RELATIONSHIP() );
#52 = ITEM_DEFINED_TRANSFORMATION('','',#11,#15);
#53 = PRODUCT_DEFINITION_SHAPE('Placement','Placement of an item',#54);
#54 = NEXT_ASSEMBLY_USAGE_OCCURRENCE('7',
  'b620cd8f-919b-11f1-a3a6-9846d2d13a73','',#5,#27,$);
#55 = PRODUCT_RELATED_PRODUCT_CATEGORY('part',$,(#29));
#56 = SHAPE_DEFINITION_REPRESENTATION(#57,#63);
#57 = PRODUCT_DEFINITION_SHAPE('','',#58);
#58 = PRODUCT_DEFINITION('design','',#59,#62);
#59 = PRODUCT_DEFINITION_FORMATION('','',#60);
#60 = PRODUCT('N3 upper cowl','N3 upper cowl','',(#61));
#61 = PRODUCT_CONTEXT('',#2,'mechanical');
#62 = PRODUCT_DEFINITION_CONTEXT('part definition',#2,'design');
#63 = SHAPE_REPRESENTATION('',(#11,#64),#68);
#64 = AXIS2_PLACEMENT_3D('',#65,#66,#67);
#65 = CARTESIAN_POINT('',(0.,0.,0.));
#66 = DIRECTION('',(0.,0.,1.));
#67 = DIRECTION('',(1.,0.,-0.));
#68 = ( GEOMETRIC_REPRESENTATION_CONTEXT(3) 
GLOBAL_UNCERTAINTY_ASSIGNED_CONTEXT((#72)) GLOBAL_UNIT_ASSIGNED_CONTEXT(
(#69,#70,#71)) REPRESENTATION_CONTEXT('Context #1',
  '3D Context with UNIT and UNCERTAINTY') );
#69 = ( LENGTH_UNIT() NAMED_UNIT(*) SI_UNIT(.MILLI.,.METRE.) );
#70 = ( NAMED_UNIT(*) PLANE_ANGLE_UNIT() SI_UNIT($,.RADIAN.) );
#71 = ( NAMED_UNIT(*) SI_UNIT($,.STERADIAN.) SOLID_ANGLE_UNIT() );
#72 = UNCERTAINTY_MEASURE_WITH_UNIT(LENGTH_MEASURE(1.E-07),#69,
  'distance_accuracy_value','confusion accuracy');
#73 = CONTEXT_DEPENDENT_SHAPE_REPRESENTATION(#74,#76);
#74 = ( REPRESENTATION_RELATIONSHIP('','',#63,#32) 
REPRESENTATION_RELATIONSHIP_WITH_TRANSFORMATION(#75) 
SHAPE_REPRESENTATION_RELATIONSHIP() );
#75 = ITEM_DEFINED_TRANSFORMATION('','',#11,#33);
#76 = PRODUCT_DEFINITION_SHAPE('Placement','Placement of an item',#77);
#77 = NEXT_ASSEMBLY_USAGE_OCCURRENCE('2','','',#27,#58,$);
#78 = PRODUCT_RELATED_PRODUCT_CATEGORY('part',$,(#60));
#79 = SHAPE_DEFINITION_REPRESENTATION(#80,#86);
#80 = PRODUCT_DEFINITION_SHAPE('','',#81);
#81 = PRODUCT_DEFINITION('design','',#82,#85);
#82 = PRODUCT_DEFINITION_FORMATION('','',#83);
#83 = PRODUCT('N3 upper cowl_part','N3 upper cowl_part','',(#84));
#84 = PRODUCT_CONTEXT('',#2,'mechanical');
#85 = PRODUCT_DEFINITION_CONTEXT('part definition',#2,'design');
#86 = ADVANCED_BREP_SHAPE_REPRESENTATION('',(#11,#87),#3921);
#87 = MANIFOLD_SOLID_BREP('',#88);
#88 = CLOSED_SHELL('',(#89,#265,#547,#596,#643,#690,#739,#766,#1841,
    #1891,#1941,#2519,#2595,#2644,#2693,#2720,#2816,#2865,#2912,#3007,
    #3054,#3103,#3152,#3199,#3226,#3273,#3322,#3329,#3356,#3403,#3430,
    #3457,#3464,#3511,#3538,#3565,#3572,#3619,#3646,#3673,#3680,#3727,
    #3754,#3781,#3788,#3835,#3862,#3889,#3896,#3903,#3912));
#89 = ADVANCED_FACE('',(#90),#104,.F.);
#90 = FACE_BOUND('',#91,.F.);
#91 = EDGE_LOOP('',(#92,#127,#155,#183,#211,#239));
#92 = ORIENTED_EDGE('',*,*,#93,.T.);
#93 = EDGE_CURVE('',#94,#96,#98,.T.);
#94 = VERTEX_POINT('',#95);
#95 = CARTESIAN_POINT('',(-25.00446416709,-48.5,0.));
#96 = VERTEX_POINT('',#97);
#97 = CARTESIAN_POINT('',(25.004464167091,-48.5,0.));
#98 = SURFACE_CURVE('',#99,(#103,#115),.PCURVE_S1.);
#99 = LINE('',#100,#101);
#100 = CARTESIAN_POINT('',(-42.43524478543,-48.5,0.));
#101 = VECTOR('',#102,1.);
#102 = DIRECTION('',(1.,-1.674416488824E-16,0.));
#103 = PCURVE('',#104,#109);
#104 = PLANE('',#105);
#105 = AXIS2_PLACEMENT_3D('',#106,#107,#108);
#106 = CARTESIAN_POINT('',(1.823253510053E-15,49.,0.));
#107 = DIRECTION('',(0.,0.,1.));
#108 = DIRECTION('',(1.,0.,-0.));
#109 = DEFINITIONAL_REPRESENTATION('',(#110),#114);
#110 = LINE('',#111,#112);
#111 = CARTESIAN_POINT('',(-42.43524478543,-97.5));
#112 = VECTOR('',#113,1.);
#113 = DIRECTION('',(1.,-1.674416488824E-16));
#114 = ( GEOMETRIC_REPRESENTATION_CONTEXT(2) 
PARAMETRIC_REPRESENTATION_CONTEXT() REPRESENTATION_CONTEXT('2D SPACE',''
  ) );
#115 = PCURVE('',#116,#121);
#116 = PLANE('',#117);
#117 = AXIS2_PLACEMENT_3D('',#118,#119,#120);
#118 = CARTESIAN_POINT('',(-42.43524478543,-48.5,0.));
#119 = DIRECTION('',(1.674416488824E-16,1.,0.));
#120 = DIRECTION('',(0.,0.,1.));
#121 = DEFINITIONAL_REPRESENTATION('',(#122),#126);
#122 = LINE('',#123,#124);
#123 = CARTESIAN_POINT('',(0.,0.));
#124 = VECTOR('',#125,1.);
#125 = DIRECTION('',(0.,1.));
#126 = ( GEOMETRIC_REPRESENTATION_CONTEXT(2) 
PARAMETRIC_REPRESENTATION_CONTEXT() REPRESENTATION_CONTEXT('2D SPACE',''
  ) );
#127 = ORIENTED_EDGE('',*,*,#128,.F.);
#128 = EDGE_CURVE('',#129,#96,#131,.T.);
#129 = VERTEX_POINT('',#130);
#130 = CARTESIAN_POINT('',(18.591978045701,-44.79774941164,0.));
#131 = SURFACE_CURVE('',#132,(#136,#143),.PCURVE_S1.);
#132 = LINE('',#133,#134);
#133 = CARTESIAN_POINT('',(18.591978045701,-44.79774941164,0.));
#134 = VECTOR('',#135,1.);
#135 = DIRECTION('',(0.866025403784,-0.5,0.));
#136 = PCURVE('',#104,#137);
#137 = DEFINITIONAL_REPRESENTATION('',(#138),#142);
#138 = LINE('',#139,#140);
#139 = CARTESIAN_POINT('',(18.591978045701,-93.79774941164));
#140 = VECTOR('',#141,1.);
#141 = DIRECTION('',(0.866025403784,-0.5));
#142 = ( GEOMETRIC_REPRESENTATION_CONTEXT(2) 
PARAMETRIC_REPRESENTATION_CONTEXT() REPRESENTATION_CONTEXT('2D SPACE',''
  ) );
#143 = PCURVE('',#144,#149);
#144 = PLANE('',#145);
#145 = AXIS2_PLACEMENT_3D('',#146,#147,#148);
#146 = CARTESIAN_POINT('',(18.591978045701,-44.79774941164,0.));
#147 = DIRECTION('',(0.5,0.866025403784,0.));
#148 = DIRECTION('',(0.,0.,1.));
#149 = DEFINITIONAL_REPRESENTATION('',(#150),#154);
#150 = LINE('',#151,#152);
#151 = CARTESIAN_POINT('',(0.,0.));
#152 = VECTOR('',#153,1.);
#153 = DIRECTION('',(0.,1.));
#154 = ( GEOMETRIC_REPRESENTATION_CONTEXT(2) 
PARAMETRIC_REPRESENTATION_CONTEXT() REPRESENTATION_CONTEXT('2D SPACE',''
  ) );
#155 = ORIENTED_EDGE('',*,*,#156,.T.);
#156 = EDGE_CURVE('',#129,#157,#159,.T.);
#157 = VERTEX_POINT('',#158);
#158 = CARTESIAN_POINT('',(19.052558883258,-44.,0.));
#159 = SURFACE_CURVE('',#160,(#164,#171),.PCURVE_S1.);
#160 = LINE('',#161,#162);
#161 = CARTESIAN_POINT('',(18.591978045701,-44.79774941164,0.));
#162 = VECTOR('',#163,1.);
#163 = DIRECTION('',(0.5,0.866025403784,0.));
#164 = PCURVE('',#104,#165);
#165 = DEFINITIONAL_REPRESENTATION('',(#166),#170);
#166 = LINE('',#167,#168);
#167 = CARTESIAN_POINT('',(18.591978045701,-93.79774941164));
#168 = VECTOR('',#169,1.);
#169 = DIRECTION('',(0.5,0.866025403784));
#170 = ( GEOMETRIC_REPRESENTATION_CONTEXT(2) 
PARAMETRIC_REPRESENTATION_CONTEXT() REPRESENTATION_CONTEXT('2D SPACE',''
  ) );
#171 = PCURVE('',#172,#177);
#172 = PLANE('',#173);
#173 = AXIS2_PLACEMENT_3D('',#174,#175,#176);
#174 = CARTESIAN_POINT('',(18.591978045701,-44.79774941164,0.));
#175 = DIRECTION('',(0.866025403784,-0.5,0.));
#176 = DIRECTION('',(0.,0.,1.));
#177 = DEFINITIONAL_REPRESENTATION('',(#178),#182);
#178 = LINE('',#179,#180);
#179 = CARTESIAN_POINT('',(0.,0.));
#180 = VECTOR('',#181,1.);
#181 = DIRECTION('',(0.,-1.));
#182 = ( GEOMETRIC_REPRESENTATION_CONTEXT(2) 
PARAMETRIC_REPRESENTATION_CONTEXT() REPRESENTATION_CONTEXT('2D SPACE',''
  ) );
#183 = ORIENTED_EDGE('',*,*,#184,.F.);
#184 = EDGE_CURVE('',#185,#157,#187,.T.);
#185 = VERTEX_POINT('',#186);
#186 = CARTESIAN_POINT('',(-19.05255888325,-44.,0.));
#187 = SURFACE_CURVE('',#188,(#192,#199),.PCURVE_S1.);
#188 = LINE('',#189,#190);
#189 = CARTESIAN_POINT('',(-39.83716857408,-44.,0.));
#190 = VECTOR('',#191,1.);
#191 = DIRECTION('',(1.,-2.229521955227E-16,0.));
#192 = PCURVE('',#104,#193);
#193 = DEFINITIONAL_REPRESENTATION('',(#194),#198);
#194 = LINE('',#195,#196);
#195 = CARTESIAN_POINT('',(-39.83716857408,-93.));
#196 = VECTOR('',#197,1.);
#197 = DIRECTION('',(1.,-2.229521955227E-16));
#198 = ( GEOMETRIC_REPRESENTATION_CONTEXT(2) 
PARAMETRIC_REPRESENTATION_CONTEXT() REPRESENTATION_CONTEXT('2D SPACE',''
  ) );
#199 = PCURVE('',#200,#205);
#200 = PLANE('',#201);
#201 = AXIS2_PLACEMENT_3D('',#202,#203,#204);
#202 = CARTESIAN_POINT('',(-39.83716857408,-44.,0.));
#203 = DIRECTION('',(2.229521955227E-16,1.,0.));
#204 = DIRECTION('',(0.,0.,1.));
#205 = DEFINITIONAL_REPRESENTATION('',(#206),#210);
#206 = LINE('',#207,#208);
#207 = CARTESIAN_POINT('',(0.,0.));
#208 = VECTOR('',#209,1.);
#209 = DIRECTION('',(0.,1.));
#210 = ( GEOMETRIC_REPRESENTATION_CONTEXT(2) 
PARAMETRIC_REPRESENTATION_CONTEXT() REPRESENTATION_CONTEXT('2D SPACE',''
  ) );
#211 = ORIENTED_EDGE('',*,*,#212,.T.);
#212 = EDGE_CURVE('',#185,#213,#215,.T.);
#213 = VERTEX_POINT('',#214);
#214 = CARTESIAN_POINT('',(-18.5919780457,-44.79774941164,0.));
#215 = SURFACE_CURVE('',#216,(#220,#227),.PCURVE_S1.);
#216 = LINE('',#217,#218);
#217 = CARTESIAN_POINT('',(-48.0919780457,6.297749411641,0.));
#218 = VECTOR('',#219,1.);
#219 = DIRECTION('',(0.5,-0.866025403784,0.));
#220 = PCURVE('',#104,#221);
#221 = DEFINITIONAL_REPRESENTATION('',(#222),#226);
#222 = LINE('',#223,#224);
#223 = CARTESIAN_POINT('',(-48.0919780457,-42.70225058835));
#224 = VECTOR('',#225,1.);
#225 = DIRECTION('',(0.5,-0.866025403784));
#226 = ( GEOMETRIC_REPRESENTATION_CONTEXT(2) 
PARAMETRIC_REPRESENTATION_CONTEXT() REPRESENTATION_CONTEXT('2D SPACE',''
  ) );
#227 = PCURVE('',#228,#233);
#228 = PLANE('',#229);
#229 = AXIS2_PLACEMENT_3D('',#230,#231,#232);
#230 = CARTESIAN_POINT('',(-48.0919780457,6.297749411641,0.));
#231 = DIRECTION('',(-0.866025403784,-0.5,0.));
#232 = DIRECTION('',(0.,0.,1.));
#233 = DEFINITIONAL_REPRESENTATION('',(#234),#238);
#234 = LINE('',#235,#236);
#235 = CARTESIAN_POINT('',(0.,0.));
#236 = VECTOR('',#237,1.);
#237 = DIRECTION('',(0.,-1.));
#238 = ( GEOMETRIC_REPRESENTATION_CONTEXT(2) 
PARAMETRIC_REPRESENTATION_CONTEXT() REPRESENTATION_CONTEXT('2D SPACE',''
  ) );
#239 = ORIENTED_EDGE('',*,*,#240,.T.);
#240 = EDGE_CURVE('',#213,#94,#241,.T.);
#241 = SURFACE_CURVE('',#242,(#246,#253),.PCURVE_S1.);
#242 = LINE('',#243,#244);
#243 = CARTESIAN_POINT('',(-18.5919780457,-44.79774941164,0.));
#244 = VECTOR('',#245,1.);
#245 = DIRECTION('',(-0.866025403784,-0.5,0.));
#246 = PCURVE('',#104,#247);
#247 = DEFINITIONAL_REPRESENTATION('',(#248),#252);
#248 = LINE('',#249,#250);
#249 = CARTESIAN_POINT('',(-18.5919780457,-93.79774941164));
#250 = VECTOR('',#251,1.);
#251 = DIRECTION('',(-0.866025403784,-0.5));
#252 = ( GEOMETRIC_REPRESENTATION_CONTEXT(2) 
PARAMETRIC_REPRESENTATION_CONTEXT() REPRESENTATION_CONTEXT('2D SPACE',''
  ) );
#253 = PCURVE('',#254,#259);
#254 = PLANE('',#255);
#255 = AXIS2_PLACEMENT_3D('',#256,#257,#258);
#256 = CARTESIAN_POINT('',(-18.5919780457,-44.79774941164,0.));
#257 = DIRECTION('',(0.5,-0.866025403784,0.));
#258 = DIRECTION('',(0.,0.,1.));
#259 = DEFINITIONAL_REPRESENTATION('',(#260),#264);
#260 = LINE('',#261,#262);
#261 = CARTESIAN_POINT('',(0.,0.));
#262 = VECTOR('',#263,1.);
#263 = DIRECTION('',(0.,1.));
#264 = ( GEOMETRIC_REPRESENTATION_CONTEXT(2) 
PARAMETRIC_REPRESENTATION_CONTEXT() REPRESENTATION_CONTEXT('2D SPACE',''
  ) );
#265 = ADVANCED_FACE('',(#266,#441),#116,.F.);
#266 = FACE_BOUND('',#267,.F.);
#267 = EDGE_LOOP('',(#268,#269,#290,#317,#345,#373,#400,#422));
#268 = ORIENTED_EDGE('',*,*,#93,.F.);
#269 = ORIENTED_EDGE('',*,*,#270,.F.);
#270 = EDGE_CURVE('',#271,#94,#273,.T.);
#271 = VERTEX_POINT('',#272);
#272 = CARTESIAN_POINT('',(-25.00446416709,-48.5,15.6));
#273 = SURFACE_CURVE('',#274,(#278,#284),.PCURVE_S1.);
#274 = LINE('',#275,#276);
#275 = CARTESIAN_POINT('',(-25.00446416709,-48.5,0.));
#276 = VECTOR('',#277,1.);
#277 = DIRECTION('',(0.,0.,-1.));
#278 = PCURVE('',#116,#279);
#279 = DEFINITIONAL_REPRESENTATION('',(#280),#283);
#280 = B_SPLINE_CURVE_WITH_KNOTS('',1,(#281,#282),.UNSPECIFIED.,.F.,.F.,
  (2,2),(-15.6,-0.),.PIECEWISE_BEZIER_KNOTS.);
#281 = CARTESIAN_POINT('',(15.6,17.430780618347));
#282 = CARTESIAN_POINT('',(0.,17.430780618347));
#283 = ( GEOMETRIC_REPRESENTATION_CONTEXT(2) 
PARAMETRIC_REPRESENTATION_CONTEXT() REPRESENTATION_CONTEXT('2D SPACE',''
  ) );
#284 = PCURVE('',#254,#285);
#285 = DEFINITIONAL_REPRESENTATION('',(#286),#289);
#286 = B_SPLINE_CURVE_WITH_KNOTS('',1,(#287,#288),.UNSPECIFIED.,.F.,.F.,
  (2,2),(-15.6,-0.),.PIECEWISE_BEZIER_KNOTS.);
#287 = CARTESIAN_POINT('',(15.6,7.404501176718));
#288 = CARTESIAN_POINT('',(0.,7.404501176718));
#289 = ( GEOMETRIC_REPRESENTATION_CONTEXT(2) 
PARAMETRIC_REPRESENTATION_CONTEXT() REPRESENTATION_CONTEXT('2D SPACE',''
  ) );
#290 = ORIENTED_EDGE('',*,*,#291,.F.);
#291 = EDGE_CURVE('',#292,#271,#294,.T.);
#292 = VERTEX_POINT('',#293);
#293 = CARTESIAN_POINT('',(-42.43524478543,-48.5,15.6));
#294 = SURFACE_CURVE('',#295,(#299,#305),.PCURVE_S1.);
#295 = LINE('',#296,#297);
#296 = CARTESIAN_POINT('',(-45.26361141556,-48.5,15.6));
#297 = VECTOR('',#298,1.);
#298 = DIRECTION('',(1.,-1.674416488824E-16,0.));
#299 = PCURVE('',#116,#300);
#300 = DEFINITIONAL_REPRESENTATION('',(#301),#304);
#301 = B_SPLINE_CURVE_WITH_KNOTS('',1,(#302,#303),.UNSPECIFIED.,.F.,.F.,
  (2,2),(2.828366630132,20.259147248479),.PIECEWISE_BEZIER_KNOTS.);
#302 = CARTESIAN_POINT('',(15.6,0.));
#303 = CARTESIAN_POINT('',(15.6,17.430780618347));
#304 = ( GEOMETRIC_REPRESENTATION_CONTEXT(2) 
PARAMETRIC_REPRESENTATION_CONTEXT() REPRESENTATION_CONTEXT('2D SPACE',''
  ) );
#305 = PCURVE('',#306,#311);
#306 = PLANE('',#307);
#307 = AXIS2_PLACEMENT_3D('',#308,#309,#310);
#308 = CARTESIAN_POINT('',(18.591978045701,-44.79774941164,15.6));
#309 = DIRECTION('',(0.,0.,1.));
#310 = DIRECTION('',(0.866025403784,-0.5,0.));
#311 = DEFINITIONAL_REPRESENTATION('',(#312),#316);
#312 = LINE('',#313,#314);
#313 = CARTESIAN_POINT('',(-53.44943735291,-35.13403779133));
#314 = VECTOR('',#315,1.);
#315 = DIRECTION('',(0.866025403784,0.5));
#316 = ( GEOMETRIC_REPRESENTATION_CONTEXT(2) 
PARAMETRIC_REPRESENTATION_CONTEXT() REPRESENTATION_CONTEXT('2D SPACE',''
  ) );
#317 = ORIENTED_EDGE('',*,*,#318,.T.);
#318 = EDGE_CURVE('',#292,#319,#321,.T.);
#319 = VERTEX_POINT('',#320);
#320 = CARTESIAN_POINT('',(-42.43524478543,-48.5,18.));
#321 = SURFACE_CURVE('',#322,(#326,#333),.PCURVE_S1.);
#322 = LINE('',#323,#324);
#323 = CARTESIAN_POINT('',(-42.43524478543,-48.5,0.));
#324 = VECTOR('',#325,1.);
#325 = DIRECTION('',(0.,0.,1.));
#326 = PCURVE('',#116,#327);
#327 = DEFINITIONAL_REPRESENTATION('',(#328),#332);
#328 = LINE('',#329,#330);
#329 = CARTESIAN_POINT('',(0.,0.));
#330 = VECTOR('',#331,1.);
#331 = DIRECTION('',(1.,0.));
#332 = ( GEOMETRIC_REPRESENTATION_CONTEXT(2) 
PARAMETRIC_REPRESENTATION_CONTEXT() REPRESENTATION_CONTEXT('2D SPACE',''
  ) );
#333 = PCURVE('',#334,#339);
#334 = CYLINDRICAL_SURFACE('',#335,24.);
#335 = AXIS2_PLACEMENT_3D('',#336,#337,#338);
#336 = CARTESIAN_POINT('',(-42.43524478543,-24.5,0.));
#337 = DIRECTION('',(-0.,-0.,-1.));
#338 = DIRECTION('',(1.,0.,0.));
#339 = DEFINITIONAL_REPRESENTATION('',(#340),#344);
#340 = LINE('',#341,#342);
#341 = CARTESIAN_POINT('',(-4.712388980385,0.));
#342 = VECTOR('',#343,1.);
#343 = DIRECTION('',(-0.,-1.));
#344 = ( GEOMETRIC_REPRESENTATION_CONTEXT(2) 
PARAMETRIC_REPRESENTATION_CONTEXT() REPRESENTATION_CONTEXT('2D SPACE',''
  ) );
#345 = ORIENTED_EDGE('',*,*,#346,.T.);
#346 = EDGE_CURVE('',#319,#347,#349,.T.);
#347 = VERTEX_POINT('',#348);
#348 = CARTESIAN_POINT('',(42.435244785437,-48.5,18.));
#349 = SURFACE_CURVE('',#350,(#354,#361),.PCURVE_S1.);
#350 = LINE('',#351,#352);
#351 = CARTESIAN_POINT('',(-42.43524478543,-48.5,18.));
#352 = VECTOR('',#353,1.);
#353 = DIRECTION('',(1.,-1.674416488824E-16,0.));
#354 = PCURVE('',#116,#355);
#355 = DEFINITIONAL_REPRESENTATION('',(#356),#360);
#356 = LINE('',#357,#358);
#357 = CARTESIAN_POINT('',(18.,0.));
#358 = VECTOR('',#359,1.);
#359 = DIRECTION('',(0.,1.));
#360 = ( GEOMETRIC_REPRESENTATION_CONTEXT(2) 
PARAMETRIC_REPRESENTATION_CONTEXT() REPRESENTATION_CONTEXT('2D SPACE',''
  ) );
#361 = PCURVE('',#362,#367);
#362 = PLANE('',#363);
#363 = AXIS2_PLACEMENT_3D('',#364,#365,#366);
#364 = CARTESIAN_POINT('',(63.219854476264,-12.5,18.));
#365 = DIRECTION('',(0.,0.,1.));
#366 = DIRECTION('',(-0.5,0.866025403784,0.));
#367 = DEFINITIONAL_REPRESENTATION('',(#368),#372);
#368 = LINE('',#369,#370);
#369 = CARTESIAN_POINT('',(21.650635094611,109.5));
#370 = VECTOR('',#371,1.);
#371 = DIRECTION('',(-0.5,-0.866025403784));
#372 = ( GEOMETRIC_REPRESENTATION_CONTEXT(2) 
PARAMETRIC_REPRESENTATION_CONTEXT() REPRESENTATION_CONTEXT('2D SPACE',''
  ) );
#373 = ORIENTED_EDGE('',*,*,#374,.F.);
#374 = EDGE_CURVE('',#375,#347,#377,.T.);
#375 = VERTEX_POINT('',#376);
#376 = CARTESIAN_POINT('',(42.435244785437,-48.5,15.6));
#377 = SURFACE_CURVE('',#378,(#382,#389),.PCURVE_S1.);
#378 = LINE('',#379,#380);
#379 = CARTESIAN_POINT('',(42.435244785437,-48.5,0.));
#380 = VECTOR('',#381,1.);
#381 = DIRECTION('',(0.,0.,1.));
#382 = PCURVE('',#116,#383);
#383 = DEFINITIONAL_REPRESENTATION('',(#384),#388);
#384 = LINE('',#385,#386);
#385 = CARTESIAN_POINT('',(0.,84.870489570875));
#386 = VECTOR('',#387,1.);
#387 = DIRECTION('',(1.,0.));
#388 = ( GEOMETRIC_REPRESENTATION_CONTEXT(2) 
PARAMETRIC_REPRESENTATION_CONTEXT() REPRESENTATION_CONTEXT('2D SPACE',''
  ) );
#389 = PCURVE('',#390,#395);
#390 = CYLINDRICAL_SURFACE('',#391,24.);
#391 = AXIS2_PLACEMENT_3D('',#392,#393,#394);
#392 = CARTESIAN_POINT('',(42.435244785437,-24.5,0.));
#393 = DIRECTION('',(-0.,-0.,-1.));
#394 = DIRECTION('',(1.,0.,0.));
#395 = DEFINITIONAL_REPRESENTATION('',(#396),#399);
#396 = B_SPLINE_CURVE_WITH_KNOTS('',1,(#397,#398),.UNSPECIFIED.,.F.,.F.,
  (2,2),(0.,18.),.PIECEWISE_BEZIER_KNOTS.);
#397 = CARTESIAN_POINT('',(-4.712388980385,0.));
#398 = CARTESIAN_POINT('',(-4.712388980385,-18.));
#399 = ( GEOMETRIC_REPRESENTATION_CONTEXT(2) 
PARAMETRIC_REPRESENTATION_CONTEXT() REPRESENTATION_CONTEXT('2D SPACE',''
  ) );
#400 = ORIENTED_EDGE('',*,*,#401,.F.);
#401 = EDGE_CURVE('',#402,#375,#404,.T.);
#402 = VERTEX_POINT('',#403);
#403 = CARTESIAN_POINT('',(25.004464167091,-48.5,15.6));
#404 = SURFACE_CURVE('',#405,(#409,#415),.PCURVE_S1.);
#405 = LINE('',#406,#407);
#406 = CARTESIAN_POINT('',(-11.92163336986,-48.5,15.6));
#407 = VECTOR('',#408,1.);
#408 = DIRECTION('',(1.,-1.674416488824E-16,0.));
#409 = PCURVE('',#116,#410);
#410 = DEFINITIONAL_REPRESENTATION('',(#411),#414);
#411 = B_SPLINE_CURVE_WITH_KNOTS('',1,(#412,#413),.UNSPECIFIED.,.F.,.F.,
  (2,2),(36.926097536959,54.356878155306),.PIECEWISE_BEZIER_KNOTS.);
#412 = CARTESIAN_POINT('',(15.6,67.439708952528));
#413 = CARTESIAN_POINT('',(15.6,84.870489570875));
#414 = ( GEOMETRIC_REPRESENTATION_CONTEXT(2) 
PARAMETRIC_REPRESENTATION_CONTEXT() REPRESENTATION_CONTEXT('2D SPACE',''
  ) );
#415 = PCURVE('',#306,#416);
#416 = DEFINITIONAL_REPRESENTATION('',(#417),#421);
#417 = LINE('',#418,#419);
#418 = CARTESIAN_POINT('',(-24.57443735291,-18.46304876847));
#419 = VECTOR('',#420,1.);
#420 = DIRECTION('',(0.866025403784,0.5));
#421 = ( GEOMETRIC_REPRESENTATION_CONTEXT(2) 
PARAMETRIC_REPRESENTATION_CONTEXT() REPRESENTATION_CONTEXT('2D SPACE',''
  ) );
#422 = ORIENTED_EDGE('',*,*,#423,.T.);
#423 = EDGE_CURVE('',#402,#96,#424,.T.);
#424 = SURFACE_CURVE('',#425,(#429,#435),.PCURVE_S1.);
#425 = LINE('',#426,#427);
#426 = CARTESIAN_POINT('',(25.004464167091,-48.5,0.));
#427 = VECTOR('',#428,1.);
#428 = DIRECTION('',(0.,0.,-1.));
#429 = PCURVE('',#116,#430);
#430 = DEFINITIONAL_REPRESENTATION('',(#431),#434);
#431 = B_SPLINE_CURVE_WITH_KNOTS('',1,(#432,#433),.UNSPECIFIED.,.F.,.F.,
  (2,2),(-15.6,0.),.PIECEWISE_BEZIER_KNOTS.);
#432 = CARTESIAN_POINT('',(15.6,67.439708952528));
#433 = CARTESIAN_POINT('',(0.,67.439708952528));
#434 = ( GEOMETRIC_REPRESENTATION_CONTEXT(2) 
PARAMETRIC_REPRESENTATION_CONTEXT() REPRESENTATION_CONTEXT('2D SPACE',''
  ) );
#435 = PCURVE('',#144,#436);
#436 = DEFINITIONAL_REPRESENTATION('',(#437),#440);
#437 = B_SPLINE_CURVE_WITH_KNOTS('',1,(#438,#439),.UNSPECIFIED.,.F.,.F.,
  (2,2),(-15.6,0.),.PIECEWISE_BEZIER_KNOTS.);
#438 = CARTESIAN_POINT('',(15.6,7.404501176718));
#439 = CARTESIAN_POINT('',(0.,7.404501176718));
#440 = ( GEOMETRIC_REPRESENTATION_CONTEXT(2) 
PARAMETRIC_REPRESENTATION_CONTEXT() REPRESENTATION_CONTEXT('2D SPACE',''
  ) );
#441 = FACE_BOUND('',#442,.F.);
#442 = EDGE_LOOP('',(#443,#471,#497,#523));
#443 = ORIENTED_EDGE('',*,*,#444,.F.);
#444 = EDGE_CURVE('',#445,#447,#449,.T.);
#445 = VERTEX_POINT('',#446);
#446 = CARTESIAN_POINT('',(-8.5,-48.5,14.));
#447 = VERTEX_POINT('',#448);
#448 = CARTESIAN_POINT('',(8.5,-48.5,14.));
#449 = SURFACE_CURVE('',#450,(#454,#460),.PCURVE_S1.);
#450 = LINE('',#451,#452);
#451 = CARTESIAN_POINT('',(-25.46762239271,-48.5,14.));
#452 = VECTOR('',#453,1.);
#453 = DIRECTION('',(1.,-1.674416488824E-16,0.));
#454 = PCURVE('',#116,#455);
#455 = DEFINITIONAL_REPRESENTATION('',(#456),#459);
#456 = B_SPLINE_CURVE_WITH_KNOTS('',1,(#457,#458),.UNSPECIFIED.,.F.,.F.,
  (2,2),(16.967622392719,33.967622392719),.PIECEWISE_BEZIER_KNOTS.);
#457 = CARTESIAN_POINT('',(14.,33.935244785438));
#458 = CARTESIAN_POINT('',(14.,50.935244785438));
#459 = ( GEOMETRIC_REPRESENTATION_CONTEXT(2) 
PARAMETRIC_REPRESENTATION_CONTEXT() REPRESENTATION_CONTEXT('2D SPACE',''
  ) );
#460 = PCURVE('',#461,#466);
#461 = PLANE('',#462);
#462 = AXIS2_PLACEMENT_3D('',#463,#464,#465);
#463 = CARTESIAN_POINT('',(-8.5,-68.,14.));
#464 = DIRECTION('',(0.,0.,1.));
#465 = DIRECTION('',(1.,0.,0.));
#466 = DEFINITIONAL_REPRESENTATION('',(#467),#470);
#467 = B_SPLINE_CURVE_WITH_KNOTS('',1,(#468,#469),.UNSPECIFIED.,.F.,.F.,
  (2,2),(16.967622392719,33.967622392719),.PIECEWISE_BEZIER_KNOTS.);
#468 = CARTESIAN_POINT('',(0.,19.5));
#469 = CARTESIAN_POINT('',(17.,19.5));
#470 = ( GEOMETRIC_REPRESENTATION_CONTEXT(2) 
PARAMETRIC_REPRESENTATION_CONTEXT() REPRESENTATION_CONTEXT('2D SPACE',''
  ) );
#471 = ORIENTED_EDGE('',*,*,#472,.T.);
#472 = EDGE_CURVE('',#445,#473,#475,.T.);
#473 = VERTEX_POINT('',#474);
#474 = CARTESIAN_POINT('',(-8.5,-48.5,4.));
#475 = SURFACE_CURVE('',#476,(#480,#486),.PCURVE_S1.);
#476 = LINE('',#477,#478);
#477 = CARTESIAN_POINT('',(-8.5,-48.5,2.));
#478 = VECTOR('',#479,1.);
#479 = DIRECTION('',(0.,0.,-1.));
#480 = PCURVE('',#116,#481);
#481 = DEFINITIONAL_REPRESENTATION('',(#482),#485);
#482 = B_SPLINE_CURVE_WITH_KNOTS('',1,(#483,#484),.UNSPECIFIED.,.F.,.F.,
  (2,2),(-12.,-2.),.PIECEWISE_BEZIER_KNOTS.);
#483 = CARTESIAN_POINT('',(14.,33.935244785438));
#484 = CARTESIAN_POINT('',(4.,33.935244785438));
#485 = ( GEOMETRIC_REPRESENTATION_CONTEXT(2) 
PARAMETRIC_REPRESENTATION_CONTEXT() REPRESENTATION_CONTEXT('2D SPACE',''
  ) );
#486 = PCURVE('',#487,#492);
#487 = PLANE('',#488);
#488 = AXIS2_PLACEMENT_3D('',#489,#490,#491);
#489 = CARTESIAN_POINT('',(-8.5,-68.,4.));
#490 = DIRECTION('',(1.,0.,0.));
#491 = DIRECTION('',(0.,0.,1.));
#492 = DEFINITIONAL_REPRESENTATION('',(#493),#496);
#493 = B_SPLINE_CURVE_WITH_KNOTS('',1,(#494,#495),.UNSPECIFIED.,.F.,.F.,
  (2,2),(-12.,-2.),.PIECEWISE_BEZIER_KNOTS.);
#494 = CARTESIAN_POINT('',(10.,-19.5));
#495 = CARTESIAN_POINT('',(0.,-19.5));
#496 = ( GEOMETRIC_REPRESENTATION_CONTEXT(2) 
PARAMETRIC_REPRESENTATION_CONTEXT() REPRESENTATION_CONTEXT('2D SPACE',''
  ) );
#497 = ORIENTED_EDGE('',*,*,#498,.T.);
#498 = EDGE_CURVE('',#473,#499,#501,.T.);
#499 = VERTEX_POINT('',#500);
#500 = CARTESIAN_POINT('',(8.5,-48.5,4.));
#501 = SURFACE_CURVE('',#502,(#506,#512),.PCURVE_S1.);
#502 = LINE('',#503,#504);
#503 = CARTESIAN_POINT('',(-25.46762239271,-48.5,4.));
#504 = VECTOR('',#505,1.);
#505 = DIRECTION('',(1.,-1.674416488824E-16,0.));
#506 = PCURVE('',#116,#507);
#507 = DEFINITIONAL_REPRESENTATION('',(#508),#511);
#508 = B_SPLINE_CURVE_WITH_KNOTS('',1,(#509,#510),.UNSPECIFIED.,.F.,.F.,
  (2,2),(16.967622392719,33.967622392719),.PIECEWISE_BEZIER_KNOTS.);
#509 = CARTESIAN_POINT('',(4.,33.935244785438));
#510 = CARTESIAN_POINT('',(4.,50.935244785438));
#511 = ( GEOMETRIC_REPRESENTATION_CONTEXT(2) 
PARAMETRIC_REPRESENTATION_CONTEXT() REPRESENTATION_CONTEXT('2D SPACE',''
  ) );
#512 = PCURVE('',#513,#518);
#513 = PLANE('',#514);
#514 = AXIS2_PLACEMENT_3D('',#515,#516,#517);
#515 = CARTESIAN_POINT('',(-8.5,-68.,4.));
#516 = DIRECTION('',(0.,0.,1.));
#517 = DIRECTION('',(1.,0.,0.));
#518 = DEFINITIONAL_REPRESENTATION('',(#519),#522);
#519 = B_SPLINE_CURVE_WITH_KNOTS('',1,(#520,#521),.UNSPECIFIED.,.F.,.F.,
  (2,2),(16.967622392719,33.967622392719),.PIECEWISE_BEZIER_KNOTS.);
#520 = CARTESIAN_POINT('',(0.,19.5));
#521 = CARTESIAN_POINT('',(17.,19.5));
#522 = ( GEOMETRIC_REPRESENTATION_CONTEXT(2) 
PARAMETRIC_REPRESENTATION_CONTEXT() REPRESENTATION_CONTEXT('2D SPACE',''
  ) );
#523 = ORIENTED_EDGE('',*,*,#524,.F.);
#524 = EDGE_CURVE('',#447,#499,#525,.T.);
#525 = SURFACE_CURVE('',#526,(#530,#536),.PCURVE_S1.);
#526 = LINE('',#527,#528);
#527 = CARTESIAN_POINT('',(8.5,-48.5,2.));
#528 = VECTOR('',#529,1.);
#529 = DIRECTION('',(0.,0.,-1.));
#530 = PCURVE('',#116,#531);
#531 = DEFINITIONAL_REPRESENTATION('',(#532),#535);
#532 = B_SPLINE_CURVE_WITH_KNOTS('',1,(#533,#534),.UNSPECIFIED.,.F.,.F.,
  (2,2),(-12.,-2.),.PIECEWISE_BEZIER_KNOTS.);
#533 = CARTESIAN_POINT('',(14.,50.935244785438));
#534 = CARTESIAN_POINT('',(4.,50.935244785438));
#535 = ( GEOMETRIC_REPRESENTATION_CONTEXT(2) 
PARAMETRIC_REPRESENTATION_CONTEXT() REPRESENTATION_CONTEXT('2D SPACE',''
  ) );
#536 = PCURVE('',#537,#542);
#537 = PLANE('',#538);
#538 = AXIS2_PLACEMENT_3D('',#539,#540,#541);
#539 = CARTESIAN_POINT('',(8.5,-68.,4.));
#540 = DIRECTION('',(1.,0.,0.));
#541 = DIRECTION('',(0.,0.,1.));
#542 = DEFINITIONAL_REPRESENTATION('',(#543),#546);
#543 = B_SPLINE_CURVE_WITH_KNOTS('',1,(#544,#545),.UNSPECIFIED.,.F.,.F.,
  (2,2),(-12.,-2.),.PIECEWISE_BEZIER_KNOTS.);
#544 = CARTESIAN_POINT('',(10.,-19.5));
#545 = CARTESIAN_POINT('',(0.,-19.5));
#546 = ( GEOMETRIC_REPRESENTATION_CONTEXT(2) 
PARAMETRIC_REPRESENTATION_CONTEXT() REPRESENTATION_CONTEXT('2D SPACE',''
  ) );
#547 = ADVANCED_FACE('',(#548),#254,.F.);
#548 = FACE_BOUND('',#549,.F.);
#549 = EDGE_LOOP('',(#550,#551,#574,#595));
#550 = ORIENTED_EDGE('',*,*,#240,.F.);
#551 = ORIENTED_EDGE('',*,*,#552,.T.);
#552 = EDGE_CURVE('',#213,#553,#555,.T.);
#553 = VERTEX_POINT('',#554);
#554 = CARTESIAN_POINT('',(-18.5919780457,-44.79774941164,15.6));
#555 = SURFACE_CURVE('',#556,(#560,#567),.PCURVE_S1.);
#556 = LINE('',#557,#558);
#557 = CARTESIAN_POINT('',(-18.5919780457,-44.79774941164,0.));
#558 = VECTOR('',#559,1.);
#559 = DIRECTION('',(0.,0.,1.));
#560 = PCURVE('',#254,#561);
#561 = DEFINITIONAL_REPRESENTATION('',(#562),#566);
#562 = LINE('',#563,#564);
#563 = CARTESIAN_POINT('',(0.,0.));
#564 = VECTOR('',#565,1.);
#565 = DIRECTION('',(1.,0.));
#566 = ( GEOMETRIC_REPRESENTATION_CONTEXT(2) 
PARAMETRIC_REPRESENTATION_CONTEXT() REPRESENTATION_CONTEXT('2D SPACE',''
  ) );
#567 = PCURVE('',#228,#568);
#568 = DEFINITIONAL_REPRESENTATION('',(#569),#573);
#569 = LINE('',#570,#571);
#570 = CARTESIAN_POINT('',(0.,-59.));
#571 = VECTOR('',#572,1.);
#572 = DIRECTION('',(1.,0.));
#573 = ( GEOMETRIC_REPRESENTATION_CONTEXT(2) 
PARAMETRIC_REPRESENTATION_CONTEXT() REPRESENTATION_CONTEXT('2D SPACE',''
  ) );
#574 = ORIENTED_EDGE('',*,*,#575,.T.);
#575 = EDGE_CURVE('',#553,#271,#576,.T.);
#576 = SURFACE_CURVE('',#577,(#581,#588),.PCURVE_S1.);
#577 = LINE('',#578,#579);
#578 = CARTESIAN_POINT('',(-18.5919780457,-44.79774941164,15.6));
#579 = VECTOR('',#580,1.);
#580 = DIRECTION('',(-0.866025403784,-0.5,0.));
#581 = PCURVE('',#254,#582);
#582 = DEFINITIONAL_REPRESENTATION('',(#583),#587);
#583 = LINE('',#584,#585);
#584 = CARTESIAN_POINT('',(15.6,0.));
#585 = VECTOR('',#586,1.);
#586 = DIRECTION('',(0.,1.));
#587 = ( GEOMETRIC_REPRESENTATION_CONTEXT(2) 
PARAMETRIC_REPRESENTATION_CONTEXT() REPRESENTATION_CONTEXT('2D SPACE',''
  ) );
#588 = PCURVE('',#306,#589);
#589 = DEFINITIONAL_REPRESENTATION('',(#590),#594);
#590 = LINE('',#591,#592);
#591 = CARTESIAN_POINT('',(-32.20225058835,-18.5919780457));
#592 = VECTOR('',#593,1.);
#593 = DIRECTION('',(-0.5,-0.866025403784));
#594 = ( GEOMETRIC_REPRESENTATION_CONTEXT(2) 
PARAMETRIC_REPRESENTATION_CONTEXT() REPRESENTATION_CONTEXT('2D SPACE',''
  ) );
#595 = ORIENTED_EDGE('',*,*,#270,.T.);
#596 = ADVANCED_FACE('',(#597),#228,.T.);
#597 = FACE_BOUND('',#598,.T.);
#598 = EDGE_LOOP('',(#599,#622,#641,#642));
#599 = ORIENTED_EDGE('',*,*,#600,.F.);
#600 = EDGE_CURVE('',#601,#553,#603,.T.);
#601 = VERTEX_POINT('',#602);
#602 = CARTESIAN_POINT('',(-19.05255888325,-44.,15.6));
#603 = SURFACE_CURVE('',#604,(#608,#615),.PCURVE_S1.);
#604 = LINE('',#605,#606);
#605 = CARTESIAN_POINT('',(-48.0919780457,6.297749411641,15.6));
#606 = VECTOR('',#607,1.);
#607 = DIRECTION('',(0.5,-0.866025403784,0.));
#608 = PCURVE('',#228,#609);
#609 = DEFINITIONAL_REPRESENTATION('',(#610),#614);
#610 = LINE('',#611,#612);
#611 = CARTESIAN_POINT('',(15.6,0.));
#612 = VECTOR('',#613,1.);
#613 = DIRECTION('',(0.,-1.));
#614 = ( GEOMETRIC_REPRESENTATION_CONTEXT(2) 
PARAMETRIC_REPRESENTATION_CONTEXT() REPRESENTATION_CONTEXT('2D SPACE',''
  ) );
#615 = PCURVE('',#306,#616);
#616 = DEFINITIONAL_REPRESENTATION('',(#617),#621);
#617 = LINE('',#618,#619);
#618 = CARTESIAN_POINT('',(-83.29774941164,10.908021954299));
#619 = VECTOR('',#620,1.);
#620 = DIRECTION('',(0.866025403784,-0.5));
#621 = ( GEOMETRIC_REPRESENTATION_CONTEXT(2) 
PARAMETRIC_REPRESENTATION_CONTEXT() REPRESENTATION_CONTEXT('2D SPACE',''
  ) );
#622 = ORIENTED_EDGE('',*,*,#623,.F.);
#623 = EDGE_CURVE('',#185,#601,#624,.T.);
#624 = SURFACE_CURVE('',#625,(#629,#635),.PCURVE_S1.);
#625 = LINE('',#626,#627);
#626 = CARTESIAN_POINT('',(-19.05255888325,-44.,0.));
#627 = VECTOR('',#628,1.);
#628 = DIRECTION('',(0.,-0.,1.));
#629 = PCURVE('',#228,#630);
#630 = DEFINITIONAL_REPRESENTATION('',(#631),#634);
#631 = B_SPLINE_CURVE_WITH_KNOTS('',1,(#632,#633),.UNSPECIFIED.,.F.,.F.,
  (2,2),(0.,15.6),.PIECEWISE_BEZIER_KNOTS.);
#632 = CARTESIAN_POINT('',(0.,-58.07883832488));
#633 = CARTESIAN_POINT('',(15.6,-58.07883832488));
#634 = ( GEOMETRIC_REPRESENTATION_CONTEXT(2) 
PARAMETRIC_REPRESENTATION_CONTEXT() REPRESENTATION_CONTEXT('2D SPACE',''
  ) );
#635 = PCURVE('',#200,#636);
#636 = DEFINITIONAL_REPRESENTATION('',(#637),#640);
#637 = B_SPLINE_CURVE_WITH_KNOTS('',1,(#638,#639),.UNSPECIFIED.,.F.,.F.,
  (2,2),(0.,15.6),.PIECEWISE_BEZIER_KNOTS.);
#638 = CARTESIAN_POINT('',(0.,20.784609690827));
#639 = CARTESIAN_POINT('',(15.6,20.784609690827));
#640 = ( GEOMETRIC_REPRESENTATION_CONTEXT(2) 
PARAMETRIC_REPRESENTATION_CONTEXT() REPRESENTATION_CONTEXT('2D SPACE',''
  ) );
#641 = ORIENTED_EDGE('',*,*,#212,.T.);
#642 = ORIENTED_EDGE('',*,*,#552,.T.);
#643 = ADVANCED_FACE('',(#644),#200,.T.);
#644 = FACE_BOUND('',#645,.T.);
#645 = EDGE_LOOP('',(#646,#647,#648,#671));
#646 = ORIENTED_EDGE('',*,*,#184,.F.);
#647 = ORIENTED_EDGE('',*,*,#623,.T.);
#648 = ORIENTED_EDGE('',*,*,#649,.T.);
#649 = EDGE_CURVE('',#601,#650,#652,.T.);
#650 = VERTEX_POINT('',#651);
#651 = CARTESIAN_POINT('',(19.052558883258,-44.,15.6));
#652 = SURFACE_CURVE('',#653,(#657,#664),.PCURVE_S1.);
#653 = LINE('',#654,#655);
#654 = CARTESIAN_POINT('',(-39.83716857408,-44.,15.6));
#655 = VECTOR('',#656,1.);
#656 = DIRECTION('',(1.,-2.229521955227E-16,0.));
#657 = PCURVE('',#200,#658);
#658 = DEFINITIONAL_REPRESENTATION('',(#659),#663);
#659 = LINE('',#660,#661);
#660 = CARTESIAN_POINT('',(15.6,0.));
#661 = VECTOR('',#662,1.);
#662 = DIRECTION('',(0.,1.));
#663 = ( GEOMETRIC_REPRESENTATION_CONTEXT(2) 
PARAMETRIC_REPRESENTATION_CONTEXT() REPRESENTATION_CONTEXT('2D SPACE',''
  ) );
#664 = PCURVE('',#306,#665);
#665 = DEFINITIONAL_REPRESENTATION('',(#666),#670);
#666 = LINE('',#667,#668);
#667 = CARTESIAN_POINT('',(-51.,-28.52370205355));
#668 = VECTOR('',#669,1.);
#669 = DIRECTION('',(0.866025403784,0.5));
#670 = ( GEOMETRIC_REPRESENTATION_CONTEXT(2) 
PARAMETRIC_REPRESENTATION_CONTEXT() REPRESENTATION_CONTEXT('2D SPACE',''
  ) );
#671 = ORIENTED_EDGE('',*,*,#672,.T.);
#672 = EDGE_CURVE('',#650,#157,#673,.T.);
#673 = SURFACE_CURVE('',#674,(#678,#684),.PCURVE_S1.);
#674 = LINE('',#675,#676);
#675 = CARTESIAN_POINT('',(19.052558883258,-44.,0.));
#676 = VECTOR('',#677,1.);
#677 = DIRECTION('',(0.,0.,-1.));
#678 = PCURVE('',#200,#679);
#679 = DEFINITIONAL_REPRESENTATION('',(#680),#683);
#680 = B_SPLINE_CURVE_WITH_KNOTS('',1,(#681,#682),.UNSPECIFIED.,.F.,.F.,
  (2,2),(-15.6,-0.),.PIECEWISE_BEZIER_KNOTS.);
#681 = CARTESIAN_POINT('',(15.6,58.889727457342));
#682 = CARTESIAN_POINT('',(0.,58.889727457342));
#683 = ( GEOMETRIC_REPRESENTATION_CONTEXT(2) 
PARAMETRIC_REPRESENTATION_CONTEXT() REPRESENTATION_CONTEXT('2D SPACE',''
  ) );
#684 = PCURVE('',#172,#685);
#685 = DEFINITIONAL_REPRESENTATION('',(#686),#689);
#686 = B_SPLINE_CURVE_WITH_KNOTS('',1,(#687,#688),.UNSPECIFIED.,.F.,.F.,
  (2,2),(-15.6,-0.),.PIECEWISE_BEZIER_KNOTS.);
#687 = CARTESIAN_POINT('',(15.6,-0.921161675114));
#688 = CARTESIAN_POINT('',(0.,-0.921161675114));
#689 = ( GEOMETRIC_REPRESENTATION_CONTEXT(2) 
PARAMETRIC_REPRESENTATION_CONTEXT() REPRESENTATION_CONTEXT('2D SPACE',''
  ) );
#690 = ADVANCED_FACE('',(#691),#172,.T.);
#691 = FACE_BOUND('',#692,.T.);
#692 = EDGE_LOOP('',(#693,#716,#737,#738));
#693 = ORIENTED_EDGE('',*,*,#694,.F.);
#694 = EDGE_CURVE('',#695,#650,#697,.T.);
#695 = VERTEX_POINT('',#696);
#696 = CARTESIAN_POINT('',(18.591978045701,-44.79774941164,15.6));
#697 = SURFACE_CURVE('',#698,(#702,#709),.PCURVE_S1.);
#698 = LINE('',#699,#700);
#699 = CARTESIAN_POINT('',(18.591978045701,-44.79774941164,15.6));
#700 = VECTOR('',#701,1.);
#701 = DIRECTION('',(0.5,0.866025403784,0.));
#702 = PCURVE('',#172,#703);
#703 = DEFINITIONAL_REPRESENTATION('',(#704),#708);
#704 = LINE('',#705,#706);
#705 = CARTESIAN_POINT('',(15.6,0.));
#706 = VECTOR('',#707,1.);
#707 = DIRECTION('',(0.,-1.));
#708 = ( GEOMETRIC_REPRESENTATION_CONTEXT(2) 
PARAMETRIC_REPRESENTATION_CONTEXT() REPRESENTATION_CONTEXT('2D SPACE',''
  ) );
#709 = PCURVE('',#306,#710);
#710 = DEFINITIONAL_REPRESENTATION('',(#711),#715);
#711 = LINE('',#712,#713);
#712 = CARTESIAN_POINT('',(0.,0.));
#713 = VECTOR('',#714,1.);
#714 = DIRECTION('',(0.,1.));
#715 = ( GEOMETRIC_REPRESENTATION_CONTEXT(2) 
PARAMETRIC_REPRESENTATION_CONTEXT() REPRESENTATION_CONTEXT('2D SPACE',''
  ) );
#716 = ORIENTED_EDGE('',*,*,#717,.F.);
#717 = EDGE_CURVE('',#129,#695,#718,.T.);
#718 = SURFACE_CURVE('',#719,(#723,#730),.PCURVE_S1.);
#719 = LINE('',#720,#721);
#720 = CARTESIAN_POINT('',(18.591978045701,-44.79774941164,0.));
#721 = VECTOR('',#722,1.);
#722 = DIRECTION('',(0.,0.,1.));
#723 = PCURVE('',#172,#724);
#724 = DEFINITIONAL_REPRESENTATION('',(#725),#729);
#725 = LINE('',#726,#727);
#726 = CARTESIAN_POINT('',(0.,0.));
#727 = VECTOR('',#728,1.);
#728 = DIRECTION('',(1.,0.));
#729 = ( GEOMETRIC_REPRESENTATION_CONTEXT(2) 
PARAMETRIC_REPRESENTATION_CONTEXT() REPRESENTATION_CONTEXT('2D SPACE',''
  ) );
#730 = PCURVE('',#144,#731);
#731 = DEFINITIONAL_REPRESENTATION('',(#732),#736);
#732 = LINE('',#733,#734);
#733 = CARTESIAN_POINT('',(0.,0.));
#734 = VECTOR('',#735,1.);
#735 = DIRECTION('',(1.,0.));
#736 = ( GEOMETRIC_REPRESENTATION_CONTEXT(2) 
PARAMETRIC_REPRESENTATION_CONTEXT() REPRESENTATION_CONTEXT('2D SPACE',''
  ) );
#737 = ORIENTED_EDGE('',*,*,#156,.T.);
#738 = ORIENTED_EDGE('',*,*,#672,.F.);
#739 = ADVANCED_FACE('',(#740),#144,.T.);
#740 = FACE_BOUND('',#741,.T.);
#741 = EDGE_LOOP('',(#742,#743,#744,#765));
#742 = ORIENTED_EDGE('',*,*,#128,.F.);
#743 = ORIENTED_EDGE('',*,*,#717,.T.);
#744 = ORIENTED_EDGE('',*,*,#745,.T.);
#745 = EDGE_CURVE('',#695,#402,#746,.T.);
#746 = SURFACE_CURVE('',#747,(#751,#758),.PCURVE_S1.);
#747 = LINE('',#748,#749);
#748 = CARTESIAN_POINT('',(18.591978045701,-44.79774941164,15.6));
#749 = VECTOR('',#750,1.);
#750 = DIRECTION('',(0.866025403784,-0.5,0.));
#751 = PCURVE('',#144,#752);
#752 = DEFINITIONAL_REPRESENTATION('',(#753),#757);
#753 = LINE('',#754,#755);
#754 = CARTESIAN_POINT('',(15.6,0.));
#755 = VECTOR('',#756,1.);
#756 = DIRECTION('',(0.,1.));
#757 = ( GEOMETRIC_REPRESENTATION_CONTEXT(2) 
PARAMETRIC_REPRESENTATION_CONTEXT() REPRESENTATION_CONTEXT('2D SPACE',''
  ) );
#758 = PCURVE('',#306,#759);
#759 = DEFINITIONAL_REPRESENTATION('',(#760),#764);
#760 = LINE('',#761,#762);
#761 = CARTESIAN_POINT('',(0.,0.));
#762 = VECTOR('',#763,1.);
#763 = DIRECTION('',(1.,0.));
#764 = ( GEOMETRIC_REPRESENTATION_CONTEXT(2) 
PARAMETRIC_REPRESENTATION_CONTEXT() REPRESENTATION_CONTEXT('2D SPACE',''
  ) );
#765 = ORIENTED_EDGE('',*,*,#423,.T.);
#766 = ADVANCED_FACE('',(#767,#1241,#1361,#1481,#1601,#1721),#306,.F.);
#767 = FACE_BOUND('',#768,.F.);
#768 = EDGE_LOOP('',(#769,#770,#771,#772,#800,#827,#855,#883,#911,#939,
    #967,#989,#1022,#1049,#1077,#1105,#1133,#1161,#1189,#1211,#1237,
    #1238,#1239,#1240));
#769 = ORIENTED_EDGE('',*,*,#694,.F.);
#770 = ORIENTED_EDGE('',*,*,#745,.T.);
#771 = ORIENTED_EDGE('',*,*,#401,.T.);
#772 = ORIENTED_EDGE('',*,*,#773,.F.);
#773 = EDGE_CURVE('',#774,#375,#776,.T.);
#774 = VERTEX_POINT('',#775);
#775 = CARTESIAN_POINT('',(63.219854476264,-12.5,15.6));
#776 = SURFACE_CURVE('',#777,(#782,#793),.PCURVE_S1.);
#777 = CIRCLE('',#778,24.);
#778 = AXIS2_PLACEMENT_3D('',#779,#780,#781);
#779 = CARTESIAN_POINT('',(42.435244785437,-24.5,15.6));
#780 = DIRECTION('',(0.,0.,-1.));
#781 = DIRECTION('',(1.,0.,0.));
#782 = PCURVE('',#306,#783);
#783 = DEFINITIONAL_REPRESENTATION('',(#784),#792);
#784 = ( BOUNDED_CURVE() B_SPLINE_CURVE(2,(#785,#786,#787,#788,#789,#790
,#791),.UNSPECIFIED.,.T.,.F.) B_SPLINE_CURVE_WITH_KNOTS((1,2,2,2,2,1),(
    -2.094395102393,0.,2.094395102393,4.188790204786,6.28318530718,
8.377580409573),.UNSPECIFIED.) CURVE() GEOMETRIC_REPRESENTATION_ITEM() 
RATIONAL_B_SPLINE_CURVE((1.,0.5,1.,0.5,1.,0.5,1.)) REPRESENTATION_ITEM(
  '') );
#785 = CARTESIAN_POINT('',(31.284609690827,41.5));
#786 = CARTESIAN_POINT('',(52.069219381653,5.5));
#787 = CARTESIAN_POINT('',(10.5,5.5));
#788 = CARTESIAN_POINT('',(-31.06921938165,5.5));
#789 = CARTESIAN_POINT('',(-10.28460969082,41.5));
#790 = CARTESIAN_POINT('',(10.5,77.5));
#791 = CARTESIAN_POINT('',(31.284609690827,41.5));
#792 = ( GEOMETRIC_REPRESENTATION_CONTEXT(2) 
PARAMETRIC_REPRESENTATION_CONTEXT() REPRESENTATION_CONTEXT('2D SPACE',''
  ) );
#793 = PCURVE('',#390,#794);
#794 = DEFINITIONAL_REPRESENTATION('',(#795),#799);
#795 = LINE('',#796,#797);
#796 = CARTESIAN_POINT('',(-12.56637061435,-15.6));
#797 = VECTOR('',#798,1.);
#798 = DIRECTION('',(1.,-0.));
#799 = ( GEOMETRIC_REPRESENTATION_CONTEXT(2) 
PARAMETRIC_REPRESENTATION_CONTEXT() REPRESENTATION_CONTEXT('2D SPACE',''
  ) );
#800 = ORIENTED_EDGE('',*,*,#801,.T.);
#801 = EDGE_CURVE('',#774,#802,#804,.T.);
#802 = VERTEX_POINT('',#803);
#803 = CARTESIAN_POINT('',(54.504464167091,2.595498823282,15.6));
#804 = SURFACE_CURVE('',#805,(#809,#816),.PCURVE_S1.);
#805 = LINE('',#806,#807);
#806 = CARTESIAN_POINT('',(64.63403779133,-14.94943735291,15.6));
#807 = VECTOR('',#808,1.);
#808 = DIRECTION('',(-0.5,0.866025403784,0.));
#809 = PCURVE('',#306,#810);
#810 = DEFINITIONAL_REPRESENTATION('',(#811),#815);
#811 = LINE('',#812,#813);
#812 = CARTESIAN_POINT('',(24.94943735291,48.870426375761));
#813 = VECTOR('',#814,1.);
#814 = DIRECTION('',(-0.866025403784,0.5));
#815 = ( GEOMETRIC_REPRESENTATION_CONTEXT(2) 
PARAMETRIC_REPRESENTATION_CONTEXT() REPRESENTATION_CONTEXT('2D SPACE',''
  ) );
#816 = PCURVE('',#817,#822);
#817 = PLANE('',#818);
#818 = AXIS2_PLACEMENT_3D('',#819,#820,#821);
#819 = CARTESIAN_POINT('',(63.219854476264,-12.5,0.));
#820 = DIRECTION('',(-0.866025403784,-0.5,0.));
#821 = DIRECTION('',(0.,0.,1.));
#822 = DEFINITIONAL_REPRESENTATION('',(#823),#826);
#823 = B_SPLINE_CURVE_WITH_KNOTS('',1,(#824,#825),.UNSPECIFIED.,.F.,.F.,
  (2,2),(2.828366630132,20.259147248479),.PIECEWISE_BEZIER_KNOTS.);
#824 = CARTESIAN_POINT('',(15.6,0.));
#825 = CARTESIAN_POINT('',(15.6,17.430780618347));
#826 = ( GEOMETRIC_REPRESENTATION_CONTEXT(2) 
PARAMETRIC_REPRESENTATION_CONTEXT() REPRESENTATION_CONTEXT('2D SPACE',''
  ) );
#827 = ORIENTED_EDGE('',*,*,#828,.F.);
#828 = EDGE_CURVE('',#829,#802,#831,.T.);
#829 = VERTEX_POINT('',#830);
#830 = CARTESIAN_POINT('',(48.091978045701,6.297749411641,15.6));
#831 = SURFACE_CURVE('',#832,(#836,#843),.PCURVE_S1.);
#832 = LINE('',#833,#834);
#833 = CARTESIAN_POINT('',(48.091978045701,6.297749411641,15.6));
#834 = VECTOR('',#835,1.);
#835 = DIRECTION('',(0.866025403784,-0.5,0.));
#836 = PCURVE('',#306,#837);
#837 = DEFINITIONAL_REPRESENTATION('',(#838),#842);
#838 = LINE('',#839,#840);
#839 = CARTESIAN_POINT('',(-7.105427357601E-15,59.));
#840 = VECTOR('',#841,1.);
#841 = DIRECTION('',(1.,0.));
#842 = ( GEOMETRIC_REPRESENTATION_CONTEXT(2) 
PARAMETRIC_REPRESENTATION_CONTEXT() REPRESENTATION_CONTEXT('2D SPACE',''
  ) );
#843 = PCURVE('',#844,#849);
#844 = PLANE('',#845);
#845 = AXIS2_PLACEMENT_3D('',#846,#847,#848);
#846 = CARTESIAN_POINT('',(48.091978045701,6.297749411641,0.));
#847 = DIRECTION('',(0.5,0.866025403784,0.));
#848 = DIRECTION('',(0.,0.,1.));
#849 = DEFINITIONAL_REPRESENTATION('',(#850),#854);
#850 = LINE('',#851,#852);
#851 = CARTESIAN_POINT('',(15.6,0.));
#852 = VECTOR('',#853,1.);
#853 = DIRECTION('',(0.,1.));
#854 = ( GEOMETRIC_REPRESENTATION_CONTEXT(2) 
PARAMETRIC_REPRESENTATION_CONTEXT() REPRESENTATION_CONTEXT('2D SPACE',''
  ) );
#855 = ORIENTED_EDGE('',*,*,#856,.F.);
#856 = EDGE_CURVE('',#857,#829,#859,.T.);
#857 = VERTEX_POINT('',#858);
#858 = CARTESIAN_POINT('',(47.631397208144,5.5,15.6));
#859 = SURFACE_CURVE('',#860,(#864,#871),.PCURVE_S1.);
#860 = LINE('',#861,#862);
#861 = CARTESIAN_POINT('',(18.591978045701,-44.79774941164,15.6));
#862 = VECTOR('',#863,1.);
#863 = DIRECTION('',(0.5,0.866025403784,0.));
#864 = PCURVE('',#306,#865);
#865 = DEFINITIONAL_REPRESENTATION('',(#866),#870);
#866 = LINE('',#867,#868);
#867 = CARTESIAN_POINT('',(0.,0.));
#868 = VECTOR('',#869,1.);
#869 = DIRECTION('',(0.,1.));
#870 = ( GEOMETRIC_REPRESENTATION_CONTEXT(2) 
PARAMETRIC_REPRESENTATION_CONTEXT() REPRESENTATION_CONTEXT('2D SPACE',''
  ) );
#871 = PCURVE('',#872,#877);
#872 = PLANE('',#873);
#873 = AXIS2_PLACEMENT_3D('',#874,#875,#876);
#874 = CARTESIAN_POINT('',(18.591978045701,-44.79774941164,0.));
#875 = DIRECTION('',(0.866025403784,-0.5,0.));
#876 = DIRECTION('',(0.,0.,1.));
#877 = DEFINITIONAL_REPRESENTATION('',(#878),#882);
#878 = LINE('',#879,#880);
#879 = CARTESIAN_POINT('',(15.6,0.));
#880 = VECTOR('',#881,1.);
#881 = DIRECTION('',(0.,-1.));
#882 = ( GEOMETRIC_REPRESENTATION_CONTEXT(2) 
PARAMETRIC_REPRESENTATION_CONTEXT() REPRESENTATION_CONTEXT('2D SPACE',''
  ) );
#883 = ORIENTED_EDGE('',*,*,#884,.T.);
#884 = EDGE_CURVE('',#857,#885,#887,.T.);
#885 = VERTEX_POINT('',#886);
#886 = CARTESIAN_POINT('',(28.578838324886,38.5,15.6));
#887 = SURFACE_CURVE('',#888,(#892,#899),.PCURVE_S1.);
#888 = LINE('',#889,#890);
#889 = CARTESIAN_POINT('',(58.023702053557,-12.5,15.6));
#890 = VECTOR('',#891,1.);
#891 = DIRECTION('',(-0.5,0.866025403784,0.));
#892 = PCURVE('',#306,#893);
#893 = DEFINITIONAL_REPRESENTATION('',(#894),#898);
#894 = LINE('',#895,#896);
#895 = CARTESIAN_POINT('',(18.,47.686533479473));
#896 = VECTOR('',#897,1.);
#897 = DIRECTION('',(-0.866025403784,0.5));
#898 = ( GEOMETRIC_REPRESENTATION_CONTEXT(2) 
PARAMETRIC_REPRESENTATION_CONTEXT() REPRESENTATION_CONTEXT('2D SPACE',''
  ) );
#899 = PCURVE('',#900,#905);
#900 = PLANE('',#901);
#901 = AXIS2_PLACEMENT_3D('',#902,#903,#904);
#902 = CARTESIAN_POINT('',(58.023702053557,-12.5,0.));
#903 = DIRECTION('',(-0.866025403784,-0.5,0.));
#904 = DIRECTION('',(0.,0.,1.));
#905 = DEFINITIONAL_REPRESENTATION('',(#906),#910);
#906 = LINE('',#907,#908);
#907 = CARTESIAN_POINT('',(15.6,0.));
#908 = VECTOR('',#909,1.);
#909 = DIRECTION('',(0.,1.));
#910 = ( GEOMETRIC_REPRESENTATION_CONTEXT(2) 
PARAMETRIC_REPRESENTATION_CONTEXT() REPRESENTATION_CONTEXT('2D SPACE',''
  ) );
#911 = ORIENTED_EDGE('',*,*,#912,.F.);
#912 = EDGE_CURVE('',#913,#885,#915,.T.);
#913 = VERTEX_POINT('',#914);
#914 = CARTESIAN_POINT('',(29.5,38.5,15.6));
#915 = SURFACE_CURVE('',#916,(#920,#927),.PCURVE_S1.);
#916 = LINE('',#917,#918);
#917 = CARTESIAN_POINT('',(29.5,38.5,15.6));
#918 = VECTOR('',#919,1.);
#919 = DIRECTION('',(-1.,1.110223024625E-16,0.));
#920 = PCURVE('',#306,#921);
#921 = DEFINITIONAL_REPRESENTATION('',(#922),#926);
#922 = LINE('',#923,#924);
#923 = CARTESIAN_POINT('',(-32.20225058835,77.591978045701));
#924 = VECTOR('',#925,1.);
#925 = DIRECTION('',(-0.866025403784,-0.5));
#926 = ( GEOMETRIC_REPRESENTATION_CONTEXT(2) 
PARAMETRIC_REPRESENTATION_CONTEXT() REPRESENTATION_CONTEXT('2D SPACE',''
  ) );
#927 = PCURVE('',#928,#933);
#928 = PLANE('',#929);
#929 = AXIS2_PLACEMENT_3D('',#930,#931,#932);
#930 = CARTESIAN_POINT('',(29.5,38.5,0.));
#931 = DIRECTION('',(1.110223024625E-16,1.,0.));
#932 = DIRECTION('',(0.,0.,1.));
#933 = DEFINITIONAL_REPRESENTATION('',(#934),#938);
#934 = LINE('',#935,#936);
#935 = CARTESIAN_POINT('',(15.6,0.));
#936 = VECTOR('',#937,1.);
#937 = DIRECTION('',(0.,-1.));
#938 = ( GEOMETRIC_REPRESENTATION_CONTEXT(2) 
PARAMETRIC_REPRESENTATION_CONTEXT() REPRESENTATION_CONTEXT('2D SPACE',''
  ) );
#939 = ORIENTED_EDGE('',*,*,#940,.T.);
#940 = EDGE_CURVE('',#913,#941,#943,.T.);
#941 = VERTEX_POINT('',#942);
#942 = CARTESIAN_POINT('',(29.5,45.904501176718,15.6));
#943 = SURFACE_CURVE('',#944,(#948,#955),.PCURVE_S1.);
#944 = LINE('',#945,#946);
#945 = CARTESIAN_POINT('',(29.5,38.5,15.6));
#946 = VECTOR('',#947,1.);
#947 = DIRECTION('',(1.110223024625E-16,1.,0.));
#948 = PCURVE('',#306,#949);
#949 = DEFINITIONAL_REPRESENTATION('',(#950),#954);
#950 = LINE('',#951,#952);
#951 = CARTESIAN_POINT('',(-32.20225058835,77.591978045701));
#952 = VECTOR('',#953,1.);
#953 = DIRECTION('',(-0.5,0.866025403784));
#954 = ( GEOMETRIC_REPRESENTATION_CONTEXT(2) 
PARAMETRIC_REPRESENTATION_CONTEXT() REPRESENTATION_CONTEXT('2D SPACE',''
  ) );
#955 = PCURVE('',#956,#961);
#956 = PLANE('',#957);
#957 = AXIS2_PLACEMENT_3D('',#958,#959,#960);
#958 = CARTESIAN_POINT('',(29.5,38.5,0.));
#959 = DIRECTION('',(-1.,1.110223024625E-16,0.));
#960 = DIRECTION('',(0.,0.,1.));
#961 = DEFINITIONAL_REPRESENTATION('',(#962),#966);
#962 = LINE('',#963,#964);
#963 = CARTESIAN_POINT('',(15.6,0.));
#964 = VECTOR('',#965,1.);
#965 = DIRECTION('',(0.,1.));
#966 = ( GEOMETRIC_REPRESENTATION_CONTEXT(2) 
PARAMETRIC_REPRESENTATION_CONTEXT() REPRESENTATION_CONTEXT('2D SPACE',''
  ) );
#967 = ORIENTED_EDGE('',*,*,#968,.T.);
#968 = EDGE_CURVE('',#941,#969,#971,.T.);
#969 = VERTEX_POINT('',#970);
#970 = CARTESIAN_POINT('',(20.784609690827,61.,15.6));
#971 = SURFACE_CURVE('',#972,(#976,#983),.PCURVE_S1.);
#972 = LINE('',#973,#974);
#973 = CARTESIAN_POINT('',(47.963048768479,13.92556264709,15.6));
#974 = VECTOR('',#975,1.);
#975 = DIRECTION('',(-0.5,0.866025403784,0.));
#976 = PCURVE('',#306,#977);
#977 = DEFINITIONAL_REPRESENTATION('',(#978),#982);
#978 = LINE('',#979,#980);
#979 = CARTESIAN_POINT('',(-3.92556264709,65.541415398611));
#980 = VECTOR('',#981,1.);
#981 = DIRECTION('',(-0.866025403784,0.5));
#982 = ( GEOMETRIC_REPRESENTATION_CONTEXT(2) 
PARAMETRIC_REPRESENTATION_CONTEXT() REPRESENTATION_CONTEXT('2D SPACE',''
  ) );
#983 = PCURVE('',#817,#984);
#984 = DEFINITIONAL_REPRESENTATION('',(#985),#988);
#985 = B_SPLINE_CURVE_WITH_KNOTS('',1,(#986,#987),.UNSPECIFIED.,.F.,.F.,
  (2,2),(36.926097536959,54.356878155306),.PIECEWISE_BEZIER_KNOTS.);
#986 = CARTESIAN_POINT('',(15.6,67.439708952528));
#987 = CARTESIAN_POINT('',(15.6,84.870489570875));
#988 = ( GEOMETRIC_REPRESENTATION_CONTEXT(2) 
PARAMETRIC_REPRESENTATION_CONTEXT() REPRESENTATION_CONTEXT('2D SPACE',''
  ) );
#989 = ORIENTED_EDGE('',*,*,#990,.F.);
#990 = EDGE_CURVE('',#991,#969,#993,.T.);
#991 = VERTEX_POINT('',#992);
#992 = CARTESIAN_POINT('',(-20.78460969082,61.,15.6));
#993 = SURFACE_CURVE('',#994,(#999,#1010),.PCURVE_S1.);
#994 = CIRCLE('',#995,24.);
#995 = AXIS2_PLACEMENT_3D('',#996,#997,#998);
#996 = CARTESIAN_POINT('',(3.000384657911E-15,49.,15.6));
#997 = DIRECTION('',(0.,0.,-1.));
#998 = DIRECTION('',(1.,0.,0.));
#999 = PCURVE('',#306,#1000);
#1000 = DEFINITIONAL_REPRESENTATION('',(#1001),#1009);
#1001 = ( BOUNDED_CURVE() B_SPLINE_CURVE(2,(#1002,#1003,#1004,#1005,
#1006,#1007,#1008),.UNSPECIFIED.,.T.,.F.) B_SPLINE_CURVE_WITH_KNOTS((1,2
    ,2,2,2,1),(-2.094395102393,0.,2.094395102393,4.188790204786,
6.28318530718,8.377580409573),.UNSPECIFIED.) CURVE() 
GEOMETRIC_REPRESENTATION_ITEM() RATIONAL_B_SPLINE_CURVE((1.,0.5,1.,0.5,
1.,0.5,1.)) REPRESENTATION_ITEM('') );
#1002 = CARTESIAN_POINT('',(-42.21539030917,83.935244785437));
#1003 = CARTESIAN_POINT('',(-21.43078061834,47.935244785438));
#1004 = CARTESIAN_POINT('',(-63.,47.935244785437));
#1005 = CARTESIAN_POINT('',(-104.5692193816,47.935244785437));
#1006 = CARTESIAN_POINT('',(-83.78460969082,83.935244785437));
#1007 = CARTESIAN_POINT('',(-63.,119.93524478543));
#1008 = CARTESIAN_POINT('',(-42.21539030917,83.935244785437));
#1009 = ( GEOMETRIC_REPRESENTATION_CONTEXT(2) 
PARAMETRIC_REPRESENTATION_CONTEXT() REPRESENTATION_CONTEXT('2D SPACE',''
  ) );
#1010 = PCURVE('',#1011,#1016);
#1011 = CYLINDRICAL_SURFACE('',#1012,24.);
#1012 = AXIS2_PLACEMENT_3D('',#1013,#1014,#1015);
#1013 = CARTESIAN_POINT('',(3.000384657911E-15,49.,0.));
#1014 = DIRECTION('',(-0.,-0.,-1.));
#1015 = DIRECTION('',(1.,0.,0.));
#1016 = DEFINITIONAL_REPRESENTATION('',(#1017),#1021);
#1017 = LINE('',#1018,#1019);
#1018 = CARTESIAN_POINT('',(-12.56637061435,-15.6));
#1019 = VECTOR('',#1020,1.);
#1020 = DIRECTION('',(1.,-0.));
#1021 = ( GEOMETRIC_REPRESENTATION_CONTEXT(2) 
PARAMETRIC_REPRESENTATION_CONTEXT() REPRESENTATION_CONTEXT('2D SPACE',''
  ) );
#1022 = ORIENTED_EDGE('',*,*,#1023,.T.);
#1023 = EDGE_CURVE('',#991,#1024,#1026,.T.);
#1024 = VERTEX_POINT('',#1025);
#1025 = CARTESIAN_POINT('',(-29.5,45.904501176718,15.6));
#1026 = SURFACE_CURVE('',#1027,(#1031,#1038),.PCURVE_S1.);
#1027 = LINE('',#1028,#1029);
#1028 = CARTESIAN_POINT('',(-19.37042637576,63.44943735291,15.6));
#1029 = VECTOR('',#1030,1.);
#1030 = DIRECTION('',(-0.5,-0.866025403784,0.));
#1031 = PCURVE('',#306,#1032);
#1032 = DEFINITIONAL_REPRESENTATION('',(#1033),#1037);
#1033 = LINE('',#1034,#1035);
#1034 = CARTESIAN_POINT('',(-87.,74.763611415569));
#1035 = VECTOR('',#1036,1.);
#1036 = DIRECTION('',(7.771561172376E-16,-1.));
#1037 = ( GEOMETRIC_REPRESENTATION_CONTEXT(2) 
PARAMETRIC_REPRESENTATION_CONTEXT() REPRESENTATION_CONTEXT('2D SPACE',''
  ) );
#1038 = PCURVE('',#1039,#1044);
#1039 = PLANE('',#1040);
#1040 = AXIS2_PLACEMENT_3D('',#1041,#1042,#1043);
#1041 = CARTESIAN_POINT('',(-20.78460969082,61.,0.));
#1042 = DIRECTION('',(0.866025403784,-0.5,0.));
#1043 = DIRECTION('',(0.,0.,1.));
#1044 = DEFINITIONAL_REPRESENTATION('',(#1045),#1048);
#1045 = B_SPLINE_CURVE_WITH_KNOTS('',1,(#1046,#1047),.UNSPECIFIED.,.F.,
  .F.,(2,2),(2.828366630132,20.259147248479),.PIECEWISE_BEZIER_KNOTS.);
#1046 = CARTESIAN_POINT('',(15.6,0.));
#1047 = CARTESIAN_POINT('',(15.6,17.430780618347));
#1048 = ( GEOMETRIC_REPRESENTATION_CONTEXT(2) 
PARAMETRIC_REPRESENTATION_CONTEXT() REPRESENTATION_CONTEXT('2D SPACE',''
  ) );
#1049 = ORIENTED_EDGE('',*,*,#1050,.F.);
#1050 = EDGE_CURVE('',#1051,#1024,#1053,.T.);
#1051 = VERTEX_POINT('',#1052);
#1052 = CARTESIAN_POINT('',(-29.5,38.5,15.6));
#1053 = SURFACE_CURVE('',#1054,(#1058,#1065),.PCURVE_S1.);
#1054 = LINE('',#1055,#1056);
#1055 = CARTESIAN_POINT('',(-29.5,38.5,15.6));
#1056 = VECTOR('',#1057,1.);
#1057 = DIRECTION('',(1.110223024625E-16,1.,0.));
#1058 = PCURVE('',#306,#1059);
#1059 = DEFINITIONAL_REPRESENTATION('',(#1060),#1064);
#1060 = LINE('',#1061,#1062);
#1061 = CARTESIAN_POINT('',(-83.29774941164,48.091978045701));
#1062 = VECTOR('',#1063,1.);
#1063 = DIRECTION('',(-0.5,0.866025403784));
#1064 = ( GEOMETRIC_REPRESENTATION_CONTEXT(2) 
PARAMETRIC_REPRESENTATION_CONTEXT() REPRESENTATION_CONTEXT('2D SPACE',''
  ) );
#1065 = PCURVE('',#1066,#1071);
#1066 = PLANE('',#1067);
#1067 = AXIS2_PLACEMENT_3D('',#1068,#1069,#1070);
#1068 = CARTESIAN_POINT('',(-29.5,38.5,0.));
#1069 = DIRECTION('',(-1.,1.110223024625E-16,0.));
#1070 = DIRECTION('',(0.,0.,1.));
#1071 = DEFINITIONAL_REPRESENTATION('',(#1072),#1076);
#1072 = LINE('',#1073,#1074);
#1073 = CARTESIAN_POINT('',(15.6,0.));
#1074 = VECTOR('',#1075,1.);
#1075 = DIRECTION('',(0.,1.));
#1076 = ( GEOMETRIC_REPRESENTATION_CONTEXT(2) 
PARAMETRIC_REPRESENTATION_CONTEXT() REPRESENTATION_CONTEXT('2D SPACE',''
  ) );
#1077 = ORIENTED_EDGE('',*,*,#1078,.F.);
#1078 = EDGE_CURVE('',#1079,#1051,#1081,.T.);
#1079 = VERTEX_POINT('',#1080);
#1080 = CARTESIAN_POINT('',(-28.57883832488,38.5,15.6));
#1081 = SURFACE_CURVE('',#1082,(#1086,#1093),.PCURVE_S1.);
#1082 = LINE('',#1083,#1084);
#1083 = CARTESIAN_POINT('',(29.5,38.5,15.6));
#1084 = VECTOR('',#1085,1.);
#1085 = DIRECTION('',(-1.,1.110223024625E-16,0.));
#1086 = PCURVE('',#306,#1087);
#1087 = DEFINITIONAL_REPRESENTATION('',(#1088),#1092);
#1088 = LINE('',#1089,#1090);
#1089 = CARTESIAN_POINT('',(-32.20225058835,77.591978045701));
#1090 = VECTOR('',#1091,1.);
#1091 = DIRECTION('',(-0.866025403784,-0.5));
#1092 = ( GEOMETRIC_REPRESENTATION_CONTEXT(2) 
PARAMETRIC_REPRESENTATION_CONTEXT() REPRESENTATION_CONTEXT('2D SPACE',''
  ) );
#1093 = PCURVE('',#1094,#1099);
#1094 = PLANE('',#1095);
#1095 = AXIS2_PLACEMENT_3D('',#1096,#1097,#1098);
#1096 = CARTESIAN_POINT('',(29.5,38.5,0.));
#1097 = DIRECTION('',(1.110223024625E-16,1.,0.));
#1098 = DIRECTION('',(0.,0.,1.));
#1099 = DEFINITIONAL_REPRESENTATION('',(#1100),#1104);
#1100 = LINE('',#1101,#1102);
#1101 = CARTESIAN_POINT('',(15.6,0.));
#1102 = VECTOR('',#1103,1.);
#1103 = DIRECTION('',(0.,-1.));
#1104 = ( GEOMETRIC_REPRESENTATION_CONTEXT(2) 
PARAMETRIC_REPRESENTATION_CONTEXT() REPRESENTATION_CONTEXT('2D SPACE',''
  ) );
#1105 = ORIENTED_EDGE('',*,*,#1106,.T.);
#1106 = EDGE_CURVE('',#1079,#1107,#1109,.T.);
#1107 = VERTEX_POINT('',#1108);
#1108 = CARTESIAN_POINT('',(-47.63139720814,5.5,15.6));
#1109 = SURFACE_CURVE('',#1110,(#1114,#1121),.PCURVE_S1.);
#1110 = LINE('',#1111,#1112);
#1111 = CARTESIAN_POINT('',(-18.18653347947,56.5,15.6));
#1112 = VECTOR('',#1113,1.);
#1113 = DIRECTION('',(-0.5,-0.866025403784,0.));
#1114 = PCURVE('',#306,#1115);
#1115 = DEFINITIONAL_REPRESENTATION('',(#1116),#1120);
#1116 = LINE('',#1117,#1118);
#1117 = CARTESIAN_POINT('',(-82.5,69.337168574084));
#1118 = VECTOR('',#1119,1.);
#1119 = DIRECTION('',(7.771561172376E-16,-1.));
#1120 = ( GEOMETRIC_REPRESENTATION_CONTEXT(2) 
PARAMETRIC_REPRESENTATION_CONTEXT() REPRESENTATION_CONTEXT('2D SPACE',''
  ) );
#1121 = PCURVE('',#1122,#1127);
#1122 = PLANE('',#1123);
#1123 = AXIS2_PLACEMENT_3D('',#1124,#1125,#1126);
#1124 = CARTESIAN_POINT('',(-18.18653347947,56.5,0.));
#1125 = DIRECTION('',(0.866025403784,-0.5,0.));
#1126 = DIRECTION('',(0.,0.,1.));
#1127 = DEFINITIONAL_REPRESENTATION('',(#1128),#1132);
#1128 = LINE('',#1129,#1130);
#1129 = CARTESIAN_POINT('',(15.6,0.));
#1130 = VECTOR('',#1131,1.);
#1131 = DIRECTION('',(0.,1.));
#1132 = ( GEOMETRIC_REPRESENTATION_CONTEXT(2) 
PARAMETRIC_REPRESENTATION_CONTEXT() REPRESENTATION_CONTEXT('2D SPACE',''
  ) );
#1133 = ORIENTED_EDGE('',*,*,#1134,.F.);
#1134 = EDGE_CURVE('',#1135,#1107,#1137,.T.);
#1135 = VERTEX_POINT('',#1136);
#1136 = CARTESIAN_POINT('',(-48.0919780457,6.297749411641,15.6));
#1137 = SURFACE_CURVE('',#1138,(#1142,#1149),.PCURVE_S1.);
#1138 = LINE('',#1139,#1140);
#1139 = CARTESIAN_POINT('',(-48.0919780457,6.297749411641,15.6));
#1140 = VECTOR('',#1141,1.);
#1141 = DIRECTION('',(0.5,-0.866025403784,0.));
#1142 = PCURVE('',#306,#1143);
#1143 = DEFINITIONAL_REPRESENTATION('',(#1144),#1148);
#1144 = LINE('',#1145,#1146);
#1145 = CARTESIAN_POINT('',(-83.29774941164,10.908021954299));
#1146 = VECTOR('',#1147,1.);
#1147 = DIRECTION('',(0.866025403784,-0.5));
#1148 = ( GEOMETRIC_REPRESENTATION_CONTEXT(2) 
PARAMETRIC_REPRESENTATION_CONTEXT() REPRESENTATION_CONTEXT('2D SPACE',''
  ) );
#1149 = PCURVE('',#1150,#1155);
#1150 = PLANE('',#1151);
#1151 = AXIS2_PLACEMENT_3D('',#1152,#1153,#1154);
#1152 = CARTESIAN_POINT('',(-48.0919780457,6.297749411641,0.));
#1153 = DIRECTION('',(-0.866025403784,-0.5,0.));
#1154 = DIRECTION('',(0.,0.,1.));
#1155 = DEFINITIONAL_REPRESENTATION('',(#1156),#1160);
#1156 = LINE('',#1157,#1158);
#1157 = CARTESIAN_POINT('',(15.6,0.));
#1158 = VECTOR('',#1159,1.);
#1159 = DIRECTION('',(0.,-1.));
#1160 = ( GEOMETRIC_REPRESENTATION_CONTEXT(2) 
PARAMETRIC_REPRESENTATION_CONTEXT() REPRESENTATION_CONTEXT('2D SPACE',''
  ) );
#1161 = ORIENTED_EDGE('',*,*,#1162,.T.);
#1162 = EDGE_CURVE('',#1135,#1163,#1165,.T.);
#1163 = VERTEX_POINT('',#1164);
#1164 = CARTESIAN_POINT('',(-54.50446416709,2.595498823282,15.6));
#1165 = SURFACE_CURVE('',#1166,(#1170,#1177),.PCURVE_S1.);
#1166 = LINE('',#1167,#1168);
#1167 = CARTESIAN_POINT('',(-48.0919780457,6.297749411641,15.6));
#1168 = VECTOR('',#1169,1.);
#1169 = DIRECTION('',(-0.866025403784,-0.5,0.));
#1170 = PCURVE('',#306,#1171);
#1171 = DEFINITIONAL_REPRESENTATION('',(#1172),#1176);
#1172 = LINE('',#1173,#1174);
#1173 = CARTESIAN_POINT('',(-83.29774941164,10.908021954299));
#1174 = VECTOR('',#1175,1.);
#1175 = DIRECTION('',(-0.5,-0.866025403784));
#1176 = ( GEOMETRIC_REPRESENTATION_CONTEXT(2) 
PARAMETRIC_REPRESENTATION_CONTEXT() REPRESENTATION_CONTEXT('2D SPACE',''
  ) );
#1177 = PCURVE('',#1178,#1183);
#1178 = PLANE('',#1179);
#1179 = AXIS2_PLACEMENT_3D('',#1180,#1181,#1182);
#1180 = CARTESIAN_POINT('',(-48.0919780457,6.297749411641,0.));
#1181 = DIRECTION('',(0.5,-0.866025403784,0.));
#1182 = DIRECTION('',(0.,0.,1.));
#1183 = DEFINITIONAL_REPRESENTATION('',(#1184),#1188);
#1184 = LINE('',#1185,#1186);
#1185 = CARTESIAN_POINT('',(15.6,0.));
#1186 = VECTOR('',#1187,1.);
#1187 = DIRECTION('',(0.,1.));
#1188 = ( GEOMETRIC_REPRESENTATION_CONTEXT(2) 
PARAMETRIC_REPRESENTATION_CONTEXT() REPRESENTATION_CONTEXT('2D SPACE',''
  ) );
#1189 = ORIENTED_EDGE('',*,*,#1190,.T.);
#1190 = EDGE_CURVE('',#1163,#1191,#1193,.T.);
#1191 = VERTEX_POINT('',#1192);
#1192 = CARTESIAN_POINT('',(-63.21985447626,-12.5,15.6));
#1193 = SURFACE_CURVE('',#1194,(#1198,#1205),.PCURVE_S1.);
#1194 = LINE('',#1195,#1196);
#1195 = CARTESIAN_POINT('',(-36.04141539861,34.57443735291,15.6));
#1196 = VECTOR('',#1197,1.);
#1197 = DIRECTION('',(-0.5,-0.866025403784,0.));
#1198 = PCURVE('',#306,#1199);
#1199 = DEFINITIONAL_REPRESENTATION('',(#1200),#1204);
#1200 = LINE('',#1201,#1202);
#1201 = CARTESIAN_POINT('',(-87.,41.421633369868));
#1202 = VECTOR('',#1203,1.);
#1203 = DIRECTION('',(7.771561172376E-16,-1.));
#1204 = ( GEOMETRIC_REPRESENTATION_CONTEXT(2) 
PARAMETRIC_REPRESENTATION_CONTEXT() REPRESENTATION_CONTEXT('2D SPACE',''
  ) );
#1205 = PCURVE('',#1039,#1206);
#1206 = DEFINITIONAL_REPRESENTATION('',(#1207),#1210);
#1207 = B_SPLINE_CURVE_WITH_KNOTS('',1,(#1208,#1209),.UNSPECIFIED.,.F.,
  .F.,(2,2),(36.926097536959,54.356878155306),.PIECEWISE_BEZIER_KNOTS.);
#1208 = CARTESIAN_POINT('',(15.6,67.439708952528));
#1209 = CARTESIAN_POINT('',(15.6,84.870489570875));
#1210 = ( GEOMETRIC_REPRESENTATION_CONTEXT(2) 
PARAMETRIC_REPRESENTATION_CONTEXT() REPRESENTATION_CONTEXT('2D SPACE',''
  ) );
#1211 = ORIENTED_EDGE('',*,*,#1212,.F.);
#1212 = EDGE_CURVE('',#292,#1191,#1213,.T.);
#1213 = SURFACE_CURVE('',#1214,(#1219,#1230),.PCURVE_S1.);
#1214 = CIRCLE('',#1215,24.);
#1215 = AXIS2_PLACEMENT_3D('',#1216,#1217,#1218);
#1216 = CARTESIAN_POINT('',(-42.43524478543,-24.5,15.6));
#1217 = DIRECTION('',(0.,0.,-1.));
#1218 = DIRECTION('',(1.,0.,0.));
#1219 = PCURVE('',#306,#1220);
#1220 = DEFINITIONAL_REPRESENTATION('',(#1221),#1229);
#1221 = ( BOUNDED_CURVE() B_SPLINE_CURVE(2,(#1222,#1223,#1224,#1225,
#1226,#1227,#1228),.UNSPECIFIED.,.T.,.F.) B_SPLINE_CURVE_WITH_KNOTS((1,2
    ,2,2,2,1),(-2.094395102393,0.,2.094395102393,4.188790204786,
6.28318530718,8.377580409573),.UNSPECIFIED.) CURVE() 
GEOMETRIC_REPRESENTATION_ITEM() RATIONAL_B_SPLINE_CURVE((1.,0.5,1.,0.5,
1.,0.5,1.)) REPRESENTATION_ITEM('') );
#1222 = CARTESIAN_POINT('',(-42.21539030917,-0.935244785438));
#1223 = CARTESIAN_POINT('',(-21.43078061834,-36.93524478543));
#1224 = CARTESIAN_POINT('',(-63.,-36.93524478543));
#1225 = CARTESIAN_POINT('',(-104.5692193816,-36.93524478543));
#1226 = CARTESIAN_POINT('',(-83.78460969082,-0.935244785438));
#1227 = CARTESIAN_POINT('',(-63.,35.064755214562));
#1228 = CARTESIAN_POINT('',(-42.21539030917,-0.935244785438));
#1229 = ( GEOMETRIC_REPRESENTATION_CONTEXT(2) 
PARAMETRIC_REPRESENTATION_CONTEXT() REPRESENTATION_CONTEXT('2D SPACE',''
  ) );
#1230 = PCURVE('',#334,#1231);
#1231 = DEFINITIONAL_REPRESENTATION('',(#1232),#1236);
#1232 = LINE('',#1233,#1234);
#1233 = CARTESIAN_POINT('',(-6.28318530718,-15.6));
#1234 = VECTOR('',#1235,1.);
#1235 = DIRECTION('',(1.,-0.));
#1236 = ( GEOMETRIC_REPRESENTATION_CONTEXT(2) 
PARAMETRIC_REPRESENTATION_CONTEXT() REPRESENTATION_CONTEXT('2D SPACE',''
  ) );
#1237 = ORIENTED_EDGE('',*,*,#291,.T.);
#1238 = ORIENTED_EDGE('',*,*,#575,.F.);
#1239 = ORIENTED_EDGE('',*,*,#600,.F.);
#1240 = ORIENTED_EDGE('',*,*,#649,.T.);
#1241 = FACE_BOUND('',#1242,.F.);
#1242 = EDGE_LOOP('',(#1243,#1271,#1304,#1330));
#1243 = ORIENTED_EDGE('',*,*,#1244,.F.);
#1244 = EDGE_CURVE('',#1245,#1247,#1249,.T.);
#1245 = VERTEX_POINT('',#1246);
#1246 = CARTESIAN_POINT('',(-27.3,-22.7,15.6));
#1247 = VERTEX_POINT('',#1248);
#1248 = CARTESIAN_POINT('',(-30.7,-22.7,15.6));
#1249 = SURFACE_CURVE('',#1250,(#1254,#1260),.PCURVE_S1.);
#1250 = LINE('',#1251,#1252);
#1251 = CARTESIAN_POINT('',(-6.05401097715,-22.7,15.6));
#1252 = VECTOR('',#1253,1.);
#1253 = DIRECTION('',(-1.,0.,0.));
#1254 = PCURVE('',#306,#1255);
#1255 = DEFINITIONAL_REPRESENTATION('',(#1256),#1259);
#1256 = B_SPLINE_CURVE_WITH_KNOTS('',1,(#1257,#1258),.UNSPECIFIED.,.F.,
  .F.,(2,2),(21.24598902285,24.64598902285),.PIECEWISE_BEZIER_KNOTS.);
#1257 = CARTESIAN_POINT('',(-50.79249352331,-3.808776665907));
#1258 = CARTESIAN_POINT('',(-53.73697989618,-5.508776665907));
#1259 = ( GEOMETRIC_REPRESENTATION_CONTEXT(2) 
PARAMETRIC_REPRESENTATION_CONTEXT() REPRESENTATION_CONTEXT('2D SPACE',''
  ) );
#1260 = PCURVE('',#1261,#1266);
#1261 = PLANE('',#1262);
#1262 = AXIS2_PLACEMENT_3D('',#1263,#1264,#1265);
#1263 = CARTESIAN_POINT('',(-30.7,-22.7,-1.));
#1264 = DIRECTION('',(0.,1.,0.));
#1265 = DIRECTION('',(1.,0.,0.));
#1266 = DEFINITIONAL_REPRESENTATION('',(#1267),#1270);
#1267 = B_SPLINE_CURVE_WITH_KNOTS('',1,(#1268,#1269),.UNSPECIFIED.,.F.,
  .F.,(2,2),(21.24598902285,24.64598902285),.PIECEWISE_BEZIER_KNOTS.);
#1268 = CARTESIAN_POINT('',(3.4,-16.6));
#1269 = CARTESIAN_POINT('',(0.,-16.6));
#1270 = ( GEOMETRIC_REPRESENTATION_CONTEXT(2) 
PARAMETRIC_REPRESENTATION_CONTEXT() REPRESENTATION_CONTEXT('2D SPACE',''
  ) );
#1271 = ORIENTED_EDGE('',*,*,#1272,.T.);
#1272 = EDGE_CURVE('',#1245,#1273,#1275,.T.);
#1273 = VERTEX_POINT('',#1274);
#1274 = CARTESIAN_POINT('',(-27.3,-26.3,15.6));
#1275 = SURFACE_CURVE('',#1276,(#1281,#1292),.PCURVE_S1.);
#1276 = CIRCLE('',#1277,1.8);
#1277 = AXIS2_PLACEMENT_3D('',#1278,#1279,#1280);
#1278 = CARTESIAN_POINT('',(-27.3,-24.5,15.6));
#1279 = DIRECTION('',(0.,0.,-1.));
#1280 = DIRECTION('',(0.,1.,0.));
#1281 = PCURVE('',#306,#1282);
#1282 = DEFINITIONAL_REPRESENTATION('',(#1283),#1291);
#1283 = ( BOUNDED_CURVE() B_SPLINE_CURVE(2,(#1284,#1285,#1286,#1287,
#1288,#1289,#1290),.UNSPECIFIED.,.T.,.F.) B_SPLINE_CURVE_WITH_KNOTS((1,2
    ,2,2,2,1),(-2.094395102393,0.,2.094395102393,4.188790204786,
6.28318530718,8.377580409573),.UNSPECIFIED.) CURVE() 
GEOMETRIC_REPRESENTATION_ITEM() RATIONAL_B_SPLINE_CURVE((1.,0.5,1.,0.5,
1.,0.5,1.)) REPRESENTATION_ITEM('') );
#1284 = CARTESIAN_POINT('',(-50.79249352331,-3.808776665907));
#1285 = CARTESIAN_POINT('',(-48.09249352331,-2.249930939095));
#1286 = CARTESIAN_POINT('',(-48.09249352331,-5.367622392719));
#1287 = CARTESIAN_POINT('',(-48.09249352331,-8.485313846343));
#1288 = CARTESIAN_POINT('',(-50.79249352331,-6.926468119531));
#1289 = CARTESIAN_POINT('',(-53.49249352331,-5.367622392719));
#1290 = CARTESIAN_POINT('',(-50.79249352331,-3.808776665907));
#1291 = ( GEOMETRIC_REPRESENTATION_CONTEXT(2) 
PARAMETRIC_REPRESENTATION_CONTEXT() REPRESENTATION_CONTEXT('2D SPACE',''
  ) );
#1292 = PCURVE('',#1293,#1298);
#1293 = CYLINDRICAL_SURFACE('',#1294,1.8);
#1294 = AXIS2_PLACEMENT_3D('',#1295,#1296,#1297);
#1295 = CARTESIAN_POINT('',(-27.3,-24.5,-1.));
#1296 = DIRECTION('',(0.,0.,-1.));
#1297 = DIRECTION('',(0.,1.,0.));
#1298 = DEFINITIONAL_REPRESENTATION('',(#1299),#1303);
#1299 = LINE('',#1300,#1301);
#1300 = CARTESIAN_POINT('',(0.,-16.6));
#1301 = VECTOR('',#1302,1.);
#1302 = DIRECTION('',(1.,0.));
#1303 = ( GEOMETRIC_REPRESENTATION_CONTEXT(2) 
PARAMETRIC_REPRESENTATION_CONTEXT() REPRESENTATION_CONTEXT('2D SPACE',''
  ) );
#1304 = ORIENTED_EDGE('',*,*,#1305,.F.);
#1305 = EDGE_CURVE('',#1306,#1273,#1308,.T.);
#1306 = VERTEX_POINT('',#1307);
#1307 = CARTESIAN_POINT('',(-30.7,-26.3,15.6));
#1308 = SURFACE_CURVE('',#1309,(#1313,#1319),.PCURVE_S1.);
#1309 = LINE('',#1310,#1311);
#1310 = CARTESIAN_POINT('',(-4.35401097715,-26.3,15.6));
#1311 = VECTOR('',#1312,1.);
#1312 = DIRECTION('',(1.,0.,-0.));
#1313 = PCURVE('',#306,#1314);
#1314 = DEFINITIONAL_REPRESENTATION('',(#1315),#1318);
#1315 = B_SPLINE_CURVE_WITH_KNOTS('',1,(#1316,#1317),.UNSPECIFIED.,.F.,
  .F.,(2,2),(-26.34598902285,-22.94598902285),.PIECEWISE_BEZIER_KNOTS.);
#1316 = CARTESIAN_POINT('',(-51.93697989618,-8.626468119531));
#1317 = CARTESIAN_POINT('',(-48.99249352331,-6.926468119531));
#1318 = ( GEOMETRIC_REPRESENTATION_CONTEXT(2) 
PARAMETRIC_REPRESENTATION_CONTEXT() REPRESENTATION_CONTEXT('2D SPACE',''
  ) );
#1319 = PCURVE('',#1320,#1325);
#1320 = PLANE('',#1321);
#1321 = AXIS2_PLACEMENT_3D('',#1322,#1323,#1324);
#1322 = CARTESIAN_POINT('',(-27.3,-26.3,-1.));
#1323 = DIRECTION('',(0.,-1.,0.));
#1324 = DIRECTION('',(-1.,0.,0.));
#1325 = DEFINITIONAL_REPRESENTATION('',(#1326),#1329);
#1326 = B_SPLINE_CURVE_WITH_KNOTS('',1,(#1327,#1328),.UNSPECIFIED.,.F.,
  .F.,(2,2),(-26.34598902285,-22.94598902285),.PIECEWISE_BEZIER_KNOTS.);
#1327 = CARTESIAN_POINT('',(3.4,-16.6));
#1328 = CARTESIAN_POINT('',(0.,-16.6));
#1329 = ( GEOMETRIC_REPRESENTATION_CONTEXT(2) 
PARAMETRIC_REPRESENTATION_CONTEXT() REPRESENTATION_CONTEXT('2D SPACE',''
  ) );
#1330 = ORIENTED_EDGE('',*,*,#1331,.T.);
#1331 = EDGE_CURVE('',#1306,#1247,#1332,.T.);
#1332 = SURFACE_CURVE('',#1333,(#1338,#1349),.PCURVE_S1.);
#1333 = CIRCLE('',#1334,1.8);
#1334 = AXIS2_PLACEMENT_3D('',#1335,#1336,#1337);
#1335 = CARTESIAN_POINT('',(-30.7,-24.5,15.6));
#1336 = DIRECTION('',(0.,0.,-1.));
#1337 = DIRECTION('',(0.,-1.,0.));
#1338 = PCURVE('',#306,#1339);
#1339 = DEFINITIONAL_REPRESENTATION('',(#1340),#1348);
#1340 = ( BOUNDED_CURVE() B_SPLINE_CURVE(2,(#1341,#1342,#1343,#1344,
#1345,#1346,#1347),.UNSPECIFIED.,.T.,.F.) B_SPLINE_CURVE_WITH_KNOTS((1,2
    ,2,2,2,1),(-2.094395102393,0.,2.094395102393,4.188790204786,
6.28318530718,8.377580409573),.UNSPECIFIED.) CURVE() 
GEOMETRIC_REPRESENTATION_ITEM() RATIONAL_B_SPLINE_CURVE((1.,0.5,1.,0.5,
1.,0.5,1.)) REPRESENTATION_ITEM('') );
#1341 = CARTESIAN_POINT('',(-51.93697989618,-8.626468119531));
#1342 = CARTESIAN_POINT('',(-54.63697989618,-10.18531384634));
#1343 = CARTESIAN_POINT('',(-54.63697989618,-7.067622392719));
#1344 = CARTESIAN_POINT('',(-54.63697989618,-3.949930939095));
#1345 = CARTESIAN_POINT('',(-51.93697989618,-5.508776665907));
#1346 = CARTESIAN_POINT('',(-49.23697989618,-7.067622392719));
#1347 = CARTESIAN_POINT('',(-51.93697989618,-8.626468119531));
#1348 = ( GEOMETRIC_REPRESENTATION_CONTEXT(2) 
PARAMETRIC_REPRESENTATION_CONTEXT() REPRESENTATION_CONTEXT('2D SPACE',''
  ) );
#1349 = PCURVE('',#1350,#1355);
#1350 = CYLINDRICAL_SURFACE('',#1351,1.8);
#1351 = AXIS2_PLACEMENT_3D('',#1352,#1353,#1354);
#1352 = CARTESIAN_POINT('',(-30.7,-24.5,-1.));
#1353 = DIRECTION('',(0.,0.,-1.));
#1354 = DIRECTION('',(0.,-1.,0.));
#1355 = DEFINITIONAL_REPRESENTATION('',(#1356),#1360);
#1356 = LINE('',#1357,#1358);
#1357 = CARTESIAN_POINT('',(0.,-16.6));
#1358 = VECTOR('',#1359,1.);
#1359 = DIRECTION('',(1.,0.));
#1360 = ( GEOMETRIC_REPRESENTATION_CONTEXT(2) 
PARAMETRIC_REPRESENTATION_CONTEXT() REPRESENTATION_CONTEXT('2D SPACE',''
  ) );
#1361 = FACE_BOUND('',#1362,.F.);
#1362 = EDGE_LOOP('',(#1363,#1391,#1424,#1450));
#1363 = ORIENTED_EDGE('',*,*,#1364,.F.);
#1364 = EDGE_CURVE('',#1365,#1367,#1369,.T.);
#1365 = VERTEX_POINT('',#1366);
#1366 = CARTESIAN_POINT('',(30.7,-22.7,15.6));
#1367 = VERTEX_POINT('',#1368);
#1368 = CARTESIAN_POINT('',(27.3,-22.7,15.6));
#1369 = SURFACE_CURVE('',#1370,(#1374,#1380),.PCURVE_S1.);
#1370 = LINE('',#1371,#1372);
#1371 = CARTESIAN_POINT('',(22.94598902285,-22.7,15.6));
#1372 = VECTOR('',#1373,1.);
#1373 = DIRECTION('',(-1.,0.,0.));
#1374 = PCURVE('',#306,#1375);
#1375 = DEFINITIONAL_REPRESENTATION('',(#1376),#1379);
#1376 = B_SPLINE_CURVE_WITH_KNOTS('',1,(#1377,#1378),.UNSPECIFIED.,.F.,
  .F.,(2,2),(-7.75401097715,-4.35401097715),.PIECEWISE_BEZIER_KNOTS.);
#1377 = CARTESIAN_POINT('',(-0.563020103818,25.191223334093));
#1378 = CARTESIAN_POINT('',(-3.507506476685,23.491223334093));
#1379 = ( GEOMETRIC_REPRESENTATION_CONTEXT(2) 
PARAMETRIC_REPRESENTATION_CONTEXT() REPRESENTATION_CONTEXT('2D SPACE',''
  ) );
#1380 = PCURVE('',#1381,#1386);
#1381 = PLANE('',#1382);
#1382 = AXIS2_PLACEMENT_3D('',#1383,#1384,#1385);
#1383 = CARTESIAN_POINT('',(27.3,-22.7,-1.));
#1384 = DIRECTION('',(0.,1.,0.));
#1385 = DIRECTION('',(1.,0.,0.));
#1386 = DEFINITIONAL_REPRESENTATION('',(#1387),#1390);
#1387 = B_SPLINE_CURVE_WITH_KNOTS('',1,(#1388,#1389),.UNSPECIFIED.,.F.,
  .F.,(2,2),(-7.75401097715,-4.35401097715),.PIECEWISE_BEZIER_KNOTS.);
#1388 = CARTESIAN_POINT('',(3.4,-16.6));
#1389 = CARTESIAN_POINT('',(0.,-16.6));
#1390 = ( GEOMETRIC_REPRESENTATION_CONTEXT(2) 
PARAMETRIC_REPRESENTATION_CONTEXT() REPRESENTATION_CONTEXT('2D SPACE',''
  ) );
#1391 = ORIENTED_EDGE('',*,*,#1392,.T.);
#1392 = EDGE_CURVE('',#1365,#1393,#1395,.T.);
#1393 = VERTEX_POINT('',#1394);
#1394 = CARTESIAN_POINT('',(30.7,-26.3,15.6));
#1395 = SURFACE_CURVE('',#1396,(#1401,#1412),.PCURVE_S1.);
#1396 = CIRCLE('',#1397,1.8);
#1397 = AXIS2_PLACEMENT_3D('',#1398,#1399,#1400);
#1398 = CARTESIAN_POINT('',(30.7,-24.5,15.6));
#1399 = DIRECTION('',(0.,0.,-1.));
#1400 = DIRECTION('',(0.,1.,0.));
#1401 = PCURVE('',#306,#1402);
#1402 = DEFINITIONAL_REPRESENTATION('',(#1403),#1411);
#1403 = ( BOUNDED_CURVE() B_SPLINE_CURVE(2,(#1404,#1405,#1406,#1407,
#1408,#1409,#1410),.UNSPECIFIED.,.T.,.F.) B_SPLINE_CURVE_WITH_KNOTS((1,2
    ,2,2,2,1),(-2.094395102393,0.,2.094395102393,4.188790204786,
6.28318530718,8.377580409573),.UNSPECIFIED.) CURVE() 
GEOMETRIC_REPRESENTATION_ITEM() RATIONAL_B_SPLINE_CURVE((1.,0.5,1.,0.5,
1.,0.5,1.)) REPRESENTATION_ITEM('') );
#1404 = CARTESIAN_POINT('',(-0.563020103818,25.191223334093));
#1405 = CARTESIAN_POINT('',(2.136979896182,26.750069060905));
#1406 = CARTESIAN_POINT('',(2.136979896182,23.632377607281));
#1407 = CARTESIAN_POINT('',(2.136979896182,20.514686153657));
#1408 = CARTESIAN_POINT('',(-0.563020103818,22.073531880469));
#1409 = CARTESIAN_POINT('',(-3.263020103818,23.632377607281));
#1410 = CARTESIAN_POINT('',(-0.563020103818,25.191223334093));
#1411 = ( GEOMETRIC_REPRESENTATION_CONTEXT(2) 
PARAMETRIC_REPRESENTATION_CONTEXT() REPRESENTATION_CONTEXT('2D SPACE',''
  ) );
#1412 = PCURVE('',#1413,#1418);
#1413 = CYLINDRICAL_SURFACE('',#1414,1.8);
#1414 = AXIS2_PLACEMENT_3D('',#1415,#1416,#1417);
#1415 = CARTESIAN_POINT('',(30.7,-24.5,-1.));
#1416 = DIRECTION('',(0.,0.,-1.));
#1417 = DIRECTION('',(0.,1.,0.));
#1418 = DEFINITIONAL_REPRESENTATION('',(#1419),#1423);
#1419 = LINE('',#1420,#1421);
#1420 = CARTESIAN_POINT('',(0.,-16.6));
#1421 = VECTOR('',#1422,1.);
#1422 = DIRECTION('',(1.,0.));
#1423 = ( GEOMETRIC_REPRESENTATION_CONTEXT(2) 
PARAMETRIC_REPRESENTATION_CONTEXT() REPRESENTATION_CONTEXT('2D SPACE',''
  ) );
#1424 = ORIENTED_EDGE('',*,*,#1425,.F.);
#1425 = EDGE_CURVE('',#1426,#1393,#1428,.T.);
#1426 = VERTEX_POINT('',#1427);
#1427 = CARTESIAN_POINT('',(27.3,-26.3,15.6));
#1428 = SURFACE_CURVE('',#1429,(#1433,#1439),.PCURVE_S1.);
#1429 = LINE('',#1430,#1431);
#1430 = CARTESIAN_POINT('',(24.64598902285,-26.3,15.6));
#1431 = VECTOR('',#1432,1.);
#1432 = DIRECTION('',(1.,0.,-0.));
#1433 = PCURVE('',#306,#1434);
#1434 = DEFINITIONAL_REPRESENTATION('',(#1435),#1438);
#1435 = B_SPLINE_CURVE_WITH_KNOTS('',1,(#1436,#1437),.UNSPECIFIED.,.F.,
  .F.,(2,2),(2.65401097715,6.05401097715),.PIECEWISE_BEZIER_KNOTS.);
#1436 = CARTESIAN_POINT('',(-1.707506476685,20.373531880469));
#1437 = CARTESIAN_POINT('',(1.236979896182,22.073531880469));
#1438 = ( GEOMETRIC_REPRESENTATION_CONTEXT(2) 
PARAMETRIC_REPRESENTATION_CONTEXT() REPRESENTATION_CONTEXT('2D SPACE',''
  ) );
#1439 = PCURVE('',#1440,#1445);
#1440 = PLANE('',#1441);
#1441 = AXIS2_PLACEMENT_3D('',#1442,#1443,#1444);
#1442 = CARTESIAN_POINT('',(30.7,-26.3,-1.));
#1443 = DIRECTION('',(0.,-1.,0.));
#1444 = DIRECTION('',(-1.,0.,0.));
#1445 = DEFINITIONAL_REPRESENTATION('',(#1446),#1449);
#1446 = B_SPLINE_CURVE_WITH_KNOTS('',1,(#1447,#1448),.UNSPECIFIED.,.F.,
  .F.,(2,2),(2.65401097715,6.05401097715),.PIECEWISE_BEZIER_KNOTS.);
#1447 = CARTESIAN_POINT('',(3.4,-16.6));
#1448 = CARTESIAN_POINT('',(0.,-16.6));
#1449 = ( GEOMETRIC_REPRESENTATION_CONTEXT(2) 
PARAMETRIC_REPRESENTATION_CONTEXT() REPRESENTATION_CONTEXT('2D SPACE',''
  ) );
#1450 = ORIENTED_EDGE('',*,*,#1451,.T.);
#1451 = EDGE_CURVE('',#1426,#1367,#1452,.T.);
#1452 = SURFACE_CURVE('',#1453,(#1458,#1469),.PCURVE_S1.);
#1453 = CIRCLE('',#1454,1.8);
#1454 = AXIS2_PLACEMENT_3D('',#1455,#1456,#1457);
#1455 = CARTESIAN_POINT('',(27.3,-24.5,15.6));
#1456 = DIRECTION('',(0.,0.,-1.));
#1457 = DIRECTION('',(0.,-1.,0.));
#1458 = PCURVE('',#306,#1459);
#1459 = DEFINITIONAL_REPRESENTATION('',(#1460),#1468);
#1460 = ( BOUNDED_CURVE() B_SPLINE_CURVE(2,(#1461,#1462,#1463,#1464,
#1465,#1466,#1467),.UNSPECIFIED.,.T.,.F.) B_SPLINE_CURVE_WITH_KNOTS((1,2
    ,2,2,2,1),(-2.094395102393,0.,2.094395102393,4.188790204786,
6.28318530718,8.377580409573),.UNSPECIFIED.) CURVE() 
GEOMETRIC_REPRESENTATION_ITEM() RATIONAL_B_SPLINE_CURVE((1.,0.5,1.,0.5,
1.,0.5,1.)) REPRESENTATION_ITEM('') );
#1461 = CARTESIAN_POINT('',(-1.707506476685,20.373531880469));
#1462 = CARTESIAN_POINT('',(-4.407506476685,18.814686153657));
#1463 = CARTESIAN_POINT('',(-4.407506476685,21.932377607281));
#1464 = CARTESIAN_POINT('',(-4.407506476685,25.050069060905));
#1465 = CARTESIAN_POINT('',(-1.707506476685,23.491223334093));
#1466 = CARTESIAN_POINT('',(0.992493523315,21.932377607281));
#1467 = CARTESIAN_POINT('',(-1.707506476685,20.373531880469));
#1468 = ( GEOMETRIC_REPRESENTATION_CONTEXT(2) 
PARAMETRIC_REPRESENTATION_CONTEXT() REPRESENTATION_CONTEXT('2D SPACE',''
  ) );
#1469 = PCURVE('',#1470,#1475);
#1470 = CYLINDRICAL_SURFACE('',#1471,1.8);
#1471 = AXIS2_PLACEMENT_3D('',#1472,#1473,#1474);
#1472 = CARTESIAN_POINT('',(27.3,-24.5,-1.));
#1473 = DIRECTION('',(0.,0.,-1.));
#1474 = DIRECTION('',(0.,-1.,0.));
#1475 = DEFINITIONAL_REPRESENTATION('',(#1476),#1480);
#1476 = LINE('',#1477,#1478);
#1477 = CARTESIAN_POINT('',(0.,-16.6));
#1478 = VECTOR('',#1479,1.);
#1479 = DIRECTION('',(1.,0.));
#1480 = ( GEOMETRIC_REPRESENTATION_CONTEXT(2) 
PARAMETRIC_REPRESENTATION_CONTEXT() REPRESENTATION_CONTEXT('2D SPACE',''
  ) );
#1481 = FACE_BOUND('',#1482,.F.);
#1482 = EDGE_LOOP('',(#1483,#1511,#1544,#1570));
#1483 = ORIENTED_EDGE('',*,*,#1484,.F.);
#1484 = EDGE_CURVE('',#1485,#1487,#1489,.T.);
#1485 = VERTEX_POINT('',#1486);
#1486 = CARTESIAN_POINT('',(-27.3,26.3,15.6));
#1487 = VERTEX_POINT('',#1488);
#1488 = CARTESIAN_POINT('',(-30.7,26.3,15.6));
#1489 = SURFACE_CURVE('',#1490,(#1494,#1500),.PCURVE_S1.);
#1490 = LINE('',#1491,#1492);
#1491 = CARTESIAN_POINT('',(-6.05401097715,26.3,15.6));
#1492 = VECTOR('',#1493,1.);
#1493 = DIRECTION('',(-1.,0.,0.));
#1494 = PCURVE('',#306,#1495);
#1495 = DEFINITIONAL_REPRESENTATION('',(#1496),#1499);
#1496 = B_SPLINE_CURVE_WITH_KNOTS('',1,(#1497,#1498),.UNSPECIFIED.,.F.,
  .F.,(2,2),(21.24598902285,24.64598902285),.PIECEWISE_BEZIER_KNOTS.);
#1497 = CARTESIAN_POINT('',(-75.29249352331,38.626468119531));
#1498 = CARTESIAN_POINT('',(-78.23697989618,36.926468119531));
#1499 = ( GEOMETRIC_REPRESENTATION_CONTEXT(2) 
PARAMETRIC_REPRESENTATION_CONTEXT() REPRESENTATION_CONTEXT('2D SPACE',''
  ) );
#1500 = PCURVE('',#1501,#1506);
#1501 = PLANE('',#1502);
#1502 = AXIS2_PLACEMENT_3D('',#1503,#1504,#1505);
#1503 = CARTESIAN_POINT('',(-30.7,26.3,-1.));
#1504 = DIRECTION('',(0.,1.,0.));
#1505 = DIRECTION('',(1.,0.,0.));
#1506 = DEFINITIONAL_REPRESENTATION('',(#1507),#1510);
#1507 = B_SPLINE_CURVE_WITH_KNOTS('',1,(#1508,#1509),.UNSPECIFIED.,.F.,
  .F.,(2,2),(21.24598902285,24.64598902285),.PIECEWISE_BEZIER_KNOTS.);
#1508 = CARTESIAN_POINT('',(3.4,-16.6));
#1509 = CARTESIAN_POINT('',(0.,-16.6));
#1510 = ( GEOMETRIC_REPRESENTATION_CONTEXT(2) 
PARAMETRIC_REPRESENTATION_CONTEXT() REPRESENTATION_CONTEXT('2D SPACE',''
  ) );
#1511 = ORIENTED_EDGE('',*,*,#1512,.T.);
#1512 = EDGE_CURVE('',#1485,#1513,#1515,.T.);
#1513 = VERTEX_POINT('',#1514);
#1514 = CARTESIAN_POINT('',(-27.3,22.7,15.6));
#1515 = SURFACE_CURVE('',#1516,(#1521,#1532),.PCURVE_S1.);
#1516 = CIRCLE('',#1517,1.8);
#1517 = AXIS2_PLACEMENT_3D('',#1518,#1519,#1520);
#1518 = CARTESIAN_POINT('',(-27.3,24.5,15.6));
#1519 = DIRECTION('',(0.,0.,-1.));
#1520 = DIRECTION('',(0.,1.,0.));
#1521 = PCURVE('',#306,#1522);
#1522 = DEFINITIONAL_REPRESENTATION('',(#1523),#1531);
#1523 = ( BOUNDED_CURVE() B_SPLINE_CURVE(2,(#1524,#1525,#1526,#1527,
#1528,#1529,#1530),.UNSPECIFIED.,.T.,.F.) B_SPLINE_CURVE_WITH_KNOTS((1,2
    ,2,2,2,1),(-2.094395102393,0.,2.094395102393,4.188790204786,
6.28318530718,8.377580409573),.UNSPECIFIED.) CURVE() 
GEOMETRIC_REPRESENTATION_ITEM() RATIONAL_B_SPLINE_CURVE((1.,0.5,1.,0.5,
1.,0.5,1.)) REPRESENTATION_ITEM('') );
#1524 = CARTESIAN_POINT('',(-75.29249352331,38.626468119531));
#1525 = CARTESIAN_POINT('',(-72.59249352331,40.185313846343));
#1526 = CARTESIAN_POINT('',(-72.59249352331,37.067622392719));
#1527 = CARTESIAN_POINT('',(-72.59249352331,33.949930939095));
#1528 = CARTESIAN_POINT('',(-75.29249352331,35.508776665907));
#1529 = CARTESIAN_POINT('',(-77.99249352331,37.067622392719));
#1530 = CARTESIAN_POINT('',(-75.29249352331,38.626468119531));
#1531 = ( GEOMETRIC_REPRESENTATION_CONTEXT(2) 
PARAMETRIC_REPRESENTATION_CONTEXT() REPRESENTATION_CONTEXT('2D SPACE',''
  ) );
#1532 = PCURVE('',#1533,#1538);
#1533 = CYLINDRICAL_SURFACE('',#1534,1.8);
#1534 = AXIS2_PLACEMENT_3D('',#1535,#1536,#1537);
#1535 = CARTESIAN_POINT('',(-27.3,24.5,-1.));
#1536 = DIRECTION('',(0.,0.,-1.));
#1537 = DIRECTION('',(0.,1.,0.));
#1538 = DEFINITIONAL_REPRESENTATION('',(#1539),#1543);
#1539 = LINE('',#1540,#1541);
#1540 = CARTESIAN_POINT('',(0.,-16.6));
#1541 = VECTOR('',#1542,1.);
#1542 = DIRECTION('',(1.,0.));
#1543 = ( GEOMETRIC_REPRESENTATION_CONTEXT(2) 
PARAMETRIC_REPRESENTATION_CONTEXT() REPRESENTATION_CONTEXT('2D SPACE',''
  ) );
#1544 = ORIENTED_EDGE('',*,*,#1545,.F.);
#1545 = EDGE_CURVE('',#1546,#1513,#1548,.T.);
#1546 = VERTEX_POINT('',#1547);
#1547 = CARTESIAN_POINT('',(-30.7,22.7,15.6));
#1548 = SURFACE_CURVE('',#1549,(#1553,#1559),.PCURVE_S1.);
#1549 = LINE('',#1550,#1551);
#1550 = CARTESIAN_POINT('',(-4.35401097715,22.7,15.6));
#1551 = VECTOR('',#1552,1.);
#1552 = DIRECTION('',(1.,0.,-0.));
#1553 = PCURVE('',#306,#1554);
#1554 = DEFINITIONAL_REPRESENTATION('',(#1555),#1558);
#1555 = B_SPLINE_CURVE_WITH_KNOTS('',1,(#1556,#1557),.UNSPECIFIED.,.F.,
  .F.,(2,2),(-26.34598902285,-22.94598902285),.PIECEWISE_BEZIER_KNOTS.);
#1556 = CARTESIAN_POINT('',(-76.43697989618,33.808776665907));
#1557 = CARTESIAN_POINT('',(-73.49249352331,35.508776665907));
#1558 = ( GEOMETRIC_REPRESENTATION_CONTEXT(2) 
PARAMETRIC_REPRESENTATION_CONTEXT() REPRESENTATION_CONTEXT('2D SPACE',''
  ) );
#1559 = PCURVE('',#1560,#1565);
#1560 = PLANE('',#1561);
#1561 = AXIS2_PLACEMENT_3D('',#1562,#1563,#1564);
#1562 = CARTESIAN_POINT('',(-27.3,22.7,-1.));
#1563 = DIRECTION('',(0.,-1.,0.));
#1564 = DIRECTION('',(-1.,0.,0.));
#1565 = DEFINITIONAL_REPRESENTATION('',(#1566),#1569);
#1566 = B_SPLINE_CURVE_WITH_KNOTS('',1,(#1567,#1568),.UNSPECIFIED.,.F.,
  .F.,(2,2),(-26.34598902285,-22.94598902285),.PIECEWISE_BEZIER_KNOTS.);
#1567 = CARTESIAN_POINT('',(3.4,-16.6));
#1568 = CARTESIAN_POINT('',(0.,-16.6));
#1569 = ( GEOMETRIC_REPRESENTATION_CONTEXT(2) 
PARAMETRIC_REPRESENTATION_CONTEXT() REPRESENTATION_CONTEXT('2D SPACE',''
  ) );
#1570 = ORIENTED_EDGE('',*,*,#1571,.T.);
#1571 = EDGE_CURVE('',#1546,#1487,#1572,.T.);
#1572 = SURFACE_CURVE('',#1573,(#1578,#1589),.PCURVE_S1.);
#1573 = CIRCLE('',#1574,1.8);
#1574 = AXIS2_PLACEMENT_3D('',#1575,#1576,#1577);
#1575 = CARTESIAN_POINT('',(-30.7,24.5,15.6));
#1576 = DIRECTION('',(0.,0.,-1.));
#1577 = DIRECTION('',(0.,-1.,0.));
#1578 = PCURVE('',#306,#1579);
#1579 = DEFINITIONAL_REPRESENTATION('',(#1580),#1588);
#1580 = ( BOUNDED_CURVE() B_SPLINE_CURVE(2,(#1581,#1582,#1583,#1584,
#1585,#1586,#1587),.UNSPECIFIED.,.T.,.F.) B_SPLINE_CURVE_WITH_KNOTS((1,2
    ,2,2,2,1),(-2.094395102393,0.,2.094395102393,4.188790204786,
6.28318530718,8.377580409573),.UNSPECIFIED.) CURVE() 
GEOMETRIC_REPRESENTATION_ITEM() RATIONAL_B_SPLINE_CURVE((1.,0.5,1.,0.5,
1.,0.5,1.)) REPRESENTATION_ITEM('') );
#1581 = CARTESIAN_POINT('',(-76.43697989618,33.808776665907));
#1582 = CARTESIAN_POINT('',(-79.13697989618,32.249930939095));
#1583 = CARTESIAN_POINT('',(-79.13697989618,35.367622392719));
#1584 = CARTESIAN_POINT('',(-79.13697989618,38.485313846343));
#1585 = CARTESIAN_POINT('',(-76.43697989618,36.926468119531));
#1586 = CARTESIAN_POINT('',(-73.73697989618,35.367622392719));
#1587 = CARTESIAN_POINT('',(-76.43697989618,33.808776665907));
#1588 = ( GEOMETRIC_REPRESENTATION_CONTEXT(2) 
PARAMETRIC_REPRESENTATION_CONTEXT() REPRESENTATION_CONTEXT('2D SPACE',''
  ) );
#1589 = PCURVE('',#1590,#1595);
#1590 = CYLINDRICAL_SURFACE('',#1591,1.8);
#1591 = AXIS2_PLACEMENT_3D('',#1592,#1593,#1594);
#1592 = CARTESIAN_POINT('',(-30.7,24.5,-1.));
#1593 = DIRECTION('',(0.,0.,-1.));
#1594 = DIRECTION('',(0.,-1.,0.));
#1595 = DEFINITIONAL_REPRESENTATION('',(#1596),#1600);
#1596 = LINE('',#1597,#1598);
#1597 = CARTESIAN_POINT('',(0.,-16.6));
#1598 = VECTOR('',#1599,1.);
#1599 = DIRECTION('',(1.,0.));
#1600 = ( GEOMETRIC_REPRESENTATION_CONTEXT(2) 
PARAMETRIC_REPRESENTATION_CONTEXT() REPRESENTATION_CONTEXT('2D SPACE',''
  ) );
#1601 = FACE_BOUND('',#1602,.F.);
#1602 = EDGE_LOOP('',(#1603,#1631,#1664,#1690));
#1603 = ORIENTED_EDGE('',*,*,#1604,.F.);
#1604 = EDGE_CURVE('',#1605,#1607,#1609,.T.);
#1605 = VERTEX_POINT('',#1606);
#1606 = CARTESIAN_POINT('',(5.,6.,15.6));
#1607 = VERTEX_POINT('',#1608);
#1608 = CARTESIAN_POINT('',(-5.,6.,15.6));
#1609 = SURFACE_CURVE('',#1610,(#1614,#1620),.PCURVE_S1.);
#1610 = LINE('',#1611,#1612);
#1611 = CARTESIAN_POINT('',(6.79598902285,6.,15.6));
#1612 = VECTOR('',#1613,1.);
#1613 = DIRECTION('',(-1.,0.,0.));
#1614 = PCURVE('',#306,#1615);
#1615 = DEFINITIONAL_REPRESENTATION('',(#1616),#1619);
#1616 = B_SPLINE_CURVE_WITH_KNOTS('',1,(#1617,#1618),.UNSPECIFIED.,.F.,
  .F.,(2,2),(1.79598902285,11.79598902285),.PIECEWISE_BEZIER_KNOTS.);
#1617 = CARTESIAN_POINT('',(-37.16987298107,37.196152422707));
#1618 = CARTESIAN_POINT('',(-45.83012701892,32.196152422707));
#1619 = ( GEOMETRIC_REPRESENTATION_CONTEXT(2) 
PARAMETRIC_REPRESENTATION_CONTEXT() REPRESENTATION_CONTEXT('2D SPACE',''
  ) );
#1620 = PCURVE('',#1621,#1626);
#1621 = PLANE('',#1622);
#1622 = AXIS2_PLACEMENT_3D('',#1623,#1624,#1625);
#1623 = CARTESIAN_POINT('',(-5.,6.,-1.));
#1624 = DIRECTION('',(0.,1.,0.));
#1625 = DIRECTION('',(1.,0.,0.));
#1626 = DEFINITIONAL_REPRESENTATION('',(#1627),#1630);
#1627 = B_SPLINE_CURVE_WITH_KNOTS('',1,(#1628,#1629),.UNSPECIFIED.,.F.,
  .F.,(2,2),(1.79598902285,11.79598902285),.PIECEWISE_BEZIER_KNOTS.);
#1628 = CARTESIAN_POINT('',(10.,-16.6));
#1629 = CARTESIAN_POINT('',(0.,-16.6));
#1630 = ( GEOMETRIC_REPRESENTATION_CONTEXT(2) 
PARAMETRIC_REPRESENTATION_CONTEXT() REPRESENTATION_CONTEXT('2D SPACE',''
  ) );
#1631 = ORIENTED_EDGE('',*,*,#1632,.T.);
#1632 = EDGE_CURVE('',#1605,#1633,#1635,.T.);
#1633 = VERTEX_POINT('',#1634);
#1634 = CARTESIAN_POINT('',(5.,-6.,15.6));
#1635 = SURFACE_CURVE('',#1636,(#1641,#1652),.PCURVE_S1.);
#1636 = CIRCLE('',#1637,6.);
#1637 = AXIS2_PLACEMENT_3D('',#1638,#1639,#1640);
#1638 = CARTESIAN_POINT('',(5.,0.,15.6));
#1639 = DIRECTION('',(0.,0.,-1.));
#1640 = DIRECTION('',(0.,1.,0.));
#1641 = PCURVE('',#306,#1642);
#1642 = DEFINITIONAL_REPRESENTATION('',(#1643),#1651);
#1643 = ( BOUNDED_CURVE() B_SPLINE_CURVE(2,(#1644,#1645,#1646,#1647,
#1648,#1649,#1650),.UNSPECIFIED.,.T.,.F.) B_SPLINE_CURVE_WITH_KNOTS((1,2
    ,2,2,2,1),(-2.094395102393,0.,2.094395102393,4.188790204786,
6.28318530718,8.377580409573),.UNSPECIFIED.) CURVE() 
GEOMETRIC_REPRESENTATION_ITEM() RATIONAL_B_SPLINE_CURVE((1.,0.5,1.,0.5,
1.,0.5,1.)) REPRESENTATION_ITEM('') );
#1644 = CARTESIAN_POINT('',(-37.16987298107,37.196152422707));
#1645 = CARTESIAN_POINT('',(-28.16987298107,42.392304845413));
#1646 = CARTESIAN_POINT('',(-28.16987298107,32.));
#1647 = CARTESIAN_POINT('',(-28.16987298107,21.607695154587));
#1648 = CARTESIAN_POINT('',(-37.16987298107,26.803847577293));
#1649 = CARTESIAN_POINT('',(-46.16987298107,32.));
#1650 = CARTESIAN_POINT('',(-37.16987298107,37.196152422707));
#1651 = ( GEOMETRIC_REPRESENTATION_CONTEXT(2) 
PARAMETRIC_REPRESENTATION_CONTEXT() REPRESENTATION_CONTEXT('2D SPACE',''
  ) );
#1652 = PCURVE('',#1653,#1658);
#1653 = CYLINDRICAL_SURFACE('',#1654,6.);
#1654 = AXIS2_PLACEMENT_3D('',#1655,#1656,#1657);
#1655 = CARTESIAN_POINT('',(5.,0.,-1.));
#1656 = DIRECTION('',(0.,0.,-1.));
#1657 = DIRECTION('',(0.,1.,0.));
#1658 = DEFINITIONAL_REPRESENTATION('',(#1659),#1663);
#1659 = LINE('',#1660,#1661);
#1660 = CARTESIAN_POINT('',(0.,-16.6));
#1661 = VECTOR('',#1662,1.);
#1662 = DIRECTION('',(1.,0.));
#1663 = ( GEOMETRIC_REPRESENTATION_CONTEXT(2) 
PARAMETRIC_REPRESENTATION_CONTEXT() REPRESENTATION_CONTEXT('2D SPACE',''
  ) );
#1664 = ORIENTED_EDGE('',*,*,#1665,.F.);
#1665 = EDGE_CURVE('',#1666,#1633,#1668,.T.);
#1666 = VERTEX_POINT('',#1667);
#1667 = CARTESIAN_POINT('',(-5.,-6.,15.6));
#1668 = SURFACE_CURVE('',#1669,(#1673,#1679),.PCURVE_S1.);
#1669 = LINE('',#1670,#1671);
#1670 = CARTESIAN_POINT('',(11.79598902285,-6.,15.6));
#1671 = VECTOR('',#1672,1.);
#1672 = DIRECTION('',(1.,0.,-0.));
#1673 = PCURVE('',#306,#1674);
#1674 = DEFINITIONAL_REPRESENTATION('',(#1675),#1678);
#1675 = B_SPLINE_CURVE_WITH_KNOTS('',1,(#1676,#1677),.UNSPECIFIED.,.F.,
  .F.,(2,2),(-16.79598902285,-6.79598902285),.PIECEWISE_BEZIER_KNOTS.);
#1676 = CARTESIAN_POINT('',(-39.83012701892,21.803847577293));
#1677 = CARTESIAN_POINT('',(-31.16987298107,26.803847577293));
#1678 = ( GEOMETRIC_REPRESENTATION_CONTEXT(2) 
PARAMETRIC_REPRESENTATION_CONTEXT() REPRESENTATION_CONTEXT('2D SPACE',''
  ) );
#1679 = PCURVE('',#1680,#1685);
#1680 = PLANE('',#1681);
#1681 = AXIS2_PLACEMENT_3D('',#1682,#1683,#1684);
#1682 = CARTESIAN_POINT('',(5.,-6.,-1.));
#1683 = DIRECTION('',(0.,-1.,0.));
#1684 = DIRECTION('',(-1.,0.,0.));
#1685 = DEFINITIONAL_REPRESENTATION('',(#1686),#1689);
#1686 = B_SPLINE_CURVE_WITH_KNOTS('',1,(#1687,#1688),.UNSPECIFIED.,.F.,
  .F.,(2,2),(-16.79598902285,-6.79598902285),.PIECEWISE_BEZIER_KNOTS.);
#1687 = CARTESIAN_POINT('',(10.,-16.6));
#1688 = CARTESIAN_POINT('',(0.,-16.6));
#1689 = ( GEOMETRIC_REPRESENTATION_CONTEXT(2) 
PARAMETRIC_REPRESENTATION_CONTEXT() REPRESENTATION_CONTEXT('2D SPACE',''
  ) );
#1690 = ORIENTED_EDGE('',*,*,#1691,.T.);
#1691 = EDGE_CURVE('',#1666,#1607,#1692,.T.);
#1692 = SURFACE_CURVE('',#1693,(#1698,#1709),.PCURVE_S1.);
#1693 = CIRCLE('',#1694,6.);
#1694 = AXIS2_PLACEMENT_3D('',#1695,#1696,#1697);
#1695 = CARTESIAN_POINT('',(-5.,0.,15.6));
#1696 = DIRECTION('',(0.,0.,-1.));
#1697 = DIRECTION('',(0.,-1.,0.));
#1698 = PCURVE('',#306,#1699);
#1699 = DEFINITIONAL_REPRESENTATION('',(#1700),#1708);
#1700 = ( BOUNDED_CURVE() B_SPLINE_CURVE(2,(#1701,#1702,#1703,#1704,
#1705,#1706,#1707),.UNSPECIFIED.,.T.,.F.) B_SPLINE_CURVE_WITH_KNOTS((1,2
    ,2,2,2,1),(-2.094395102393,0.,2.094395102393,4.188790204786,
6.28318530718,8.377580409573),.UNSPECIFIED.) CURVE() 
GEOMETRIC_REPRESENTATION_ITEM() RATIONAL_B_SPLINE_CURVE((1.,0.5,1.,0.5,
1.,0.5,1.)) REPRESENTATION_ITEM('') );
#1701 = CARTESIAN_POINT('',(-39.83012701892,21.803847577293));
#1702 = CARTESIAN_POINT('',(-48.83012701892,16.607695154587));
#1703 = CARTESIAN_POINT('',(-48.83012701892,27.));
#1704 = CARTESIAN_POINT('',(-48.83012701892,37.392304845413));
#1705 = CARTESIAN_POINT('',(-39.83012701892,32.196152422707));
#1706 = CARTESIAN_POINT('',(-30.83012701892,27.));
#1707 = CARTESIAN_POINT('',(-39.83012701892,21.803847577293));
#1708 = ( GEOMETRIC_REPRESENTATION_CONTEXT(2) 
PARAMETRIC_REPRESENTATION_CONTEXT() REPRESENTATION_CONTEXT('2D SPACE',''
  ) );
#1709 = PCURVE('',#1710,#1715);
#1710 = CYLINDRICAL_SURFACE('',#1711,6.);
#1711 = AXIS2_PLACEMENT_3D('',#1712,#1713,#1714);
#1712 = CARTESIAN_POINT('',(-5.,0.,-1.));
#1713 = DIRECTION('',(0.,0.,-1.));
#1714 = DIRECTION('',(0.,-1.,0.));
#1715 = DEFINITIONAL_REPRESENTATION('',(#1716),#1720);
#1716 = LINE('',#1717,#1718);
#1717 = CARTESIAN_POINT('',(0.,-16.6));
#1718 = VECTOR('',#1719,1.);
#1719 = DIRECTION('',(1.,0.));
#1720 = ( GEOMETRIC_REPRESENTATION_CONTEXT(2) 
PARAMETRIC_REPRESENTATION_CONTEXT() REPRESENTATION_CONTEXT('2D SPACE',''
  ) );
#1721 = FACE_BOUND('',#1722,.F.);
#1722 = EDGE_LOOP('',(#1723,#1751,#1784,#1810));
#1723 = ORIENTED_EDGE('',*,*,#1724,.F.);
#1724 = EDGE_CURVE('',#1725,#1727,#1729,.T.);
#1725 = VERTEX_POINT('',#1726);
#1726 = CARTESIAN_POINT('',(30.7,26.3,15.6));
#1727 = VERTEX_POINT('',#1728);
#1728 = CARTESIAN_POINT('',(27.3,26.3,15.6));
#1729 = SURFACE_CURVE('',#1730,(#1734,#1740),.PCURVE_S1.);
#1730 = LINE('',#1731,#1732);
#1731 = CARTESIAN_POINT('',(22.94598902285,26.3,15.6));
#1732 = VECTOR('',#1733,1.);
#1733 = DIRECTION('',(-1.,0.,0.));
#1734 = PCURVE('',#306,#1735);
#1735 = DEFINITIONAL_REPRESENTATION('',(#1736),#1739);
#1736 = B_SPLINE_CURVE_WITH_KNOTS('',1,(#1737,#1738),.UNSPECIFIED.,.F.,
  .F.,(2,2),(-7.75401097715,-4.35401097715),.PIECEWISE_BEZIER_KNOTS.);
#1737 = CARTESIAN_POINT('',(-25.06302010381,67.626468119531));
#1738 = CARTESIAN_POINT('',(-28.00750647668,65.926468119531));
#1739 = ( GEOMETRIC_REPRESENTATION_CONTEXT(2) 
PARAMETRIC_REPRESENTATION_CONTEXT() REPRESENTATION_CONTEXT('2D SPACE',''
  ) );
#1740 = PCURVE('',#1741,#1746);
#1741 = PLANE('',#1742);
#1742 = AXIS2_PLACEMENT_3D('',#1743,#1744,#1745);
#1743 = CARTESIAN_POINT('',(27.3,26.3,-1.));
#1744 = DIRECTION('',(0.,1.,0.));
#1745 = DIRECTION('',(1.,0.,0.));
#1746 = DEFINITIONAL_REPRESENTATION('',(#1747),#1750);
#1747 = B_SPLINE_CURVE_WITH_KNOTS('',1,(#1748,#1749),.UNSPECIFIED.,.F.,
  .F.,(2,2),(-7.75401097715,-4.35401097715),.PIECEWISE_BEZIER_KNOTS.);
#1748 = CARTESIAN_POINT('',(3.4,-16.6));
#1749 = CARTESIAN_POINT('',(0.,-16.6));
#1750 = ( GEOMETRIC_REPRESENTATION_CONTEXT(2) 
PARAMETRIC_REPRESENTATION_CONTEXT() REPRESENTATION_CONTEXT('2D SPACE',''
  ) );
#1751 = ORIENTED_EDGE('',*,*,#1752,.T.);
#1752 = EDGE_CURVE('',#1725,#1753,#1755,.T.);
#1753 = VERTEX_POINT('',#1754);
#1754 = CARTESIAN_POINT('',(30.7,22.7,15.6));
#1755 = SURFACE_CURVE('',#1756,(#1761,#1772),.PCURVE_S1.);
#1756 = CIRCLE('',#1757,1.8);
#1757 = AXIS2_PLACEMENT_3D('',#1758,#1759,#1760);
#1758 = CARTESIAN_POINT('',(30.7,24.5,15.6));
#1759 = DIRECTION('',(0.,0.,-1.));
#1760 = DIRECTION('',(0.,1.,0.));
#1761 = PCURVE('',#306,#1762);
#1762 = DEFINITIONAL_REPRESENTATION('',(#1763),#1771);
#1763 = ( BOUNDED_CURVE() B_SPLINE_CURVE(2,(#1764,#1765,#1766,#1767,
#1768,#1769,#1770),.UNSPECIFIED.,.T.,.F.) B_SPLINE_CURVE_WITH_KNOTS((1,2
    ,2,2,2,1),(-2.094395102393,0.,2.094395102393,4.188790204786,
6.28318530718,8.377580409573),.UNSPECIFIED.) CURVE() 
GEOMETRIC_REPRESENTATION_ITEM() RATIONAL_B_SPLINE_CURVE((1.,0.5,1.,0.5,
1.,0.5,1.)) REPRESENTATION_ITEM('') );
#1764 = CARTESIAN_POINT('',(-25.06302010381,67.626468119531));
#1765 = CARTESIAN_POINT('',(-22.36302010381,69.185313846343));
#1766 = CARTESIAN_POINT('',(-22.36302010381,66.067622392719));
#1767 = CARTESIAN_POINT('',(-22.36302010381,62.949930939095));
#1768 = CARTESIAN_POINT('',(-25.06302010381,64.508776665907));
#1769 = CARTESIAN_POINT('',(-27.76302010381,66.067622392719));
#1770 = CARTESIAN_POINT('',(-25.06302010381,67.626468119531));
#1771 = ( GEOMETRIC_REPRESENTATION_CONTEXT(2) 
PARAMETRIC_REPRESENTATION_CONTEXT() REPRESENTATION_CONTEXT('2D SPACE',''
  ) );
#1772 = PCURVE('',#1773,#1778);
#1773 = CYLINDRICAL_SURFACE('',#1774,1.8);
#1774 = AXIS2_PLACEMENT_3D('',#1775,#1776,#1777);
#1775 = CARTESIAN_POINT('',(30.7,24.5,-1.));
#1776 = DIRECTION('',(0.,0.,-1.));
#1777 = DIRECTION('',(0.,1.,0.));
#1778 = DEFINITIONAL_REPRESENTATION('',(#1779),#1783);
#1779 = LINE('',#1780,#1781);
#1780 = CARTESIAN_POINT('',(0.,-16.6));
#1781 = VECTOR('',#1782,1.);
#1782 = DIRECTION('',(1.,0.));
#1783 = ( GEOMETRIC_REPRESENTATION_CONTEXT(2) 
PARAMETRIC_REPRESENTATION_CONTEXT() REPRESENTATION_CONTEXT('2D SPACE',''
  ) );
#1784 = ORIENTED_EDGE('',*,*,#1785,.F.);
#1785 = EDGE_CURVE('',#1786,#1753,#1788,.T.);
#1786 = VERTEX_POINT('',#1787);
#1787 = CARTESIAN_POINT('',(27.3,22.7,15.6));
#1788 = SURFACE_CURVE('',#1789,(#1793,#1799),.PCURVE_S1.);
#1789 = LINE('',#1790,#1791);
#1790 = CARTESIAN_POINT('',(24.64598902285,22.7,15.6));
#1791 = VECTOR('',#1792,1.);
#1792 = DIRECTION('',(1.,0.,-0.));
#1793 = PCURVE('',#306,#1794);
#1794 = DEFINITIONAL_REPRESENTATION('',(#1795),#1798);
#1795 = B_SPLINE_CURVE_WITH_KNOTS('',1,(#1796,#1797),.UNSPECIFIED.,.F.,
  .F.,(2,2),(2.65401097715,6.05401097715),.PIECEWISE_BEZIER_KNOTS.);
#1796 = CARTESIAN_POINT('',(-26.20750647668,62.808776665907));
#1797 = CARTESIAN_POINT('',(-23.26302010381,64.508776665907));
#1798 = ( GEOMETRIC_REPRESENTATION_CONTEXT(2) 
PARAMETRIC_REPRESENTATION_CONTEXT() REPRESENTATION_CONTEXT('2D SPACE',''
  ) );
#1799 = PCURVE('',#1800,#1805);
#1800 = PLANE('',#1801);
#1801 = AXIS2_PLACEMENT_3D('',#1802,#1803,#1804);
#1802 = CARTESIAN_POINT('',(30.7,22.7,-1.));
#1803 = DIRECTION('',(0.,-1.,0.));
#1804 = DIRECTION('',(-1.,0.,0.));
#1805 = DEFINITIONAL_REPRESENTATION('',(#1806),#1809);
#1806 = B_SPLINE_CURVE_WITH_KNOTS('',1,(#1807,#1808),.UNSPECIFIED.,.F.,
  .F.,(2,2),(2.65401097715,6.05401097715),.PIECEWISE_BEZIER_KNOTS.);
#1807 = CARTESIAN_POINT('',(3.4,-16.6));
#1808 = CARTESIAN_POINT('',(0.,-16.6));
#1809 = ( GEOMETRIC_REPRESENTATION_CONTEXT(2) 
PARAMETRIC_REPRESENTATION_CONTEXT() REPRESENTATION_CONTEXT('2D SPACE',''
  ) );
#1810 = ORIENTED_EDGE('',*,*,#1811,.T.);
#1811 = EDGE_CURVE('',#1786,#1727,#1812,.T.);
#1812 = SURFACE_CURVE('',#1813,(#1818,#1829),.PCURVE_S1.);
#1813 = CIRCLE('',#1814,1.8);
#1814 = AXIS2_PLACEMENT_3D('',#1815,#1816,#1817);
#1815 = CARTESIAN_POINT('',(27.3,24.5,15.6));
#1816 = DIRECTION('',(0.,0.,-1.));
#1817 = DIRECTION('',(0.,-1.,0.));
#1818 = PCURVE('',#306,#1819);
#1819 = DEFINITIONAL_REPRESENTATION('',(#1820),#1828);
#1820 = ( BOUNDED_CURVE() B_SPLINE_CURVE(2,(#1821,#1822,#1823,#1824,
#1825,#1826,#1827),.UNSPECIFIED.,.T.,.F.) B_SPLINE_CURVE_WITH_KNOTS((1,2
    ,2,2,2,1),(-2.094395102393,0.,2.094395102393,4.188790204786,
6.28318530718,8.377580409573),.UNSPECIFIED.) CURVE() 
GEOMETRIC_REPRESENTATION_ITEM() RATIONAL_B_SPLINE_CURVE((1.,0.5,1.,0.5,
1.,0.5,1.)) REPRESENTATION_ITEM('') );
#1821 = CARTESIAN_POINT('',(-26.20750647668,62.808776665907));
#1822 = CARTESIAN_POINT('',(-28.90750647668,61.249930939095));
#1823 = CARTESIAN_POINT('',(-28.90750647668,64.367622392719));
#1824 = CARTESIAN_POINT('',(-28.90750647668,67.485313846343));
#1825 = CARTESIAN_POINT('',(-26.20750647668,65.926468119531));
#1826 = CARTESIAN_POINT('',(-23.50750647668,64.367622392719));
#1827 = CARTESIAN_POINT('',(-26.20750647668,62.808776665907));
#1828 = ( GEOMETRIC_REPRESENTATION_CONTEXT(2) 
PARAMETRIC_REPRESENTATION_CONTEXT() REPRESENTATION_CONTEXT('2D SPACE',''
  ) );
#1829 = PCURVE('',#1830,#1835);
#1830 = CYLINDRICAL_SURFACE('',#1831,1.8);
#1831 = AXIS2_PLACEMENT_3D('',#1832,#1833,#1834);
#1832 = CARTESIAN_POINT('',(27.3,24.5,-1.));
#1833 = DIRECTION('',(0.,0.,-1.));
#1834 = DIRECTION('',(0.,-1.,0.));
#1835 = DEFINITIONAL_REPRESENTATION('',(#1836),#1840);
#1836 = LINE('',#1837,#1838);
#1837 = CARTESIAN_POINT('',(0.,-16.6));
#1838 = VECTOR('',#1839,1.);
#1839 = DIRECTION('',(1.,0.));
#1840 = ( GEOMETRIC_REPRESENTATION_CONTEXT(2) 
PARAMETRIC_REPRESENTATION_CONTEXT() REPRESENTATION_CONTEXT('2D SPACE',''
  ) );
#1841 = ADVANCED_FACE('',(#1842),#334,.T.);
#1842 = FACE_BOUND('',#1843,.F.);
#1843 = EDGE_LOOP('',(#1844,#1845,#1868,#1890));
#1844 = ORIENTED_EDGE('',*,*,#1212,.T.);
#1845 = ORIENTED_EDGE('',*,*,#1846,.T.);
#1846 = EDGE_CURVE('',#1191,#1847,#1849,.T.);
#1847 = VERTEX_POINT('',#1848);
#1848 = CARTESIAN_POINT('',(-63.21985447626,-12.5,18.));
#1849 = SURFACE_CURVE('',#1850,(#1854,#1861),.PCURVE_S1.);
#1850 = LINE('',#1851,#1852);
#1851 = CARTESIAN_POINT('',(-63.21985447626,-12.5,0.));
#1852 = VECTOR('',#1853,1.);
#1853 = DIRECTION('',(0.,0.,1.));
#1854 = PCURVE('',#334,#1855);
#1855 = DEFINITIONAL_REPRESENTATION('',(#1856),#1860);
#1856 = LINE('',#1857,#1858);
#1857 = CARTESIAN_POINT('',(-2.617993877991,0.));
#1858 = VECTOR('',#1859,1.);
#1859 = DIRECTION('',(-0.,-1.));
#1860 = ( GEOMETRIC_REPRESENTATION_CONTEXT(2) 
PARAMETRIC_REPRESENTATION_CONTEXT() REPRESENTATION_CONTEXT('2D SPACE',''
  ) );
#1861 = PCURVE('',#1039,#1862);
#1862 = DEFINITIONAL_REPRESENTATION('',(#1863),#1867);
#1863 = LINE('',#1864,#1865);
#1864 = CARTESIAN_POINT('',(0.,84.870489570875));
#1865 = VECTOR('',#1866,1.);
#1866 = DIRECTION('',(1.,0.));
#1867 = ( GEOMETRIC_REPRESENTATION_CONTEXT(2) 
PARAMETRIC_REPRESENTATION_CONTEXT() REPRESENTATION_CONTEXT('2D SPACE',''
  ) );
#1868 = ORIENTED_EDGE('',*,*,#1869,.T.);
#1869 = EDGE_CURVE('',#1847,#319,#1870,.T.);
#1870 = SURFACE_CURVE('',#1871,(#1876,#1883),.PCURVE_S1.);
#1871 = CIRCLE('',#1872,24.);
#1872 = AXIS2_PLACEMENT_3D('',#1873,#1874,#1875);
#1873 = CARTESIAN_POINT('',(-42.43524478543,-24.5,18.));
#1874 = DIRECTION('',(0.,0.,1.));
#1875 = DIRECTION('',(1.,0.,0.));
#1876 = PCURVE('',#334,#1877);
#1877 = DEFINITIONAL_REPRESENTATION('',(#1878),#1882);
#1878 = LINE('',#1879,#1880);
#1879 = CARTESIAN_POINT('',(-0.,-18.));
#1880 = VECTOR('',#1881,1.);
#1881 = DIRECTION('',(-1.,0.));
#1882 = ( GEOMETRIC_REPRESENTATION_CONTEXT(2) 
PARAMETRIC_REPRESENTATION_CONTEXT() REPRESENTATION_CONTEXT('2D SPACE',''
  ) );
#1883 = PCURVE('',#362,#1884);
#1884 = DEFINITIONAL_REPRESENTATION('',(#1885),#1889);
#1885 = CIRCLE('',#1886,24.);
#1886 = AXIS2_PLACEMENT_2D('',#1887,#1888);
#1887 = CARTESIAN_POINT('',(42.435244785437,97.5));
#1888 = DIRECTION('',(-0.5,-0.866025403784));
#1889 = ( GEOMETRIC_REPRESENTATION_CONTEXT(2) 
PARAMETRIC_REPRESENTATION_CONTEXT() REPRESENTATION_CONTEXT('2D SPACE',''
  ) );
#1890 = ORIENTED_EDGE('',*,*,#318,.F.);
#1891 = ADVANCED_FACE('',(#1892),#390,.T.);
#1892 = FACE_BOUND('',#1893,.F.);
#1893 = EDGE_LOOP('',(#1894,#1917,#1918,#1919));
#1894 = ORIENTED_EDGE('',*,*,#1895,.F.);
#1895 = EDGE_CURVE('',#774,#1896,#1898,.T.);
#1896 = VERTEX_POINT('',#1897);
#1897 = CARTESIAN_POINT('',(63.219854476264,-12.5,18.));
#1898 = SURFACE_CURVE('',#1899,(#1903,#1910),.PCURVE_S1.);
#1899 = LINE('',#1900,#1901);
#1900 = CARTESIAN_POINT('',(63.219854476264,-12.5,0.));
#1901 = VECTOR('',#1902,1.);
#1902 = DIRECTION('',(0.,0.,1.));
#1903 = PCURVE('',#390,#1904);
#1904 = DEFINITIONAL_REPRESENTATION('',(#1905),#1909);
#1905 = LINE('',#1906,#1907);
#1906 = CARTESIAN_POINT('',(-6.806784082778,0.));
#1907 = VECTOR('',#1908,1.);
#1908 = DIRECTION('',(-0.,-1.));
#1909 = ( GEOMETRIC_REPRESENTATION_CONTEXT(2) 
PARAMETRIC_REPRESENTATION_CONTEXT() REPRESENTATION_CONTEXT('2D SPACE',''
  ) );
#1910 = PCURVE('',#817,#1911);
#1911 = DEFINITIONAL_REPRESENTATION('',(#1912),#1916);
#1912 = LINE('',#1913,#1914);
#1913 = CARTESIAN_POINT('',(0.,0.));
#1914 = VECTOR('',#1915,1.);
#1915 = DIRECTION('',(1.,0.));
#1916 = ( GEOMETRIC_REPRESENTATION_CONTEXT(2) 
PARAMETRIC_REPRESENTATION_CONTEXT() REPRESENTATION_CONTEXT('2D SPACE',''
  ) );
#1917 = ORIENTED_EDGE('',*,*,#773,.T.);
#1918 = ORIENTED_EDGE('',*,*,#374,.T.);
#1919 = ORIENTED_EDGE('',*,*,#1920,.T.);
#1920 = EDGE_CURVE('',#347,#1896,#1921,.T.);
#1921 = SURFACE_CURVE('',#1922,(#1927,#1934),.PCURVE_S1.);
#1922 = CIRCLE('',#1923,24.);
#1923 = AXIS2_PLACEMENT_3D('',#1924,#1925,#1926);
#1924 = CARTESIAN_POINT('',(42.435244785437,-24.5,18.));
#1925 = DIRECTION('',(0.,0.,1.));
#1926 = DIRECTION('',(-2.960594732334E-16,-1.,0.));
#1927 = PCURVE('',#390,#1928);
#1928 = DEFINITIONAL_REPRESENTATION('',(#1929),#1933);
#1929 = LINE('',#1930,#1931);
#1930 = CARTESIAN_POINT('',(-4.712388980385,-18.));
#1931 = VECTOR('',#1932,1.);
#1932 = DIRECTION('',(-1.,0.));
#1933 = ( GEOMETRIC_REPRESENTATION_CONTEXT(2) 
PARAMETRIC_REPRESENTATION_CONTEXT() REPRESENTATION_CONTEXT('2D SPACE',''
  ) );
#1934 = PCURVE('',#362,#1935);
#1935 = DEFINITIONAL_REPRESENTATION('',(#1936),#1940);
#1936 = CIRCLE('',#1937,24.);
#1937 = AXIS2_PLACEMENT_2D('',#1938,#1939);
#1938 = CARTESIAN_POINT('',(0.,24.));
#1939 = DIRECTION('',(-0.866025403784,0.5));
#1940 = ( GEOMETRIC_REPRESENTATION_CONTEXT(2) 
PARAMETRIC_REPRESENTATION_CONTEXT() REPRESENTATION_CONTEXT('2D SPACE',''
  ) );
#1941 = ADVANCED_FACE('',(#1942,#2019,#2119,#2219,#2319,#2419),#362,.T.
  );
#1942 = FACE_BOUND('',#1943,.T.);
#1943 = EDGE_LOOP('',(#1944,#1967,#1995,#2016,#2017,#2018));
#1944 = ORIENTED_EDGE('',*,*,#1945,.T.);
#1945 = EDGE_CURVE('',#1896,#1946,#1948,.T.);
#1946 = VERTEX_POINT('',#1947);
#1947 = CARTESIAN_POINT('',(20.784609690827,61.,18.));
#1948 = SURFACE_CURVE('',#1949,(#1953,#1960),.PCURVE_S1.);
#1949 = LINE('',#1950,#1951);
#1950 = CARTESIAN_POINT('',(63.219854476264,-12.5,18.));
#1951 = VECTOR('',#1952,1.);
#1952 = DIRECTION('',(-0.5,0.866025403784,0.));
#1953 = PCURVE('',#362,#1954);
#1954 = DEFINITIONAL_REPRESENTATION('',(#1955),#1959);
#1955 = LINE('',#1956,#1957);
#1956 = CARTESIAN_POINT('',(0.,0.));
#1957 = VECTOR('',#1958,1.);
#1958 = DIRECTION('',(1.,0.));
#1959 = ( GEOMETRIC_REPRESENTATION_CONTEXT(2) 
PARAMETRIC_REPRESENTATION_CONTEXT() REPRESENTATION_CONTEXT('2D SPACE',''
  ) );
#1960 = PCURVE('',#817,#1961);
#1961 = DEFINITIONAL_REPRESENTATION('',(#1962),#1966);
#1962 = LINE('',#1963,#1964);
#1963 = CARTESIAN_POINT('',(18.,0.));
#1964 = VECTOR('',#1965,1.);
#1965 = DIRECTION('',(0.,1.));
#1966 = ( GEOMETRIC_REPRESENTATION_CONTEXT(2) 
PARAMETRIC_REPRESENTATION_CONTEXT() REPRESENTATION_CONTEXT('2D SPACE',''
  ) );
#1967 = ORIENTED_EDGE('',*,*,#1968,.F.);
#1968 = EDGE_CURVE('',#1969,#1946,#1971,.T.);
#1969 = VERTEX_POINT('',#1970);
#1970 = CARTESIAN_POINT('',(-20.78460969082,61.,18.));
#1971 = SURFACE_CURVE('',#1972,(#1977,#1988),.PCURVE_S1.);
#1972 = CIRCLE('',#1973,24.);
#1973 = AXIS2_PLACEMENT_3D('',#1974,#1975,#1976);
#1974 = CARTESIAN_POINT('',(3.000384657911E-15,49.,18.));
#1975 = DIRECTION('',(0.,0.,-1.));
#1976 = DIRECTION('',(-0.866025403784,0.5,0.));
#1977 = PCURVE('',#362,#1978);
#1978 = DEFINITIONAL_REPRESENTATION('',(#1979),#1987);
#1979 = ( BOUNDED_CURVE() B_SPLINE_CURVE(2,(#1980,#1981,#1982,#1983,
#1984,#1985,#1986),.UNSPECIFIED.,.T.,.F.) B_SPLINE_CURVE_WITH_KNOTS((1,2
    ,2,2,2,1),(-2.094395102393,0.,2.094395102393,4.188790204786,
6.28318530718,8.377580409573),.UNSPECIFIED.) CURVE() 
GEOMETRIC_REPRESENTATION_ITEM() RATIONAL_B_SPLINE_CURVE((1.,0.5,1.,0.5,
1.,0.5,1.)) REPRESENTATION_ITEM('') );
#1980 = CARTESIAN_POINT('',(105.6550992617,36.));
#1981 = CARTESIAN_POINT('',(126.43970895252,3.907985046681E-14));
#1982 = CARTESIAN_POINT('',(84.870489570875,-1.06581410364E-14));
#1983 = CARTESIAN_POINT('',(43.301270189222,-5.329070518201E-14));
#1984 = CARTESIAN_POINT('',(64.085879880048,36.));
#1985 = CARTESIAN_POINT('',(84.870489570875,72.));
#1986 = CARTESIAN_POINT('',(105.6550992617,36.));
#1987 = ( GEOMETRIC_REPRESENTATION_CONTEXT(2) 
PARAMETRIC_REPRESENTATION_CONTEXT() REPRESENTATION_CONTEXT('2D SPACE',''
  ) );
#1988 = PCURVE('',#1011,#1989);
#1989 = DEFINITIONAL_REPRESENTATION('',(#1990),#1994);
#1990 = LINE('',#1991,#1992);
#1991 = CARTESIAN_POINT('',(-8.901179185171,-18.));
#1992 = VECTOR('',#1993,1.);
#1993 = DIRECTION('',(1.,-0.));
#1994 = ( GEOMETRIC_REPRESENTATION_CONTEXT(2) 
PARAMETRIC_REPRESENTATION_CONTEXT() REPRESENTATION_CONTEXT('2D SPACE',''
  ) );
#1995 = ORIENTED_EDGE('',*,*,#1996,.T.);
#1996 = EDGE_CURVE('',#1969,#1847,#1997,.T.);
#1997 = SURFACE_CURVE('',#1998,(#2002,#2009),.PCURVE_S1.);
#1998 = LINE('',#1999,#2000);
#1999 = CARTESIAN_POINT('',(-20.78460969082,61.,18.));
#2000 = VECTOR('',#2001,1.);
#2001 = DIRECTION('',(-0.5,-0.866025403784,0.));
#2002 = PCURVE('',#362,#2003);
#2003 = DEFINITIONAL_REPRESENTATION('',(#2004),#2008);
#2004 = LINE('',#2005,#2006);
#2005 = CARTESIAN_POINT('',(105.6550992617,36.));
#2006 = VECTOR('',#2007,1.);
#2007 = DIRECTION('',(-0.5,0.866025403784));
#2008 = ( GEOMETRIC_REPRESENTATION_CONTEXT(2) 
PARAMETRIC_REPRESENTATION_CONTEXT() REPRESENTATION_CONTEXT('2D SPACE',''
  ) );
#2009 = PCURVE('',#1039,#2010);
#2010 = DEFINITIONAL_REPRESENTATION('',(#2011),#2015);
#2011 = LINE('',#2012,#2013);
#2012 = CARTESIAN_POINT('',(18.,0.));
#2013 = VECTOR('',#2014,1.);
#2014 = DIRECTION('',(0.,1.));
#2015 = ( GEOMETRIC_REPRESENTATION_CONTEXT(2) 
PARAMETRIC_REPRESENTATION_CONTEXT() REPRESENTATION_CONTEXT('2D SPACE',''
  ) );
#2016 = ORIENTED_EDGE('',*,*,#1869,.T.);
#2017 = ORIENTED_EDGE('',*,*,#346,.T.);
#2018 = ORIENTED_EDGE('',*,*,#1920,.T.);
#2019 = FACE_BOUND('',#2020,.T.);
#2020 = EDGE_LOOP('',(#2021,#2044,#2072,#2093));
#2021 = ORIENTED_EDGE('',*,*,#2022,.F.);
#2022 = EDGE_CURVE('',#2023,#2025,#2027,.T.);
#2023 = VERTEX_POINT('',#2024);
#2024 = CARTESIAN_POINT('',(30.7,-22.7,18.));
#2025 = VERTEX_POINT('',#2026);
#2026 = CARTESIAN_POINT('',(27.3,-22.7,18.));
#2027 = SURFACE_CURVE('',#2028,(#2032,#2038),.PCURVE_S1.);
#2028 = LINE('',#2029,#2030);
#2029 = CARTESIAN_POINT('',(45.259927238132,-22.7,18.));
#2030 = VECTOR('',#2031,1.);
#2031 = DIRECTION('',(-1.,0.,0.));
#2032 = PCURVE('',#362,#2033);
#2033 = DEFINITIONAL_REPRESENTATION('',(#2034),#2037);
#2034 = B_SPLINE_CURVE_WITH_KNOTS('',1,(#2035,#2036),.UNSPECIFIED.,.F.,
  .F.,(2,2),(14.559927238132,17.959927238132),.PIECEWISE_BEZIER_KNOTS.);
#2035 = CARTESIAN_POINT('',(7.426468119531,33.263020103818));
#2036 = CARTESIAN_POINT('',(9.126468119531,36.207506476685));
#2037 = ( GEOMETRIC_REPRESENTATION_CONTEXT(2) 
PARAMETRIC_REPRESENTATION_CONTEXT() REPRESENTATION_CONTEXT('2D SPACE',''
  ) );
#2038 = PCURVE('',#1381,#2039);
#2039 = DEFINITIONAL_REPRESENTATION('',(#2040),#2043);
#2040 = B_SPLINE_CURVE_WITH_KNOTS('',1,(#2041,#2042),.UNSPECIFIED.,.F.,
  .F.,(2,2),(14.559927238132,17.959927238132),.PIECEWISE_BEZIER_KNOTS.);
#2041 = CARTESIAN_POINT('',(3.4,-19.));
#2042 = CARTESIAN_POINT('',(0.,-19.));
#2043 = ( GEOMETRIC_REPRESENTATION_CONTEXT(2) 
PARAMETRIC_REPRESENTATION_CONTEXT() REPRESENTATION_CONTEXT('2D SPACE',''
  ) );
#2044 = ORIENTED_EDGE('',*,*,#2045,.T.);
#2045 = EDGE_CURVE('',#2023,#2046,#2048,.T.);
#2046 = VERTEX_POINT('',#2047);
#2047 = CARTESIAN_POINT('',(30.7,-26.3,18.));
#2048 = SURFACE_CURVE('',#2049,(#2054,#2065),.PCURVE_S1.);
#2049 = CIRCLE('',#2050,1.8);
#2050 = AXIS2_PLACEMENT_3D('',#2051,#2052,#2053);
#2051 = CARTESIAN_POINT('',(30.7,-24.5,18.));
#2052 = DIRECTION('',(0.,0.,-1.));
#2053 = DIRECTION('',(0.,1.,0.));
#2054 = PCURVE('',#362,#2055);
#2055 = DEFINITIONAL_REPRESENTATION('',(#2056),#2064);
#2056 = ( BOUNDED_CURVE() B_SPLINE_CURVE(2,(#2057,#2058,#2059,#2060,
#2061,#2062,#2063),.UNSPECIFIED.,.T.,.F.) B_SPLINE_CURVE_WITH_KNOTS((1,2
    ,2,2,2,1),(-2.094395102393,0.,2.094395102393,4.188790204786,
6.28318530718,8.377580409573),.UNSPECIFIED.) CURVE() 
GEOMETRIC_REPRESENTATION_ITEM() RATIONAL_B_SPLINE_CURVE((1.,0.5,1.,0.5,
1.,0.5,1.)) REPRESENTATION_ITEM('') );
#2057 = CARTESIAN_POINT('',(7.426468119531,33.263020103818));
#2058 = CARTESIAN_POINT('',(5.867622392719,30.563020103818));
#2059 = CARTESIAN_POINT('',(4.308776665907,33.263020103818));
#2060 = CARTESIAN_POINT('',(2.749930939095,35.963020103818));
#2061 = CARTESIAN_POINT('',(5.867622392719,35.963020103818));
#2062 = CARTESIAN_POINT('',(8.985313846343,35.963020103818));
#2063 = CARTESIAN_POINT('',(7.426468119531,33.263020103818));
#2064 = ( GEOMETRIC_REPRESENTATION_CONTEXT(2) 
PARAMETRIC_REPRESENTATION_CONTEXT() REPRESENTATION_CONTEXT('2D SPACE',''
  ) );
#2065 = PCURVE('',#1413,#2066);
#2066 = DEFINITIONAL_REPRESENTATION('',(#2067),#2071);
#2067 = LINE('',#2068,#2069);
#2068 = CARTESIAN_POINT('',(0.,-19.));
#2069 = VECTOR('',#2070,1.);
#2070 = DIRECTION('',(1.,0.));
#2071 = ( GEOMETRIC_REPRESENTATION_CONTEXT(2) 
PARAMETRIC_REPRESENTATION_CONTEXT() REPRESENTATION_CONTEXT('2D SPACE',''
  ) );
#2072 = ORIENTED_EDGE('',*,*,#2073,.F.);
#2073 = EDGE_CURVE('',#2074,#2046,#2076,.T.);
#2074 = VERTEX_POINT('',#2075);
#2075 = CARTESIAN_POINT('',(27.3,-26.3,18.));
#2076 = SURFACE_CURVE('',#2077,(#2081,#2087),.PCURVE_S1.);
#2077 = LINE('',#2078,#2079);
#2078 = CARTESIAN_POINT('',(46.959927238132,-26.3,18.));
#2079 = VECTOR('',#2080,1.);
#2080 = DIRECTION('',(1.,0.,-0.));
#2081 = PCURVE('',#362,#2082);
#2082 = DEFINITIONAL_REPRESENTATION('',(#2083),#2086);
#2083 = B_SPLINE_CURVE_WITH_KNOTS('',1,(#2084,#2085),.UNSPECIFIED.,.F.,
  .F.,(2,2),(-19.65992723813,-16.25992723813),.PIECEWISE_BEZIER_KNOTS.);
#2084 = CARTESIAN_POINT('',(6.008776665907,38.007506476685));
#2085 = CARTESIAN_POINT('',(4.308776665907,35.063020103818));
#2086 = ( GEOMETRIC_REPRESENTATION_CONTEXT(2) 
PARAMETRIC_REPRESENTATION_CONTEXT() REPRESENTATION_CONTEXT('2D SPACE',''
  ) );
#2087 = PCURVE('',#1440,#2088);
#2088 = DEFINITIONAL_REPRESENTATION('',(#2089),#2092);
#2089 = B_SPLINE_CURVE_WITH_KNOTS('',1,(#2090,#2091),.UNSPECIFIED.,.F.,
  .F.,(2,2),(-19.65992723813,-16.25992723813),.PIECEWISE_BEZIER_KNOTS.);
#2090 = CARTESIAN_POINT('',(3.4,-19.));
#2091 = CARTESIAN_POINT('',(0.,-19.));
#2092 = ( GEOMETRIC_REPRESENTATION_CONTEXT(2) 
PARAMETRIC_REPRESENTATION_CONTEXT() REPRESENTATION_CONTEXT('2D SPACE',''
  ) );
#2093 = ORIENTED_EDGE('',*,*,#2094,.T.);
#2094 = EDGE_CURVE('',#2074,#2025,#2095,.T.);
#2095 = SURFACE_CURVE('',#2096,(#2101,#2112),.PCURVE_S1.);
#2096 = CIRCLE('',#2097,1.8);
#2097 = AXIS2_PLACEMENT_3D('',#2098,#2099,#2100);
#2098 = CARTESIAN_POINT('',(27.3,-24.5,18.));
#2099 = DIRECTION('',(0.,0.,-1.));
#2100 = DIRECTION('',(0.,-1.,0.));
#2101 = PCURVE('',#362,#2102);
#2102 = DEFINITIONAL_REPRESENTATION('',(#2103),#2111);
#2103 = ( BOUNDED_CURVE() B_SPLINE_CURVE(2,(#2104,#2105,#2106,#2107,
#2108,#2109,#2110),.UNSPECIFIED.,.T.,.F.) B_SPLINE_CURVE_WITH_KNOTS((1,2
    ,2,2,2,1),(-2.094395102393,0.,2.094395102393,4.188790204786,
6.28318530718,8.377580409573),.UNSPECIFIED.) CURVE() 
GEOMETRIC_REPRESENTATION_ITEM() RATIONAL_B_SPLINE_CURVE((1.,0.5,1.,0.5,
1.,0.5,1.)) REPRESENTATION_ITEM('') );
#2104 = CARTESIAN_POINT('',(6.008776665907,38.007506476685));
#2105 = CARTESIAN_POINT('',(7.567622392719,40.707506476685));
#2106 = CARTESIAN_POINT('',(9.126468119531,38.007506476685));
#2107 = CARTESIAN_POINT('',(10.685313846343,35.307506476685));
#2108 = CARTESIAN_POINT('',(7.567622392719,35.307506476685));
#2109 = CARTESIAN_POINT('',(4.449930939095,35.307506476685));
#2110 = CARTESIAN_POINT('',(6.008776665907,38.007506476685));
#2111 = ( GEOMETRIC_REPRESENTATION_CONTEXT(2) 
PARAMETRIC_REPRESENTATION_CONTEXT() REPRESENTATION_CONTEXT('2D SPACE',''
  ) );
#2112 = PCURVE('',#1470,#2113);
#2113 = DEFINITIONAL_REPRESENTATION('',(#2114),#2118);
#2114 = LINE('',#2115,#2116);
#2115 = CARTESIAN_POINT('',(0.,-19.));
#2116 = VECTOR('',#2117,1.);
#2117 = DIRECTION('',(1.,0.));
#2118 = ( GEOMETRIC_REPRESENTATION_CONTEXT(2) 
PARAMETRIC_REPRESENTATION_CONTEXT() REPRESENTATION_CONTEXT('2D SPACE',''
  ) );
#2119 = FACE_BOUND('',#2120,.T.);
#2120 = EDGE_LOOP('',(#2121,#2144,#2172,#2193));
#2121 = ORIENTED_EDGE('',*,*,#2122,.F.);
#2122 = EDGE_CURVE('',#2123,#2125,#2127,.T.);
#2123 = VERTEX_POINT('',#2124);
#2124 = CARTESIAN_POINT('',(30.7,26.3,18.));
#2125 = VERTEX_POINT('',#2126);
#2126 = CARTESIAN_POINT('',(27.3,26.3,18.));
#2127 = SURFACE_CURVE('',#2128,(#2132,#2138),.PCURVE_S1.);
#2128 = LINE('',#2129,#2130);
#2129 = CARTESIAN_POINT('',(45.259927238132,26.3,18.));
#2130 = VECTOR('',#2131,1.);
#2131 = DIRECTION('',(-1.,0.,0.));
#2132 = PCURVE('',#362,#2133);
#2133 = DEFINITIONAL_REPRESENTATION('',(#2134),#2137);
#2134 = B_SPLINE_CURVE_WITH_KNOTS('',1,(#2135,#2136),.UNSPECIFIED.,.F.,
  .F.,(2,2),(14.559927238132,17.959927238132),.PIECEWISE_BEZIER_KNOTS.);
#2135 = CARTESIAN_POINT('',(49.861712904968,8.763020103818));
#2136 = CARTESIAN_POINT('',(51.561712904968,11.707506476685));
#2137 = ( GEOMETRIC_REPRESENTATION_CONTEXT(2) 
PARAMETRIC_REPRESENTATION_CONTEXT() REPRESENTATION_CONTEXT('2D SPACE',''
  ) );
#2138 = PCURVE('',#1741,#2139);
#2139 = DEFINITIONAL_REPRESENTATION('',(#2140),#2143);
#2140 = B_SPLINE_CURVE_WITH_KNOTS('',1,(#2141,#2142),.UNSPECIFIED.,.F.,
  .F.,(2,2),(14.559927238132,17.959927238132),.PIECEWISE_BEZIER_KNOTS.);
#2141 = CARTESIAN_POINT('',(3.4,-19.));
#2142 = CARTESIAN_POINT('',(0.,-19.));
#2143 = ( GEOMETRIC_REPRESENTATION_CONTEXT(2) 
PARAMETRIC_REPRESENTATION_CONTEXT() REPRESENTATION_CONTEXT('2D SPACE',''
  ) );
#2144 = ORIENTED_EDGE('',*,*,#2145,.T.);
#2145 = EDGE_CURVE('',#2123,#2146,#2148,.T.);
#2146 = VERTEX_POINT('',#2147);
#2147 = CARTESIAN_POINT('',(30.7,22.7,18.));
#2148 = SURFACE_CURVE('',#2149,(#2154,#2165),.PCURVE_S1.);
#2149 = CIRCLE('',#2150,1.8);
#2150 = AXIS2_PLACEMENT_3D('',#2151,#2152,#2153);
#2151 = CARTESIAN_POINT('',(30.7,24.5,18.));
#2152 = DIRECTION('',(0.,0.,-1.));
#2153 = DIRECTION('',(0.,1.,0.));
#2154 = PCURVE('',#362,#2155);
#2155 = DEFINITIONAL_REPRESENTATION('',(#2156),#2164);
#2156 = ( BOUNDED_CURVE() B_SPLINE_CURVE(2,(#2157,#2158,#2159,#2160,
#2161,#2162,#2163),.UNSPECIFIED.,.T.,.F.) B_SPLINE_CURVE_WITH_KNOTS((1,2
    ,2,2,2,1),(-2.094395102393,0.,2.094395102393,4.188790204786,
6.28318530718,8.377580409573),.UNSPECIFIED.) CURVE() 
GEOMETRIC_REPRESENTATION_ITEM() RATIONAL_B_SPLINE_CURVE((1.,0.5,1.,0.5,
1.,0.5,1.)) REPRESENTATION_ITEM('') );
#2157 = CARTESIAN_POINT('',(49.861712904968,8.763020103818));
#2158 = CARTESIAN_POINT('',(48.302867178156,6.063020103818));
#2159 = CARTESIAN_POINT('',(46.744021451344,8.763020103818));
#2160 = CARTESIAN_POINT('',(45.185175724532,11.463020103818));
#2161 = CARTESIAN_POINT('',(48.302867178156,11.463020103818));
#2162 = CARTESIAN_POINT('',(51.42055863178,11.463020103818));
#2163 = CARTESIAN_POINT('',(49.861712904968,8.763020103818));
#2164 = ( GEOMETRIC_REPRESENTATION_CONTEXT(2) 
PARAMETRIC_REPRESENTATION_CONTEXT() REPRESENTATION_CONTEXT('2D SPACE',''
  ) );
#2165 = PCURVE('',#1773,#2166);
#2166 = DEFINITIONAL_REPRESENTATION('',(#2167),#2171);
#2167 = LINE('',#2168,#2169);
#2168 = CARTESIAN_POINT('',(0.,-19.));
#2169 = VECTOR('',#2170,1.);
#2170 = DIRECTION('',(1.,0.));
#2171 = ( GEOMETRIC_REPRESENTATION_CONTEXT(2) 
PARAMETRIC_REPRESENTATION_CONTEXT() REPRESENTATION_CONTEXT('2D SPACE',''
  ) );
#2172 = ORIENTED_EDGE('',*,*,#2173,.F.);
#2173 = EDGE_CURVE('',#2174,#2146,#2176,.T.);
#2174 = VERTEX_POINT('',#2175);
#2175 = CARTESIAN_POINT('',(27.3,22.7,18.));
#2176 = SURFACE_CURVE('',#2177,(#2181,#2187),.PCURVE_S1.);
#2177 = LINE('',#2178,#2179);
#2178 = CARTESIAN_POINT('',(46.959927238132,22.7,18.));
#2179 = VECTOR('',#2180,1.);
#2180 = DIRECTION('',(1.,0.,-0.));
#2181 = PCURVE('',#362,#2182);
#2182 = DEFINITIONAL_REPRESENTATION('',(#2183),#2186);
#2183 = B_SPLINE_CURVE_WITH_KNOTS('',1,(#2184,#2185),.UNSPECIFIED.,.F.,
  .F.,(2,2),(-19.65992723813,-16.25992723813),.PIECEWISE_BEZIER_KNOTS.);
#2184 = CARTESIAN_POINT('',(48.444021451344,13.507506476685));
#2185 = CARTESIAN_POINT('',(46.744021451344,10.563020103818));
#2186 = ( GEOMETRIC_REPRESENTATION_CONTEXT(2) 
PARAMETRIC_REPRESENTATION_CONTEXT() REPRESENTATION_CONTEXT('2D SPACE',''
  ) );
#2187 = PCURVE('',#1800,#2188);
#2188 = DEFINITIONAL_REPRESENTATION('',(#2189),#2192);
#2189 = B_SPLINE_CURVE_WITH_KNOTS('',1,(#2190,#2191),.UNSPECIFIED.,.F.,
  .F.,(2,2),(-19.65992723813,-16.25992723813),.PIECEWISE_BEZIER_KNOTS.);
#2190 = CARTESIAN_POINT('',(3.4,-19.));
#2191 = CARTESIAN_POINT('',(0.,-19.));
#2192 = ( GEOMETRIC_REPRESENTATION_CONTEXT(2) 
PARAMETRIC_REPRESENTATION_CONTEXT() REPRESENTATION_CONTEXT('2D SPACE',''
  ) );
#2193 = ORIENTED_EDGE('',*,*,#2194,.T.);
#2194 = EDGE_CURVE('',#2174,#2125,#2195,.T.);
#2195 = SURFACE_CURVE('',#2196,(#2201,#2212),.PCURVE_S1.);
#2196 = CIRCLE('',#2197,1.8);
#2197 = AXIS2_PLACEMENT_3D('',#2198,#2199,#2200);
#2198 = CARTESIAN_POINT('',(27.3,24.5,18.));
#2199 = DIRECTION('',(0.,0.,-1.));
#2200 = DIRECTION('',(0.,-1.,0.));
#2201 = PCURVE('',#362,#2202);
#2202 = DEFINITIONAL_REPRESENTATION('',(#2203),#2211);
#2203 = ( BOUNDED_CURVE() B_SPLINE_CURVE(2,(#2204,#2205,#2206,#2207,
#2208,#2209,#2210),.UNSPECIFIED.,.T.,.F.) B_SPLINE_CURVE_WITH_KNOTS((1,2
    ,2,2,2,1),(-2.094395102393,0.,2.094395102393,4.188790204786,
6.28318530718,8.377580409573),.UNSPECIFIED.) CURVE() 
GEOMETRIC_REPRESENTATION_ITEM() RATIONAL_B_SPLINE_CURVE((1.,0.5,1.,0.5,
1.,0.5,1.)) REPRESENTATION_ITEM('') );
#2204 = CARTESIAN_POINT('',(48.444021451344,13.507506476685));
#2205 = CARTESIAN_POINT('',(50.002867178156,16.207506476685));
#2206 = CARTESIAN_POINT('',(51.561712904968,13.507506476685));
#2207 = CARTESIAN_POINT('',(53.12055863178,10.807506476685));
#2208 = CARTESIAN_POINT('',(50.002867178156,10.807506476685));
#2209 = CARTESIAN_POINT('',(46.885175724532,10.807506476685));
#2210 = CARTESIAN_POINT('',(48.444021451344,13.507506476685));
#2211 = ( GEOMETRIC_REPRESENTATION_CONTEXT(2) 
PARAMETRIC_REPRESENTATION_CONTEXT() REPRESENTATION_CONTEXT('2D SPACE',''
  ) );
#2212 = PCURVE('',#1830,#2213);
#2213 = DEFINITIONAL_REPRESENTATION('',(#2214),#2218);
#2214 = LINE('',#2215,#2216);
#2215 = CARTESIAN_POINT('',(0.,-19.));
#2216 = VECTOR('',#2217,1.);
#2217 = DIRECTION('',(1.,0.));
#2218 = ( GEOMETRIC_REPRESENTATION_CONTEXT(2) 
PARAMETRIC_REPRESENTATION_CONTEXT() REPRESENTATION_CONTEXT('2D SPACE',''
  ) );
#2219 = FACE_BOUND('',#2220,.T.);
#2220 = EDGE_LOOP('',(#2221,#2244,#2272,#2293));
#2221 = ORIENTED_EDGE('',*,*,#2222,.F.);
#2222 = EDGE_CURVE('',#2223,#2225,#2227,.T.);
#2223 = VERTEX_POINT('',#2224);
#2224 = CARTESIAN_POINT('',(-27.3,-22.7,18.));
#2225 = VERTEX_POINT('',#2226);
#2226 = CARTESIAN_POINT('',(-30.7,-22.7,18.));
#2227 = SURFACE_CURVE('',#2228,(#2232,#2238),.PCURVE_S1.);
#2228 = LINE('',#2229,#2230);
#2229 = CARTESIAN_POINT('',(16.259927238132,-22.7,18.));
#2230 = VECTOR('',#2231,1.);
#2231 = DIRECTION('',(-1.,0.,0.));
#2232 = PCURVE('',#362,#2233);
#2233 = DEFINITIONAL_REPRESENTATION('',(#2234),#2237);
#2234 = B_SPLINE_CURVE_WITH_KNOTS('',1,(#2235,#2236),.UNSPECIFIED.,.F.,
  .F.,(2,2),(43.559927238132,46.959927238132),.PIECEWISE_BEZIER_KNOTS.);
#2235 = CARTESIAN_POINT('',(36.426468119531,83.492493523315));
#2236 = CARTESIAN_POINT('',(38.126468119531,86.436979896182));
#2237 = ( GEOMETRIC_REPRESENTATION_CONTEXT(2) 
PARAMETRIC_REPRESENTATION_CONTEXT() REPRESENTATION_CONTEXT('2D SPACE',''
  ) );
#2238 = PCURVE('',#1261,#2239);
#2239 = DEFINITIONAL_REPRESENTATION('',(#2240),#2243);
#2240 = B_SPLINE_CURVE_WITH_KNOTS('',1,(#2241,#2242),.UNSPECIFIED.,.F.,
  .F.,(2,2),(43.559927238132,46.959927238132),.PIECEWISE_BEZIER_KNOTS.);
#2241 = CARTESIAN_POINT('',(3.4,-19.));
#2242 = CARTESIAN_POINT('',(0.,-19.));
#2243 = ( GEOMETRIC_REPRESENTATION_CONTEXT(2) 
PARAMETRIC_REPRESENTATION_CONTEXT() REPRESENTATION_CONTEXT('2D SPACE',''
  ) );
#2244 = ORIENTED_EDGE('',*,*,#2245,.T.);
#2245 = EDGE_CURVE('',#2223,#2246,#2248,.T.);
#2246 = VERTEX_POINT('',#2247);
#2247 = CARTESIAN_POINT('',(-27.3,-26.3,18.));
#2248 = SURFACE_CURVE('',#2249,(#2254,#2265),.PCURVE_S1.);
#2249 = CIRCLE('',#2250,1.8);
#2250 = AXIS2_PLACEMENT_3D('',#2251,#2252,#2253);
#2251 = CARTESIAN_POINT('',(-27.3,-24.5,18.));
#2252 = DIRECTION('',(0.,0.,-1.));
#2253 = DIRECTION('',(0.,1.,0.));
#2254 = PCURVE('',#362,#2255);
#2255 = DEFINITIONAL_REPRESENTATION('',(#2256),#2264);
#2256 = ( BOUNDED_CURVE() B_SPLINE_CURVE(2,(#2257,#2258,#2259,#2260,
#2261,#2262,#2263),.UNSPECIFIED.,.T.,.F.) B_SPLINE_CURVE_WITH_KNOTS((1,2
    ,2,2,2,1),(-2.094395102393,0.,2.094395102393,4.188790204786,
6.28318530718,8.377580409573),.UNSPECIFIED.) CURVE() 
GEOMETRIC_REPRESENTATION_ITEM() RATIONAL_B_SPLINE_CURVE((1.,0.5,1.,0.5,
1.,0.5,1.)) REPRESENTATION_ITEM('') );
#2257 = CARTESIAN_POINT('',(36.426468119531,83.492493523315));
#2258 = CARTESIAN_POINT('',(34.867622392719,80.792493523315));
#2259 = CARTESIAN_POINT('',(33.308776665907,83.492493523315));
#2260 = CARTESIAN_POINT('',(31.749930939095,86.192493523315));
#2261 = CARTESIAN_POINT('',(34.867622392719,86.192493523315));
#2262 = CARTESIAN_POINT('',(37.985313846343,86.192493523315));
#2263 = CARTESIAN_POINT('',(36.426468119531,83.492493523315));
#2264 = ( GEOMETRIC_REPRESENTATION_CONTEXT(2) 
PARAMETRIC_REPRESENTATION_CONTEXT() REPRESENTATION_CONTEXT('2D SPACE',''
  ) );
#2265 = PCURVE('',#1293,#2266);
#2266 = DEFINITIONAL_REPRESENTATION('',(#2267),#2271);
#2267 = LINE('',#2268,#2269);
#2268 = CARTESIAN_POINT('',(0.,-19.));
#2269 = VECTOR('',#2270,1.);
#2270 = DIRECTION('',(1.,0.));
#2271 = ( GEOMETRIC_REPRESENTATION_CONTEXT(2) 
PARAMETRIC_REPRESENTATION_CONTEXT() REPRESENTATION_CONTEXT('2D SPACE',''
  ) );
#2272 = ORIENTED_EDGE('',*,*,#2273,.F.);
#2273 = EDGE_CURVE('',#2274,#2246,#2276,.T.);
#2274 = VERTEX_POINT('',#2275);
#2275 = CARTESIAN_POINT('',(-30.7,-26.3,18.));
#2276 = SURFACE_CURVE('',#2277,(#2281,#2287),.PCURVE_S1.);
#2277 = LINE('',#2278,#2279);
#2278 = CARTESIAN_POINT('',(17.959927238132,-26.3,18.));
#2279 = VECTOR('',#2280,1.);
#2280 = DIRECTION('',(1.,0.,-0.));
#2281 = PCURVE('',#362,#2282);
#2282 = DEFINITIONAL_REPRESENTATION('',(#2283),#2286);
#2283 = B_SPLINE_CURVE_WITH_KNOTS('',1,(#2284,#2285),.UNSPECIFIED.,.F.,
  .F.,(2,2),(-48.65992723813,-45.25992723813),.PIECEWISE_BEZIER_KNOTS.);
#2284 = CARTESIAN_POINT('',(35.008776665907,88.236979896182));
#2285 = CARTESIAN_POINT('',(33.308776665907,85.292493523315));
#2286 = ( GEOMETRIC_REPRESENTATION_CONTEXT(2) 
PARAMETRIC_REPRESENTATION_CONTEXT() REPRESENTATION_CONTEXT('2D SPACE',''
  ) );
#2287 = PCURVE('',#1320,#2288);
#2288 = DEFINITIONAL_REPRESENTATION('',(#2289),#2292);
#2289 = B_SPLINE_CURVE_WITH_KNOTS('',1,(#2290,#2291),.UNSPECIFIED.,.F.,
  .F.,(2,2),(-48.65992723813,-45.25992723813),.PIECEWISE_BEZIER_KNOTS.);
#2290 = CARTESIAN_POINT('',(3.4,-19.));
#2291 = CARTESIAN_POINT('',(0.,-19.));
#2292 = ( GEOMETRIC_REPRESENTATION_CONTEXT(2) 
PARAMETRIC_REPRESENTATION_CONTEXT() REPRESENTATION_CONTEXT('2D SPACE',''
  ) );
#2293 = ORIENTED_EDGE('',*,*,#2294,.T.);
#2294 = EDGE_CURVE('',#2274,#2225,#2295,.T.);
#2295 = SURFACE_CURVE('',#2296,(#2301,#2312),.PCURVE_S1.);
#2296 = CIRCLE('',#2297,1.8);
#2297 = AXIS2_PLACEMENT_3D('',#2298,#2299,#2300);
#2298 = CARTESIAN_POINT('',(-30.7,-24.5,18.));
#2299 = DIRECTION('',(0.,0.,-1.));
#2300 = DIRECTION('',(0.,-1.,0.));
#2301 = PCURVE('',#362,#2302);
#2302 = DEFINITIONAL_REPRESENTATION('',(#2303),#2311);
#2303 = ( BOUNDED_CURVE() B_SPLINE_CURVE(2,(#2304,#2305,#2306,#2307,
#2308,#2309,#2310),.UNSPECIFIED.,.T.,.F.) B_SPLINE_CURVE_WITH_KNOTS((1,2
    ,2,2,2,1),(-2.094395102393,0.,2.094395102393,4.188790204786,
6.28318530718,8.377580409573),.UNSPECIFIED.) CURVE() 
GEOMETRIC_REPRESENTATION_ITEM() RATIONAL_B_SPLINE_CURVE((1.,0.5,1.,0.5,
1.,0.5,1.)) REPRESENTATION_ITEM('') );
#2304 = CARTESIAN_POINT('',(35.008776665907,88.236979896182));
#2305 = CARTESIAN_POINT('',(36.567622392719,90.936979896182));
#2306 = CARTESIAN_POINT('',(38.126468119531,88.236979896182));
#2307 = CARTESIAN_POINT('',(39.685313846343,85.536979896182));
#2308 = CARTESIAN_POINT('',(36.567622392719,85.536979896182));
#2309 = CARTESIAN_POINT('',(33.449930939095,85.536979896182));
#2310 = CARTESIAN_POINT('',(35.008776665907,88.236979896182));
#2311 = ( GEOMETRIC_REPRESENTATION_CONTEXT(2) 
PARAMETRIC_REPRESENTATION_CONTEXT() REPRESENTATION_CONTEXT('2D SPACE',''
  ) );
#2312 = PCURVE('',#1350,#2313);
#2313 = DEFINITIONAL_REPRESENTATION('',(#2314),#2318);
#2314 = LINE('',#2315,#2316);
#2315 = CARTESIAN_POINT('',(0.,-19.));
#2316 = VECTOR('',#2317,1.);
#2317 = DIRECTION('',(1.,0.));
#2318 = ( GEOMETRIC_REPRESENTATION_CONTEXT(2) 
PARAMETRIC_REPRESENTATION_CONTEXT() REPRESENTATION_CONTEXT('2D SPACE',''
  ) );
#2319 = FACE_BOUND('',#2320,.T.);
#2320 = EDGE_LOOP('',(#2321,#2344,#2372,#2393));
#2321 = ORIENTED_EDGE('',*,*,#2322,.F.);
#2322 = EDGE_CURVE('',#2323,#2325,#2327,.T.);
#2323 = VERTEX_POINT('',#2324);
#2324 = CARTESIAN_POINT('',(5.,6.,18.));
#2325 = VERTEX_POINT('',#2326);
#2326 = CARTESIAN_POINT('',(-5.,6.,18.));
#2327 = SURFACE_CURVE('',#2328,(#2332,#2338),.PCURVE_S1.);
#2328 = LINE('',#2329,#2330);
#2329 = CARTESIAN_POINT('',(29.109927238132,6.,18.));
#2330 = VECTOR('',#2331,1.);
#2331 = DIRECTION('',(-1.,0.,0.));
#2332 = PCURVE('',#362,#2333);
#2333 = DEFINITIONAL_REPRESENTATION('',(#2334),#2337);
#2334 = B_SPLINE_CURVE_WITH_KNOTS('',1,(#2335,#2336),.UNSPECIFIED.,.F.,
  .F.,(2,2),(24.109927238132,34.109927238132),.PIECEWISE_BEZIER_KNOTS.);
#2335 = CARTESIAN_POINT('',(45.131397208144,41.169872981078));
#2336 = CARTESIAN_POINT('',(50.131397208144,49.830127018922));
#2337 = ( GEOMETRIC_REPRESENTATION_CONTEXT(2) 
PARAMETRIC_REPRESENTATION_CONTEXT() REPRESENTATION_CONTEXT('2D SPACE',''
  ) );
#2338 = PCURVE('',#1621,#2339);
#2339 = DEFINITIONAL_REPRESENTATION('',(#2340),#2343);
#2340 = B_SPLINE_CURVE_WITH_KNOTS('',1,(#2341,#2342),.UNSPECIFIED.,.F.,
  .F.,(2,2),(24.109927238132,34.109927238132),.PIECEWISE_BEZIER_KNOTS.);
#2341 = CARTESIAN_POINT('',(10.,-19.));
#2342 = CARTESIAN_POINT('',(0.,-19.));
#2343 = ( GEOMETRIC_REPRESENTATION_CONTEXT(2) 
PARAMETRIC_REPRESENTATION_CONTEXT() REPRESENTATION_CONTEXT('2D SPACE',''
  ) );
#2344 = ORIENTED_EDGE('',*,*,#2345,.T.);
#2345 = EDGE_CURVE('',#2323,#2346,#2348,.T.);
#2346 = VERTEX_POINT('',#2347);
#2347 = CARTESIAN_POINT('',(5.,-6.,18.));
#2348 = SURFACE_CURVE('',#2349,(#2354,#2365),.PCURVE_S1.);
#2349 = CIRCLE('',#2350,6.);
#2350 = AXIS2_PLACEMENT_3D('',#2351,#2352,#2353);
#2351 = CARTESIAN_POINT('',(5.,0.,18.));
#2352 = DIRECTION('',(0.,0.,-1.));
#2353 = DIRECTION('',(0.,1.,0.));
#2354 = PCURVE('',#362,#2355);
#2355 = DEFINITIONAL_REPRESENTATION('',(#2356),#2364);
#2356 = ( BOUNDED_CURVE() B_SPLINE_CURVE(2,(#2357,#2358,#2359,#2360,
#2361,#2362,#2363),.UNSPECIFIED.,.T.,.F.) B_SPLINE_CURVE_WITH_KNOTS((1,2
    ,2,2,2,1),(-2.094395102393,0.,2.094395102393,4.188790204786,
6.28318530718,8.377580409573),.UNSPECIFIED.) CURVE() 
GEOMETRIC_REPRESENTATION_ITEM() RATIONAL_B_SPLINE_CURVE((1.,0.5,1.,0.5,
1.,0.5,1.)) REPRESENTATION_ITEM('') );
#2357 = CARTESIAN_POINT('',(45.131397208144,41.169872981078));
#2358 = CARTESIAN_POINT('',(39.935244785438,32.169872981078));
#2359 = CARTESIAN_POINT('',(34.739092362731,41.169872981078));
#2360 = CARTESIAN_POINT('',(29.542939940024,50.169872981078));
#2361 = CARTESIAN_POINT('',(39.935244785437,50.169872981078));
#2362 = CARTESIAN_POINT('',(50.327549630851,50.169872981078));
#2363 = CARTESIAN_POINT('',(45.131397208144,41.169872981078));
#2364 = ( GEOMETRIC_REPRESENTATION_CONTEXT(2) 
PARAMETRIC_REPRESENTATION_CONTEXT() REPRESENTATION_CONTEXT('2D SPACE',''
  ) );
#2365 = PCURVE('',#1653,#2366);
#2366 = DEFINITIONAL_REPRESENTATION('',(#2367),#2371);
#2367 = LINE('',#2368,#2369);
#2368 = CARTESIAN_POINT('',(0.,-19.));
#2369 = VECTOR('',#2370,1.);
#2370 = DIRECTION('',(1.,0.));
#2371 = ( GEOMETRIC_REPRESENTATION_CONTEXT(2) 
PARAMETRIC_REPRESENTATION_CONTEXT() REPRESENTATION_CONTEXT('2D SPACE',''
  ) );
#2372 = ORIENTED_EDGE('',*,*,#2373,.F.);
#2373 = EDGE_CURVE('',#2374,#2346,#2376,.T.);
#2374 = VERTEX_POINT('',#2375);
#2375 = CARTESIAN_POINT('',(-5.,-6.,18.));
#2376 = SURFACE_CURVE('',#2377,(#2381,#2387),.PCURVE_S1.);
#2377 = LINE('',#2378,#2379);
#2378 = CARTESIAN_POINT('',(34.109927238132,-6.,18.));
#2379 = VECTOR('',#2380,1.);
#2380 = DIRECTION('',(1.,0.,-0.));
#2381 = PCURVE('',#362,#2382);
#2382 = DEFINITIONAL_REPRESENTATION('',(#2383),#2386);
#2383 = B_SPLINE_CURVE_WITH_KNOTS('',1,(#2384,#2385),.UNSPECIFIED.,.F.,
  .F.,(2,2),(-39.10992723813,-29.10992723813),.PIECEWISE_BEZIER_KNOTS.);
#2384 = CARTESIAN_POINT('',(39.739092362731,55.830127018922));
#2385 = CARTESIAN_POINT('',(34.739092362731,47.169872981078));
#2386 = ( GEOMETRIC_REPRESENTATION_CONTEXT(2) 
PARAMETRIC_REPRESENTATION_CONTEXT() REPRESENTATION_CONTEXT('2D SPACE',''
  ) );
#2387 = PCURVE('',#1680,#2388);
#2388 = DEFINITIONAL_REPRESENTATION('',(#2389),#2392);
#2389 = B_SPLINE_CURVE_WITH_KNOTS('',1,(#2390,#2391),.UNSPECIFIED.,.F.,
  .F.,(2,2),(-39.10992723813,-29.10992723813),.PIECEWISE_BEZIER_KNOTS.);
#2390 = CARTESIAN_POINT('',(10.,-19.));
#2391 = CARTESIAN_POINT('',(0.,-19.));
#2392 = ( GEOMETRIC_REPRESENTATION_CONTEXT(2) 
PARAMETRIC_REPRESENTATION_CONTEXT() REPRESENTATION_CONTEXT('2D SPACE',''
  ) );
#2393 = ORIENTED_EDGE('',*,*,#2394,.T.);
#2394 = EDGE_CURVE('',#2374,#2325,#2395,.T.);
#2395 = SURFACE_CURVE('',#2396,(#2401,#2412),.PCURVE_S1.);
#2396 = CIRCLE('',#2397,6.);
#2397 = AXIS2_PLACEMENT_3D('',#2398,#2399,#2400);
#2398 = CARTESIAN_POINT('',(-5.,0.,18.));
#2399 = DIRECTION('',(0.,0.,-1.));
#2400 = DIRECTION('',(0.,-1.,0.));
#2401 = PCURVE('',#362,#2402);
#2402 = DEFINITIONAL_REPRESENTATION('',(#2403),#2411);
#2403 = ( BOUNDED_CURVE() B_SPLINE_CURVE(2,(#2404,#2405,#2406,#2407,
#2408,#2409,#2410),.UNSPECIFIED.,.T.,.F.) B_SPLINE_CURVE_WITH_KNOTS((1,2
    ,2,2,2,1),(-2.094395102393,0.,2.094395102393,4.188790204786,
6.28318530718,8.377580409573),.UNSPECIFIED.) CURVE() 
GEOMETRIC_REPRESENTATION_ITEM() RATIONAL_B_SPLINE_CURVE((1.,0.5,1.,0.5,
1.,0.5,1.)) REPRESENTATION_ITEM('') );
#2404 = CARTESIAN_POINT('',(39.739092362731,55.830127018922));
#2405 = CARTESIAN_POINT('',(44.935244785437,64.830127018922));
#2406 = CARTESIAN_POINT('',(50.131397208144,55.830127018922));
#2407 = CARTESIAN_POINT('',(55.327549630851,46.830127018922));
#2408 = CARTESIAN_POINT('',(44.935244785438,46.830127018922));
#2409 = CARTESIAN_POINT('',(34.542939940024,46.830127018922));
#2410 = CARTESIAN_POINT('',(39.739092362731,55.830127018922));
#2411 = ( GEOMETRIC_REPRESENTATION_CONTEXT(2) 
PARAMETRIC_REPRESENTATION_CONTEXT() REPRESENTATION_CONTEXT('2D SPACE',''
  ) );
#2412 = PCURVE('',#1710,#2413);
#2413 = DEFINITIONAL_REPRESENTATION('',(#2414),#2418);
#2414 = LINE('',#2415,#2416);
#2415 = CARTESIAN_POINT('',(0.,-19.));
#2416 = VECTOR('',#2417,1.);
#2417 = DIRECTION('',(1.,0.));
#2418 = ( GEOMETRIC_REPRESENTATION_CONTEXT(2) 
PARAMETRIC_REPRESENTATION_CONTEXT() REPRESENTATION_CONTEXT('2D SPACE',''
  ) );
#2419 = FACE_BOUND('',#2420,.T.);
#2420 = EDGE_LOOP('',(#2421,#2444,#2472,#2493));
#2421 = ORIENTED_EDGE('',*,*,#2422,.F.);
#2422 = EDGE_CURVE('',#2423,#2425,#2427,.T.);
#2423 = VERTEX_POINT('',#2424);
#2424 = CARTESIAN_POINT('',(-27.3,26.3,18.));
#2425 = VERTEX_POINT('',#2426);
#2426 = CARTESIAN_POINT('',(-30.7,26.3,18.));
#2427 = SURFACE_CURVE('',#2428,(#2432,#2438),.PCURVE_S1.);
#2428 = LINE('',#2429,#2430);
#2429 = CARTESIAN_POINT('',(16.259927238132,26.3,18.));
#2430 = VECTOR('',#2431,1.);
#2431 = DIRECTION('',(-1.,0.,0.));
#2432 = PCURVE('',#362,#2433);
#2433 = DEFINITIONAL_REPRESENTATION('',(#2434),#2437);
#2434 = B_SPLINE_CURVE_WITH_KNOTS('',1,(#2435,#2436),.UNSPECIFIED.,.F.,
  .F.,(2,2),(43.559927238132,46.959927238132),.PIECEWISE_BEZIER_KNOTS.);
#2435 = CARTESIAN_POINT('',(78.861712904968,58.992493523315));
#2436 = CARTESIAN_POINT('',(80.561712904968,61.936979896182));
#2437 = ( GEOMETRIC_REPRESENTATION_CONTEXT(2) 
PARAMETRIC_REPRESENTATION_CONTEXT() REPRESENTATION_CONTEXT('2D SPACE',''
  ) );
#2438 = PCURVE('',#1501,#2439);
#2439 = DEFINITIONAL_REPRESENTATION('',(#2440),#2443);
#2440 = B_SPLINE_CURVE_WITH_KNOTS('',1,(#2441,#2442),.UNSPECIFIED.,.F.,
  .F.,(2,2),(43.559927238132,46.959927238132),.PIECEWISE_BEZIER_KNOTS.);
#2441 = CARTESIAN_POINT('',(3.4,-19.));
#2442 = CARTESIAN_POINT('',(0.,-19.));
#2443 = ( GEOMETRIC_REPRESENTATION_CONTEXT(2) 
PARAMETRIC_REPRESENTATION_CONTEXT() REPRESENTATION_CONTEXT('2D SPACE',''
  ) );
#2444 = ORIENTED_EDGE('',*,*,#2445,.T.);
#2445 = EDGE_CURVE('',#2423,#2446,#2448,.T.);
#2446 = VERTEX_POINT('',#2447);
#2447 = CARTESIAN_POINT('',(-27.3,22.7,18.));
#2448 = SURFACE_CURVE('',#2449,(#2454,#2465),.PCURVE_S1.);
#2449 = CIRCLE('',#2450,1.8);
#2450 = AXIS2_PLACEMENT_3D('',#2451,#2452,#2453);
#2451 = CARTESIAN_POINT('',(-27.3,24.5,18.));
#2452 = DIRECTION('',(0.,0.,-1.));
#2453 = DIRECTION('',(0.,1.,0.));
#2454 = PCURVE('',#362,#2455);
#2455 = DEFINITIONAL_REPRESENTATION('',(#2456),#2464);
#2456 = ( BOUNDED_CURVE() B_SPLINE_CURVE(2,(#2457,#2458,#2459,#2460,
#2461,#2462,#2463),.UNSPECIFIED.,.T.,.F.) B_SPLINE_CURVE_WITH_KNOTS((1,2
    ,2,2,2,1),(-2.094395102393,0.,2.094395102393,4.188790204786,
6.28318530718,8.377580409573),.UNSPECIFIED.) CURVE() 
GEOMETRIC_REPRESENTATION_ITEM() RATIONAL_B_SPLINE_CURVE((1.,0.5,1.,0.5,
1.,0.5,1.)) REPRESENTATION_ITEM('') );
#2457 = CARTESIAN_POINT('',(78.861712904968,58.992493523315));
#2458 = CARTESIAN_POINT('',(77.302867178156,56.292493523315));
#2459 = CARTESIAN_POINT('',(75.744021451344,58.992493523315));
#2460 = CARTESIAN_POINT('',(74.185175724532,61.692493523315));
#2461 = CARTESIAN_POINT('',(77.302867178156,61.692493523315));
#2462 = CARTESIAN_POINT('',(80.42055863178,61.692493523315));
#2463 = CARTESIAN_POINT('',(78.861712904968,58.992493523315));
#2464 = ( GEOMETRIC_REPRESENTATION_CONTEXT(2) 
PARAMETRIC_REPRESENTATION_CONTEXT() REPRESENTATION_CONTEXT('2D SPACE',''
  ) );
#2465 = PCURVE('',#1533,#2466);
#2466 = DEFINITIONAL_REPRESENTATION('',(#2467),#2471);
#2467 = LINE('',#2468,#2469);
#2468 = CARTESIAN_POINT('',(0.,-19.));
#2469 = VECTOR('',#2470,1.);
#2470 = DIRECTION('',(1.,0.));
#2471 = ( GEOMETRIC_REPRESENTATION_CONTEXT(2) 
PARAMETRIC_REPRESENTATION_CONTEXT() REPRESENTATION_CONTEXT('2D SPACE',''
  ) );
#2472 = ORIENTED_EDGE('',*,*,#2473,.F.);
#2473 = EDGE_CURVE('',#2474,#2446,#2476,.T.);
#2474 = VERTEX_POINT('',#2475);
#2475 = CARTESIAN_POINT('',(-30.7,22.7,18.));
#2476 = SURFACE_CURVE('',#2477,(#2481,#2487),.PCURVE_S1.);
#2477 = LINE('',#2478,#2479);
#2478 = CARTESIAN_POINT('',(17.959927238132,22.7,18.));
#2479 = VECTOR('',#2480,1.);
#2480 = DIRECTION('',(1.,0.,-0.));
#2481 = PCURVE('',#362,#2482);
#2482 = DEFINITIONAL_REPRESENTATION('',(#2483),#2486);
#2483 = B_SPLINE_CURVE_WITH_KNOTS('',1,(#2484,#2485),.UNSPECIFIED.,.F.,
  .F.,(2,2),(-48.65992723813,-45.25992723813),.PIECEWISE_BEZIER_KNOTS.);
#2484 = CARTESIAN_POINT('',(77.444021451344,63.736979896182));
#2485 = CARTESIAN_POINT('',(75.744021451344,60.792493523315));
#2486 = ( GEOMETRIC_REPRESENTATION_CONTEXT(2) 
PARAMETRIC_REPRESENTATION_CONTEXT() REPRESENTATION_CONTEXT('2D SPACE',''
  ) );
#2487 = PCURVE('',#1560,#2488);
#2488 = DEFINITIONAL_REPRESENTATION('',(#2489),#2492);
#2489 = B_SPLINE_CURVE_WITH_KNOTS('',1,(#2490,#2491),.UNSPECIFIED.,.F.,
  .F.,(2,2),(-48.65992723813,-45.25992723813),.PIECEWISE_BEZIER_KNOTS.);
#2490 = CARTESIAN_POINT('',(3.4,-19.));
#2491 = CARTESIAN_POINT('',(0.,-19.));
#2492 = ( GEOMETRIC_REPRESENTATION_CONTEXT(2) 
PARAMETRIC_REPRESENTATION_CONTEXT() REPRESENTATION_CONTEXT('2D SPACE',''
  ) );
#2493 = ORIENTED_EDGE('',*,*,#2494,.T.);
#2494 = EDGE_CURVE('',#2474,#2425,#2495,.T.);
#2495 = SURFACE_CURVE('',#2496,(#2501,#2512),.PCURVE_S1.);
#2496 = CIRCLE('',#2497,1.8);
#2497 = AXIS2_PLACEMENT_3D('',#2498,#2499,#2500);
#2498 = CARTESIAN_POINT('',(-30.7,24.5,18.));
#2499 = DIRECTION('',(0.,0.,-1.));
#2500 = DIRECTION('',(0.,-1.,0.));
#2501 = PCURVE('',#362,#2502);
#2502 = DEFINITIONAL_REPRESENTATION('',(#2503),#2511);
#2503 = ( BOUNDED_CURVE() B_SPLINE_CURVE(2,(#2504,#2505,#2506,#2507,
#2508,#2509,#2510),.UNSPECIFIED.,.T.,.F.) B_SPLINE_CURVE_WITH_KNOTS((1,2
    ,2,2,2,1),(-2.094395102393,0.,2.094395102393,4.188790204786,
6.28318530718,8.377580409573),.UNSPECIFIED.) CURVE() 
GEOMETRIC_REPRESENTATION_ITEM() RATIONAL_B_SPLINE_CURVE((1.,0.5,1.,0.5,
1.,0.5,1.)) REPRESENTATION_ITEM('') );
#2504 = CARTESIAN_POINT('',(77.444021451344,63.736979896182));
#2505 = CARTESIAN_POINT('',(79.002867178156,66.436979896182));
#2506 = CARTESIAN_POINT('',(80.561712904968,63.736979896182));
#2507 = CARTESIAN_POINT('',(82.12055863178,61.036979896182));
#2508 = CARTESIAN_POINT('',(79.002867178156,61.036979896182));
#2509 = CARTESIAN_POINT('',(75.885175724532,61.036979896182));
#2510 = CARTESIAN_POINT('',(77.444021451344,63.736979896182));
#2511 = ( GEOMETRIC_REPRESENTATION_CONTEXT(2) 
PARAMETRIC_REPRESENTATION_CONTEXT() REPRESENTATION_CONTEXT('2D SPACE',''
  ) );
#2512 = PCURVE('',#1590,#2513);
#2513 = DEFINITIONAL_REPRESENTATION('',(#2514),#2518);
#2514 = LINE('',#2515,#2516);
#2515 = CARTESIAN_POINT('',(0.,-19.));
#2516 = VECTOR('',#2517,1.);
#2517 = DIRECTION('',(1.,0.));
#2518 = ( GEOMETRIC_REPRESENTATION_CONTEXT(2) 
PARAMETRIC_REPRESENTATION_CONTEXT() REPRESENTATION_CONTEXT('2D SPACE',''
  ) );
#2519 = ADVANCED_FACE('',(#2520),#461,.F.);
#2520 = FACE_BOUND('',#2521,.F.);
#2521 = EDGE_LOOP('',(#2522,#2545,#2546,#2569));
#2522 = ORIENTED_EDGE('',*,*,#2523,.F.);
#2523 = EDGE_CURVE('',#445,#2524,#2526,.T.);
#2524 = VERTEX_POINT('',#2525);
#2525 = CARTESIAN_POINT('',(-8.5,-46.,14.));
#2526 = SURFACE_CURVE('',#2527,(#2531,#2538),.PCURVE_S1.);
#2527 = LINE('',#2528,#2529);
#2528 = CARTESIAN_POINT('',(-8.5,-68.,14.));
#2529 = VECTOR('',#2530,1.);
#2530 = DIRECTION('',(0.,1.,0.));
#2531 = PCURVE('',#461,#2532);
#2532 = DEFINITIONAL_REPRESENTATION('',(#2533),#2537);
#2533 = LINE('',#2534,#2535);
#2534 = CARTESIAN_POINT('',(0.,0.));
#2535 = VECTOR('',#2536,1.);
#2536 = DIRECTION('',(0.,1.));
#2537 = ( GEOMETRIC_REPRESENTATION_CONTEXT(2) 
PARAMETRIC_REPRESENTATION_CONTEXT() REPRESENTATION_CONTEXT('2D SPACE',''
  ) );
#2538 = PCURVE('',#487,#2539);
#2539 = DEFINITIONAL_REPRESENTATION('',(#2540),#2544);
#2540 = LINE('',#2541,#2542);
#2541 = CARTESIAN_POINT('',(10.,0.));
#2542 = VECTOR('',#2543,1.);
#2543 = DIRECTION('',(0.,-1.));
#2544 = ( GEOMETRIC_REPRESENTATION_CONTEXT(2) 
PARAMETRIC_REPRESENTATION_CONTEXT() REPRESENTATION_CONTEXT('2D SPACE',''
  ) );
#2545 = ORIENTED_EDGE('',*,*,#444,.T.);
#2546 = ORIENTED_EDGE('',*,*,#2547,.T.);
#2547 = EDGE_CURVE('',#447,#2548,#2550,.T.);
#2548 = VERTEX_POINT('',#2549);
#2549 = CARTESIAN_POINT('',(8.5,-46.,14.));
#2550 = SURFACE_CURVE('',#2551,(#2555,#2562),.PCURVE_S1.);
#2551 = LINE('',#2552,#2553);
#2552 = CARTESIAN_POINT('',(8.5,-68.,14.));
#2553 = VECTOR('',#2554,1.);
#2554 = DIRECTION('',(0.,1.,0.));
#2555 = PCURVE('',#461,#2556);
#2556 = DEFINITIONAL_REPRESENTATION('',(#2557),#2561);
#2557 = LINE('',#2558,#2559);
#2558 = CARTESIAN_POINT('',(17.,0.));
#2559 = VECTOR('',#2560,1.);
#2560 = DIRECTION('',(0.,1.));
#2561 = ( GEOMETRIC_REPRESENTATION_CONTEXT(2) 
PARAMETRIC_REPRESENTATION_CONTEXT() REPRESENTATION_CONTEXT('2D SPACE',''
  ) );
#2562 = PCURVE('',#537,#2563);
#2563 = DEFINITIONAL_REPRESENTATION('',(#2564),#2568);
#2564 = LINE('',#2565,#2566);
#2565 = CARTESIAN_POINT('',(10.,0.));
#2566 = VECTOR('',#2567,1.);
#2567 = DIRECTION('',(0.,-1.));
#2568 = ( GEOMETRIC_REPRESENTATION_CONTEXT(2) 
PARAMETRIC_REPRESENTATION_CONTEXT() REPRESENTATION_CONTEXT('2D SPACE',''
  ) );
#2569 = ORIENTED_EDGE('',*,*,#2570,.F.);
#2570 = EDGE_CURVE('',#2524,#2548,#2571,.T.);
#2571 = SURFACE_CURVE('',#2572,(#2576,#2583),.PCURVE_S1.);
#2572 = LINE('',#2573,#2574);
#2573 = CARTESIAN_POINT('',(-8.5,-46.,14.));
#2574 = VECTOR('',#2575,1.);
#2575 = DIRECTION('',(1.,0.,0.));
#2576 = PCURVE('',#461,#2577);
#2577 = DEFINITIONAL_REPRESENTATION('',(#2578),#2582);
#2578 = LINE('',#2579,#2580);
#2579 = CARTESIAN_POINT('',(0.,22.));
#2580 = VECTOR('',#2581,1.);
#2581 = DIRECTION('',(1.,0.));
#2582 = ( GEOMETRIC_REPRESENTATION_CONTEXT(2) 
PARAMETRIC_REPRESENTATION_CONTEXT() REPRESENTATION_CONTEXT('2D SPACE',''
  ) );
#2583 = PCURVE('',#2584,#2589);
#2584 = PLANE('',#2585);
#2585 = AXIS2_PLACEMENT_3D('',#2586,#2587,#2588);
#2586 = CARTESIAN_POINT('',(-8.5,-46.,4.));
#2587 = DIRECTION('',(0.,1.,0.));
#2588 = DIRECTION('',(0.,0.,1.));
#2589 = DEFINITIONAL_REPRESENTATION('',(#2590),#2594);
#2590 = LINE('',#2591,#2592);
#2591 = CARTESIAN_POINT('',(10.,0.));
#2592 = VECTOR('',#2593,1.);
#2593 = DIRECTION('',(0.,1.));
#2594 = ( GEOMETRIC_REPRESENTATION_CONTEXT(2) 
PARAMETRIC_REPRESENTATION_CONTEXT() REPRESENTATION_CONTEXT('2D SPACE',''
  ) );
#2595 = ADVANCED_FACE('',(#2596),#537,.F.);
#2596 = FACE_BOUND('',#2597,.F.);
#2597 = EDGE_LOOP('',(#2598,#2599,#2600,#2623));
#2598 = ORIENTED_EDGE('',*,*,#2547,.F.);
#2599 = ORIENTED_EDGE('',*,*,#524,.T.);
#2600 = ORIENTED_EDGE('',*,*,#2601,.T.);
#2601 = EDGE_CURVE('',#499,#2602,#2604,.T.);
#2602 = VERTEX_POINT('',#2603);
#2603 = CARTESIAN_POINT('',(8.5,-46.,4.));
#2604 = SURFACE_CURVE('',#2605,(#2609,#2616),.PCURVE_S1.);
#2605 = LINE('',#2606,#2607);
#2606 = CARTESIAN_POINT('',(8.5,-68.,4.));
#2607 = VECTOR('',#2608,1.);
#2608 = DIRECTION('',(0.,1.,0.));
#2609 = PCURVE('',#537,#2610);
#2610 = DEFINITIONAL_REPRESENTATION('',(#2611),#2615);
#2611 = LINE('',#2612,#2613);
#2612 = CARTESIAN_POINT('',(0.,0.));
#2613 = VECTOR('',#2614,1.);
#2614 = DIRECTION('',(0.,-1.));
#2615 = ( GEOMETRIC_REPRESENTATION_CONTEXT(2) 
PARAMETRIC_REPRESENTATION_CONTEXT() REPRESENTATION_CONTEXT('2D SPACE',''
  ) );
#2616 = PCURVE('',#513,#2617);
#2617 = DEFINITIONAL_REPRESENTATION('',(#2618),#2622);
#2618 = LINE('',#2619,#2620);
#2619 = CARTESIAN_POINT('',(17.,0.));
#2620 = VECTOR('',#2621,1.);
#2621 = DIRECTION('',(0.,1.));
#2622 = ( GEOMETRIC_REPRESENTATION_CONTEXT(2) 
PARAMETRIC_REPRESENTATION_CONTEXT() REPRESENTATION_CONTEXT('2D SPACE',''
  ) );
#2623 = ORIENTED_EDGE('',*,*,#2624,.T.);
#2624 = EDGE_CURVE('',#2602,#2548,#2625,.T.);
#2625 = SURFACE_CURVE('',#2626,(#2630,#2637),.PCURVE_S1.);
#2626 = LINE('',#2627,#2628);
#2627 = CARTESIAN_POINT('',(8.5,-46.,4.));
#2628 = VECTOR('',#2629,1.);
#2629 = DIRECTION('',(0.,0.,1.));
#2630 = PCURVE('',#537,#2631);
#2631 = DEFINITIONAL_REPRESENTATION('',(#2632),#2636);
#2632 = LINE('',#2633,#2634);
#2633 = CARTESIAN_POINT('',(0.,-22.));
#2634 = VECTOR('',#2635,1.);
#2635 = DIRECTION('',(1.,0.));
#2636 = ( GEOMETRIC_REPRESENTATION_CONTEXT(2) 
PARAMETRIC_REPRESENTATION_CONTEXT() REPRESENTATION_CONTEXT('2D SPACE',''
  ) );
#2637 = PCURVE('',#2584,#2638);
#2638 = DEFINITIONAL_REPRESENTATION('',(#2639),#2643);
#2639 = LINE('',#2640,#2641);
#2640 = CARTESIAN_POINT('',(0.,17.));
#2641 = VECTOR('',#2642,1.);
#2642 = DIRECTION('',(1.,0.));
#2643 = ( GEOMETRIC_REPRESENTATION_CONTEXT(2) 
PARAMETRIC_REPRESENTATION_CONTEXT() REPRESENTATION_CONTEXT('2D SPACE',''
  ) );
#2644 = ADVANCED_FACE('',(#2645),#513,.T.);
#2645 = FACE_BOUND('',#2646,.T.);
#2646 = EDGE_LOOP('',(#2647,#2670,#2671,#2672));
#2647 = ORIENTED_EDGE('',*,*,#2648,.F.);
#2648 = EDGE_CURVE('',#473,#2649,#2651,.T.);
#2649 = VERTEX_POINT('',#2650);
#2650 = CARTESIAN_POINT('',(-8.5,-46.,4.));
#2651 = SURFACE_CURVE('',#2652,(#2656,#2663),.PCURVE_S1.);
#2652 = LINE('',#2653,#2654);
#2653 = CARTESIAN_POINT('',(-8.5,-68.,4.));
#2654 = VECTOR('',#2655,1.);
#2655 = DIRECTION('',(0.,1.,0.));
#2656 = PCURVE('',#513,#2657);
#2657 = DEFINITIONAL_REPRESENTATION('',(#2658),#2662);
#2658 = LINE('',#2659,#2660);
#2659 = CARTESIAN_POINT('',(0.,0.));
#2660 = VECTOR('',#2661,1.);
#2661 = DIRECTION('',(0.,1.));
#2662 = ( GEOMETRIC_REPRESENTATION_CONTEXT(2) 
PARAMETRIC_REPRESENTATION_CONTEXT() REPRESENTATION_CONTEXT('2D SPACE',''
  ) );
#2663 = PCURVE('',#487,#2664);
#2664 = DEFINITIONAL_REPRESENTATION('',(#2665),#2669);
#2665 = LINE('',#2666,#2667);
#2666 = CARTESIAN_POINT('',(0.,0.));
#2667 = VECTOR('',#2668,1.);
#2668 = DIRECTION('',(0.,-1.));
#2669 = ( GEOMETRIC_REPRESENTATION_CONTEXT(2) 
PARAMETRIC_REPRESENTATION_CONTEXT() REPRESENTATION_CONTEXT('2D SPACE',''
  ) );
#2670 = ORIENTED_EDGE('',*,*,#498,.T.);
#2671 = ORIENTED_EDGE('',*,*,#2601,.T.);
#2672 = ORIENTED_EDGE('',*,*,#2673,.F.);
#2673 = EDGE_CURVE('',#2649,#2602,#2674,.T.);
#2674 = SURFACE_CURVE('',#2675,(#2679,#2686),.PCURVE_S1.);
#2675 = LINE('',#2676,#2677);
#2676 = CARTESIAN_POINT('',(-8.5,-46.,4.));
#2677 = VECTOR('',#2678,1.);
#2678 = DIRECTION('',(1.,0.,0.));
#2679 = PCURVE('',#513,#2680);
#2680 = DEFINITIONAL_REPRESENTATION('',(#2681),#2685);
#2681 = LINE('',#2682,#2683);
#2682 = CARTESIAN_POINT('',(0.,22.));
#2683 = VECTOR('',#2684,1.);
#2684 = DIRECTION('',(1.,0.));
#2685 = ( GEOMETRIC_REPRESENTATION_CONTEXT(2) 
PARAMETRIC_REPRESENTATION_CONTEXT() REPRESENTATION_CONTEXT('2D SPACE',''
  ) );
#2686 = PCURVE('',#2584,#2687);
#2687 = DEFINITIONAL_REPRESENTATION('',(#2688),#2692);
#2688 = LINE('',#2689,#2690);
#2689 = CARTESIAN_POINT('',(0.,0.));
#2690 = VECTOR('',#2691,1.);
#2691 = DIRECTION('',(0.,1.));
#2692 = ( GEOMETRIC_REPRESENTATION_CONTEXT(2) 
PARAMETRIC_REPRESENTATION_CONTEXT() REPRESENTATION_CONTEXT('2D SPACE',''
  ) );
#2693 = ADVANCED_FACE('',(#2694),#487,.T.);
#2694 = FACE_BOUND('',#2695,.T.);
#2695 = EDGE_LOOP('',(#2696,#2697,#2698,#2699));
#2696 = ORIENTED_EDGE('',*,*,#2523,.F.);
#2697 = ORIENTED_EDGE('',*,*,#472,.T.);
#2698 = ORIENTED_EDGE('',*,*,#2648,.T.);
#2699 = ORIENTED_EDGE('',*,*,#2700,.T.);
#2700 = EDGE_CURVE('',#2649,#2524,#2701,.T.);
#2701 = SURFACE_CURVE('',#2702,(#2706,#2713),.PCURVE_S1.);
#2702 = LINE('',#2703,#2704);
#2703 = CARTESIAN_POINT('',(-8.5,-46.,4.));
#2704 = VECTOR('',#2705,1.);
#2705 = DIRECTION('',(0.,0.,1.));
#2706 = PCURVE('',#487,#2707);
#2707 = DEFINITIONAL_REPRESENTATION('',(#2708),#2712);
#2708 = LINE('',#2709,#2710);
#2709 = CARTESIAN_POINT('',(0.,-22.));
#2710 = VECTOR('',#2711,1.);
#2711 = DIRECTION('',(1.,0.));
#2712 = ( GEOMETRIC_REPRESENTATION_CONTEXT(2) 
PARAMETRIC_REPRESENTATION_CONTEXT() REPRESENTATION_CONTEXT('2D SPACE',''
  ) );
#2713 = PCURVE('',#2584,#2714);
#2714 = DEFINITIONAL_REPRESENTATION('',(#2715),#2719);
#2715 = LINE('',#2716,#2717);
#2716 = CARTESIAN_POINT('',(0.,0.));
#2717 = VECTOR('',#2718,1.);
#2718 = DIRECTION('',(1.,0.));
#2719 = ( GEOMETRIC_REPRESENTATION_CONTEXT(2) 
PARAMETRIC_REPRESENTATION_CONTEXT() REPRESENTATION_CONTEXT('2D SPACE',''
  ) );
#2720 = ADVANCED_FACE('',(#2721),#817,.F.);
#2721 = FACE_BOUND('',#2722,.F.);
#2722 = EDGE_LOOP('',(#2723,#2753,#2772,#2773,#2774,#2775,#2796,#2797));
#2723 = ORIENTED_EDGE('',*,*,#2724,.F.);
#2724 = EDGE_CURVE('',#2725,#2727,#2729,.T.);
#2725 = VERTEX_POINT('',#2726);
#2726 = CARTESIAN_POINT('',(54.504464167091,2.595498823282,0.));
#2727 = VERTEX_POINT('',#2728);
#2728 = CARTESIAN_POINT('',(29.5,45.904501176718,0.));
#2729 = SURFACE_CURVE('',#2730,(#2734,#2741),.PCURVE_S1.);
#2730 = LINE('',#2731,#2732);
#2731 = CARTESIAN_POINT('',(63.219854476264,-12.5,0.));
#2732 = VECTOR('',#2733,1.);
#2733 = DIRECTION('',(-0.5,0.866025403784,0.));
#2734 = PCURVE('',#817,#2735);
#2735 = DEFINITIONAL_REPRESENTATION('',(#2736),#2740);
#2736 = LINE('',#2737,#2738);
#2737 = CARTESIAN_POINT('',(0.,0.));
#2738 = VECTOR('',#2739,1.);
#2739 = DIRECTION('',(0.,1.));
#2740 = ( GEOMETRIC_REPRESENTATION_CONTEXT(2) 
PARAMETRIC_REPRESENTATION_CONTEXT() REPRESENTATION_CONTEXT('2D SPACE',''
  ) );
#2741 = PCURVE('',#2742,#2747);
#2742 = PLANE('',#2743);
#2743 = AXIS2_PLACEMENT_3D('',#2744,#2745,#2746);
#2744 = CARTESIAN_POINT('',(1.823253510053E-15,49.,0.));
#2745 = DIRECTION('',(0.,0.,1.));
#2746 = DIRECTION('',(1.,0.,-0.));
#2747 = DEFINITIONAL_REPRESENTATION('',(#2748),#2752);
#2748 = LINE('',#2749,#2750);
#2749 = CARTESIAN_POINT('',(63.219854476264,-61.5));
#2750 = VECTOR('',#2751,1.);
#2751 = DIRECTION('',(-0.5,0.866025403784));
#2752 = ( GEOMETRIC_REPRESENTATION_CONTEXT(2) 
PARAMETRIC_REPRESENTATION_CONTEXT() REPRESENTATION_CONTEXT('2D SPACE',''
  ) );
#2753 = ORIENTED_EDGE('',*,*,#2754,.F.);
#2754 = EDGE_CURVE('',#802,#2725,#2755,.T.);
#2755 = SURFACE_CURVE('',#2756,(#2760,#2766),.PCURVE_S1.);
#2756 = LINE('',#2757,#2758);
#2757 = CARTESIAN_POINT('',(54.504464167091,2.595498823282,0.));
#2758 = VECTOR('',#2759,1.);
#2759 = DIRECTION('',(-0.,0.,-1.));
#2760 = PCURVE('',#817,#2761);
#2761 = DEFINITIONAL_REPRESENTATION('',(#2762),#2765);
#2762 = B_SPLINE_CURVE_WITH_KNOTS('',1,(#2763,#2764),.UNSPECIFIED.,.F.,
  .F.,(2,2),(-15.6,-0.),.PIECEWISE_BEZIER_KNOTS.);
#2763 = CARTESIAN_POINT('',(15.6,17.430780618347));
#2764 = CARTESIAN_POINT('',(0.,17.430780618347));
#2765 = ( GEOMETRIC_REPRESENTATION_CONTEXT(2) 
PARAMETRIC_REPRESENTATION_CONTEXT() REPRESENTATION_CONTEXT('2D SPACE',''
  ) );
#2766 = PCURVE('',#844,#2767);
#2767 = DEFINITIONAL_REPRESENTATION('',(#2768),#2771);
#2768 = B_SPLINE_CURVE_WITH_KNOTS('',1,(#2769,#2770),.UNSPECIFIED.,.F.,
  .F.,(2,2),(-15.6,-0.),.PIECEWISE_BEZIER_KNOTS.);
#2769 = CARTESIAN_POINT('',(15.6,7.404501176718));
#2770 = CARTESIAN_POINT('',(0.,7.404501176718));
#2771 = ( GEOMETRIC_REPRESENTATION_CONTEXT(2) 
PARAMETRIC_REPRESENTATION_CONTEXT() REPRESENTATION_CONTEXT('2D SPACE',''
  ) );
#2772 = ORIENTED_EDGE('',*,*,#801,.F.);
#2773 = ORIENTED_EDGE('',*,*,#1895,.T.);
#2774 = ORIENTED_EDGE('',*,*,#1945,.T.);
#2775 = ORIENTED_EDGE('',*,*,#2776,.F.);
#2776 = EDGE_CURVE('',#969,#1946,#2777,.T.);
#2777 = SURFACE_CURVE('',#2778,(#2782,#2789),.PCURVE_S1.);
#2778 = LINE('',#2779,#2780);
#2779 = CARTESIAN_POINT('',(20.784609690827,61.,0.));
#2780 = VECTOR('',#2781,1.);
#2781 = DIRECTION('',(0.,0.,1.));
#2782 = PCURVE('',#817,#2783);
#2783 = DEFINITIONAL_REPRESENTATION('',(#2784),#2788);
#2784 = LINE('',#2785,#2786);
#2785 = CARTESIAN_POINT('',(0.,84.870489570875));
#2786 = VECTOR('',#2787,1.);
#2787 = DIRECTION('',(1.,0.));
#2788 = ( GEOMETRIC_REPRESENTATION_CONTEXT(2) 
PARAMETRIC_REPRESENTATION_CONTEXT() REPRESENTATION_CONTEXT('2D SPACE',''
  ) );
#2789 = PCURVE('',#1011,#2790);
#2790 = DEFINITIONAL_REPRESENTATION('',(#2791),#2795);
#2791 = LINE('',#2792,#2793);
#2792 = CARTESIAN_POINT('',(-6.806784082778,0.));
#2793 = VECTOR('',#2794,1.);
#2794 = DIRECTION('',(-0.,-1.));
#2795 = ( GEOMETRIC_REPRESENTATION_CONTEXT(2) 
PARAMETRIC_REPRESENTATION_CONTEXT() REPRESENTATION_CONTEXT('2D SPACE',''
  ) );
#2796 = ORIENTED_EDGE('',*,*,#968,.F.);
#2797 = ORIENTED_EDGE('',*,*,#2798,.T.);
#2798 = EDGE_CURVE('',#941,#2727,#2799,.T.);
#2799 = SURFACE_CURVE('',#2800,(#2804,#2810),.PCURVE_S1.);
#2800 = LINE('',#2801,#2802);
#2801 = CARTESIAN_POINT('',(29.5,45.904501176718,0.));
#2802 = VECTOR('',#2803,1.);
#2803 = DIRECTION('',(-0.,0.,-1.));
#2804 = PCURVE('',#817,#2805);
#2805 = DEFINITIONAL_REPRESENTATION('',(#2806),#2809);
#2806 = B_SPLINE_CURVE_WITH_KNOTS('',1,(#2807,#2808),.UNSPECIFIED.,.F.,
  .F.,(2,2),(-15.6,0.),.PIECEWISE_BEZIER_KNOTS.);
#2807 = CARTESIAN_POINT('',(15.6,67.439708952528));
#2808 = CARTESIAN_POINT('',(0.,67.439708952528));
#2809 = ( GEOMETRIC_REPRESENTATION_CONTEXT(2) 
PARAMETRIC_REPRESENTATION_CONTEXT() REPRESENTATION_CONTEXT('2D SPACE',''
  ) );
#2810 = PCURVE('',#956,#2811);
#2811 = DEFINITIONAL_REPRESENTATION('',(#2812),#2815);
#2812 = B_SPLINE_CURVE_WITH_KNOTS('',1,(#2813,#2814),.UNSPECIFIED.,.F.,
  .F.,(2,2),(-15.6,0.),.PIECEWISE_BEZIER_KNOTS.);
#2813 = CARTESIAN_POINT('',(15.6,7.404501176718));
#2814 = CARTESIAN_POINT('',(0.,7.404501176718));
#2815 = ( GEOMETRIC_REPRESENTATION_CONTEXT(2) 
PARAMETRIC_REPRESENTATION_CONTEXT() REPRESENTATION_CONTEXT('2D SPACE',''
  ) );
#2816 = ADVANCED_FACE('',(#2817),#844,.F.);
#2817 = FACE_BOUND('',#2818,.F.);
#2818 = EDGE_LOOP('',(#2819,#2842,#2863,#2864));
#2819 = ORIENTED_EDGE('',*,*,#2820,.F.);
#2820 = EDGE_CURVE('',#2821,#2725,#2823,.T.);
#2821 = VERTEX_POINT('',#2822);
#2822 = CARTESIAN_POINT('',(48.091978045701,6.297749411641,0.));
#2823 = SURFACE_CURVE('',#2824,(#2828,#2835),.PCURVE_S1.);
#2824 = LINE('',#2825,#2826);
#2825 = CARTESIAN_POINT('',(48.091978045701,6.297749411641,0.));
#2826 = VECTOR('',#2827,1.);
#2827 = DIRECTION('',(0.866025403784,-0.5,0.));
#2828 = PCURVE('',#844,#2829);
#2829 = DEFINITIONAL_REPRESENTATION('',(#2830),#2834);
#2830 = LINE('',#2831,#2832);
#2831 = CARTESIAN_POINT('',(0.,0.));
#2832 = VECTOR('',#2833,1.);
#2833 = DIRECTION('',(0.,1.));
#2834 = ( GEOMETRIC_REPRESENTATION_CONTEXT(2) 
PARAMETRIC_REPRESENTATION_CONTEXT() REPRESENTATION_CONTEXT('2D SPACE',''
  ) );
#2835 = PCURVE('',#2742,#2836);
#2836 = DEFINITIONAL_REPRESENTATION('',(#2837),#2841);
#2837 = LINE('',#2838,#2839);
#2838 = CARTESIAN_POINT('',(48.091978045701,-42.70225058835));
#2839 = VECTOR('',#2840,1.);
#2840 = DIRECTION('',(0.866025403784,-0.5));
#2841 = ( GEOMETRIC_REPRESENTATION_CONTEXT(2) 
PARAMETRIC_REPRESENTATION_CONTEXT() REPRESENTATION_CONTEXT('2D SPACE',''
  ) );
#2842 = ORIENTED_EDGE('',*,*,#2843,.T.);
#2843 = EDGE_CURVE('',#2821,#829,#2844,.T.);
#2844 = SURFACE_CURVE('',#2845,(#2849,#2856),.PCURVE_S1.);
#2845 = LINE('',#2846,#2847);
#2846 = CARTESIAN_POINT('',(48.091978045701,6.297749411641,0.));
#2847 = VECTOR('',#2848,1.);
#2848 = DIRECTION('',(0.,0.,1.));
#2849 = PCURVE('',#844,#2850);
#2850 = DEFINITIONAL_REPRESENTATION('',(#2851),#2855);
#2851 = LINE('',#2852,#2853);
#2852 = CARTESIAN_POINT('',(0.,0.));
#2853 = VECTOR('',#2854,1.);
#2854 = DIRECTION('',(1.,0.));
#2855 = ( GEOMETRIC_REPRESENTATION_CONTEXT(2) 
PARAMETRIC_REPRESENTATION_CONTEXT() REPRESENTATION_CONTEXT('2D SPACE',''
  ) );
#2856 = PCURVE('',#872,#2857);
#2857 = DEFINITIONAL_REPRESENTATION('',(#2858),#2862);
#2858 = LINE('',#2859,#2860);
#2859 = CARTESIAN_POINT('',(0.,-59.));
#2860 = VECTOR('',#2861,1.);
#2861 = DIRECTION('',(1.,0.));
#2862 = ( GEOMETRIC_REPRESENTATION_CONTEXT(2) 
PARAMETRIC_REPRESENTATION_CONTEXT() REPRESENTATION_CONTEXT('2D SPACE',''
  ) );
#2863 = ORIENTED_EDGE('',*,*,#828,.T.);
#2864 = ORIENTED_EDGE('',*,*,#2754,.T.);
#2865 = ADVANCED_FACE('',(#2866),#872,.T.);
#2866 = FACE_BOUND('',#2867,.T.);
#2867 = EDGE_LOOP('',(#2868,#2869,#2890,#2911));
#2868 = ORIENTED_EDGE('',*,*,#856,.F.);
#2869 = ORIENTED_EDGE('',*,*,#2870,.F.);
#2870 = EDGE_CURVE('',#2871,#857,#2873,.T.);
#2871 = VERTEX_POINT('',#2872);
#2872 = CARTESIAN_POINT('',(47.631397208144,5.5,0.));
#2873 = SURFACE_CURVE('',#2874,(#2878,#2884),.PCURVE_S1.);
#2874 = LINE('',#2875,#2876);
#2875 = CARTESIAN_POINT('',(47.631397208144,5.5,0.));
#2876 = VECTOR('',#2877,1.);
#2877 = DIRECTION('',(0.,0.,1.));
#2878 = PCURVE('',#872,#2879);
#2879 = DEFINITIONAL_REPRESENTATION('',(#2880),#2883);
#2880 = B_SPLINE_CURVE_WITH_KNOTS('',1,(#2881,#2882),.UNSPECIFIED.,.F.,
  .F.,(2,2),(0.,15.6),.PIECEWISE_BEZIER_KNOTS.);
#2881 = CARTESIAN_POINT('',(0.,-58.07883832488));
#2882 = CARTESIAN_POINT('',(15.6,-58.07883832488));
#2883 = ( GEOMETRIC_REPRESENTATION_CONTEXT(2) 
PARAMETRIC_REPRESENTATION_CONTEXT() REPRESENTATION_CONTEXT('2D SPACE',''
  ) );
#2884 = PCURVE('',#900,#2885);
#2885 = DEFINITIONAL_REPRESENTATION('',(#2886),#2889);
#2886 = B_SPLINE_CURVE_WITH_KNOTS('',1,(#2887,#2888),.UNSPECIFIED.,.F.,
  .F.,(2,2),(0.,15.6),.PIECEWISE_BEZIER_KNOTS.);
#2887 = CARTESIAN_POINT('',(0.,20.784609690827));
#2888 = CARTESIAN_POINT('',(15.6,20.784609690827));
#2889 = ( GEOMETRIC_REPRESENTATION_CONTEXT(2) 
PARAMETRIC_REPRESENTATION_CONTEXT() REPRESENTATION_CONTEXT('2D SPACE',''
  ) );
#2890 = ORIENTED_EDGE('',*,*,#2891,.T.);
#2891 = EDGE_CURVE('',#2871,#2821,#2892,.T.);
#2892 = SURFACE_CURVE('',#2893,(#2897,#2904),.PCURVE_S1.);
#2893 = LINE('',#2894,#2895);
#2894 = CARTESIAN_POINT('',(18.591978045701,-44.79774941164,0.));
#2895 = VECTOR('',#2896,1.);
#2896 = DIRECTION('',(0.5,0.866025403784,0.));
#2897 = PCURVE('',#872,#2898);
#2898 = DEFINITIONAL_REPRESENTATION('',(#2899),#2903);
#2899 = LINE('',#2900,#2901);
#2900 = CARTESIAN_POINT('',(0.,0.));
#2901 = VECTOR('',#2902,1.);
#2902 = DIRECTION('',(0.,-1.));
#2903 = ( GEOMETRIC_REPRESENTATION_CONTEXT(2) 
PARAMETRIC_REPRESENTATION_CONTEXT() REPRESENTATION_CONTEXT('2D SPACE',''
  ) );
#2904 = PCURVE('',#2742,#2905);
#2905 = DEFINITIONAL_REPRESENTATION('',(#2906),#2910);
#2906 = LINE('',#2907,#2908);
#2907 = CARTESIAN_POINT('',(18.591978045701,-93.79774941164));
#2908 = VECTOR('',#2909,1.);
#2909 = DIRECTION('',(0.5,0.866025403784));
#2910 = ( GEOMETRIC_REPRESENTATION_CONTEXT(2) 
PARAMETRIC_REPRESENTATION_CONTEXT() REPRESENTATION_CONTEXT('2D SPACE',''
  ) );
#2911 = ORIENTED_EDGE('',*,*,#2843,.T.);
#2912 = ADVANCED_FACE('',(#2913),#1039,.F.);
#2913 = FACE_BOUND('',#2914,.F.);
#2914 = EDGE_LOOP('',(#2915,#2945,#2964,#2965,#2985,#2986,#2987,#2988));
#2915 = ORIENTED_EDGE('',*,*,#2916,.F.);
#2916 = EDGE_CURVE('',#2917,#2919,#2921,.T.);
#2917 = VERTEX_POINT('',#2918);
#2918 = CARTESIAN_POINT('',(-29.5,45.904501176718,0.));
#2919 = VERTEX_POINT('',#2920);
#2920 = CARTESIAN_POINT('',(-54.50446416709,2.595498823282,0.));
#2921 = SURFACE_CURVE('',#2922,(#2926,#2933),.PCURVE_S1.);
#2922 = LINE('',#2923,#2924);
#2923 = CARTESIAN_POINT('',(-20.78460969082,61.,0.));
#2924 = VECTOR('',#2925,1.);
#2925 = DIRECTION('',(-0.5,-0.866025403784,0.));
#2926 = PCURVE('',#1039,#2927);
#2927 = DEFINITIONAL_REPRESENTATION('',(#2928),#2932);
#2928 = LINE('',#2929,#2930);
#2929 = CARTESIAN_POINT('',(0.,0.));
#2930 = VECTOR('',#2931,1.);
#2931 = DIRECTION('',(0.,1.));
#2932 = ( GEOMETRIC_REPRESENTATION_CONTEXT(2) 
PARAMETRIC_REPRESENTATION_CONTEXT() REPRESENTATION_CONTEXT('2D SPACE',''
  ) );
#2933 = PCURVE('',#2934,#2939);
#2934 = PLANE('',#2935);
#2935 = AXIS2_PLACEMENT_3D('',#2936,#2937,#2938);
#2936 = CARTESIAN_POINT('',(1.823253510053E-15,49.,0.));
#2937 = DIRECTION('',(0.,0.,1.));
#2938 = DIRECTION('',(1.,0.,-0.));
#2939 = DEFINITIONAL_REPRESENTATION('',(#2940),#2944);
#2940 = LINE('',#2941,#2942);
#2941 = CARTESIAN_POINT('',(-20.78460969082,12.));
#2942 = VECTOR('',#2943,1.);
#2943 = DIRECTION('',(-0.5,-0.866025403784));
#2944 = ( GEOMETRIC_REPRESENTATION_CONTEXT(2) 
PARAMETRIC_REPRESENTATION_CONTEXT() REPRESENTATION_CONTEXT('2D SPACE',''
  ) );
#2945 = ORIENTED_EDGE('',*,*,#2946,.F.);
#2946 = EDGE_CURVE('',#1024,#2917,#2947,.T.);
#2947 = SURFACE_CURVE('',#2948,(#2952,#2958),.PCURVE_S1.);
#2948 = LINE('',#2949,#2950);
#2949 = CARTESIAN_POINT('',(-29.5,45.904501176718,0.));
#2950 = VECTOR('',#2951,1.);
#2951 = DIRECTION('',(-0.,-0.,-1.));
#2952 = PCURVE('',#1039,#2953);
#2953 = DEFINITIONAL_REPRESENTATION('',(#2954),#2957);
#2954 = B_SPLINE_CURVE_WITH_KNOTS('',1,(#2955,#2956),.UNSPECIFIED.,.F.,
  .F.,(2,2),(-15.6,-0.),.PIECEWISE_BEZIER_KNOTS.);
#2955 = CARTESIAN_POINT('',(15.6,17.430780618347));
#2956 = CARTESIAN_POINT('',(0.,17.430780618347));
#2957 = ( GEOMETRIC_REPRESENTATION_CONTEXT(2) 
PARAMETRIC_REPRESENTATION_CONTEXT() REPRESENTATION_CONTEXT('2D SPACE',''
  ) );
#2958 = PCURVE('',#1066,#2959);
#2959 = DEFINITIONAL_REPRESENTATION('',(#2960),#2963);
#2960 = B_SPLINE_CURVE_WITH_KNOTS('',1,(#2961,#2962),.UNSPECIFIED.,.F.,
  .F.,(2,2),(-15.6,-0.),.PIECEWISE_BEZIER_KNOTS.);
#2961 = CARTESIAN_POINT('',(15.6,7.404501176718));
#2962 = CARTESIAN_POINT('',(0.,7.404501176718));
#2963 = ( GEOMETRIC_REPRESENTATION_CONTEXT(2) 
PARAMETRIC_REPRESENTATION_CONTEXT() REPRESENTATION_CONTEXT('2D SPACE',''
  ) );
#2964 = ORIENTED_EDGE('',*,*,#1023,.F.);
#2965 = ORIENTED_EDGE('',*,*,#2966,.T.);
#2966 = EDGE_CURVE('',#991,#1969,#2967,.T.);
#2967 = SURFACE_CURVE('',#2968,(#2972,#2979),.PCURVE_S1.);
#2968 = LINE('',#2969,#2970);
#2969 = CARTESIAN_POINT('',(-20.78460969082,61.,0.));
#2970 = VECTOR('',#2971,1.);
#2971 = DIRECTION('',(0.,0.,1.));
#2972 = PCURVE('',#1039,#2973);
#2973 = DEFINITIONAL_REPRESENTATION('',(#2974),#2978);
#2974 = LINE('',#2975,#2976);
#2975 = CARTESIAN_POINT('',(0.,0.));
#2976 = VECTOR('',#2977,1.);
#2977 = DIRECTION('',(1.,0.));
#2978 = ( GEOMETRIC_REPRESENTATION_CONTEXT(2) 
PARAMETRIC_REPRESENTATION_CONTEXT() REPRESENTATION_CONTEXT('2D SPACE',''
  ) );
#2979 = PCURVE('',#1011,#2980);
#2980 = DEFINITIONAL_REPRESENTATION('',(#2981),#2984);
#2981 = B_SPLINE_CURVE_WITH_KNOTS('',1,(#2982,#2983),.UNSPECIFIED.,.F.,
  .F.,(2,2),(0.,18.),.PIECEWISE_BEZIER_KNOTS.);
#2982 = CARTESIAN_POINT('',(-8.901179185171,0.));
#2983 = CARTESIAN_POINT('',(-8.901179185171,-18.));
#2984 = ( GEOMETRIC_REPRESENTATION_CONTEXT(2) 
PARAMETRIC_REPRESENTATION_CONTEXT() REPRESENTATION_CONTEXT('2D SPACE',''
  ) );
#2985 = ORIENTED_EDGE('',*,*,#1996,.T.);
#2986 = ORIENTED_EDGE('',*,*,#1846,.F.);
#2987 = ORIENTED_EDGE('',*,*,#1190,.F.);
#2988 = ORIENTED_EDGE('',*,*,#2989,.T.);
#2989 = EDGE_CURVE('',#1163,#2919,#2990,.T.);
#2990 = SURFACE_CURVE('',#2991,(#2995,#3001),.PCURVE_S1.);
#2991 = LINE('',#2992,#2993);
#2992 = CARTESIAN_POINT('',(-54.50446416709,2.595498823282,0.));
#2993 = VECTOR('',#2994,1.);
#2994 = DIRECTION('',(0.,0.,-1.));
#2995 = PCURVE('',#1039,#2996);
#2996 = DEFINITIONAL_REPRESENTATION('',(#2997),#3000);
#2997 = B_SPLINE_CURVE_WITH_KNOTS('',1,(#2998,#2999),.UNSPECIFIED.,.F.,
  .F.,(2,2),(-15.6,-0.),.PIECEWISE_BEZIER_KNOTS.);
#2998 = CARTESIAN_POINT('',(15.6,67.439708952528));
#2999 = CARTESIAN_POINT('',(0.,67.439708952528));
#3000 = ( GEOMETRIC_REPRESENTATION_CONTEXT(2) 
PARAMETRIC_REPRESENTATION_CONTEXT() REPRESENTATION_CONTEXT('2D SPACE',''
  ) );
#3001 = PCURVE('',#1178,#3002);
#3002 = DEFINITIONAL_REPRESENTATION('',(#3003),#3006);
#3003 = B_SPLINE_CURVE_WITH_KNOTS('',1,(#3004,#3005),.UNSPECIFIED.,.F.,
  .F.,(2,2),(-15.6,-0.),.PIECEWISE_BEZIER_KNOTS.);
#3004 = CARTESIAN_POINT('',(15.6,7.404501176718));
#3005 = CARTESIAN_POINT('',(0.,7.404501176718));
#3006 = ( GEOMETRIC_REPRESENTATION_CONTEXT(2) 
PARAMETRIC_REPRESENTATION_CONTEXT() REPRESENTATION_CONTEXT('2D SPACE',''
  ) );
#3007 = ADVANCED_FACE('',(#3008),#900,.T.);
#3008 = FACE_BOUND('',#3009,.T.);
#3009 = EDGE_LOOP('',(#3010,#3033,#3034,#3035));
#3010 = ORIENTED_EDGE('',*,*,#3011,.F.);
#3011 = EDGE_CURVE('',#2871,#3012,#3014,.T.);
#3012 = VERTEX_POINT('',#3013);
#3013 = CARTESIAN_POINT('',(28.578838324886,38.5,0.));
#3014 = SURFACE_CURVE('',#3015,(#3019,#3026),.PCURVE_S1.);
#3015 = LINE('',#3016,#3017);
#3016 = CARTESIAN_POINT('',(58.023702053557,-12.5,0.));
#3017 = VECTOR('',#3018,1.);
#3018 = DIRECTION('',(-0.5,0.866025403784,0.));
#3019 = PCURVE('',#900,#3020);
#3020 = DEFINITIONAL_REPRESENTATION('',(#3021),#3025);
#3021 = LINE('',#3022,#3023);
#3022 = CARTESIAN_POINT('',(0.,0.));
#3023 = VECTOR('',#3024,1.);
#3024 = DIRECTION('',(0.,1.));
#3025 = ( GEOMETRIC_REPRESENTATION_CONTEXT(2) 
PARAMETRIC_REPRESENTATION_CONTEXT() REPRESENTATION_CONTEXT('2D SPACE',''
  ) );
#3026 = PCURVE('',#2742,#3027);
#3027 = DEFINITIONAL_REPRESENTATION('',(#3028),#3032);
#3028 = LINE('',#3029,#3030);
#3029 = CARTESIAN_POINT('',(58.023702053557,-61.5));
#3030 = VECTOR('',#3031,1.);
#3031 = DIRECTION('',(-0.5,0.866025403784));
#3032 = ( GEOMETRIC_REPRESENTATION_CONTEXT(2) 
PARAMETRIC_REPRESENTATION_CONTEXT() REPRESENTATION_CONTEXT('2D SPACE',''
  ) );
#3033 = ORIENTED_EDGE('',*,*,#2870,.T.);
#3034 = ORIENTED_EDGE('',*,*,#884,.T.);
#3035 = ORIENTED_EDGE('',*,*,#3036,.T.);
#3036 = EDGE_CURVE('',#885,#3012,#3037,.T.);
#3037 = SURFACE_CURVE('',#3038,(#3042,#3048),.PCURVE_S1.);
#3038 = LINE('',#3039,#3040);
#3039 = CARTESIAN_POINT('',(28.578838324886,38.5,0.));
#3040 = VECTOR('',#3041,1.);
#3041 = DIRECTION('',(-0.,0.,-1.));
#3042 = PCURVE('',#900,#3043);
#3043 = DEFINITIONAL_REPRESENTATION('',(#3044),#3047);
#3044 = B_SPLINE_CURVE_WITH_KNOTS('',1,(#3045,#3046),.UNSPECIFIED.,.F.,
  .F.,(2,2),(-15.6,-0.),.PIECEWISE_BEZIER_KNOTS.);
#3045 = CARTESIAN_POINT('',(15.6,58.889727457342));
#3046 = CARTESIAN_POINT('',(0.,58.889727457342));
#3047 = ( GEOMETRIC_REPRESENTATION_CONTEXT(2) 
PARAMETRIC_REPRESENTATION_CONTEXT() REPRESENTATION_CONTEXT('2D SPACE',''
  ) );
#3048 = PCURVE('',#928,#3049);
#3049 = DEFINITIONAL_REPRESENTATION('',(#3050),#3053);
#3050 = B_SPLINE_CURVE_WITH_KNOTS('',1,(#3051,#3052),.UNSPECIFIED.,.F.,
  .F.,(2,2),(-15.6,-0.),.PIECEWISE_BEZIER_KNOTS.);
#3051 = CARTESIAN_POINT('',(15.6,-0.921161675114));
#3052 = CARTESIAN_POINT('',(0.,-0.921161675114));
#3053 = ( GEOMETRIC_REPRESENTATION_CONTEXT(2) 
PARAMETRIC_REPRESENTATION_CONTEXT() REPRESENTATION_CONTEXT('2D SPACE',''
  ) );
#3054 = ADVANCED_FACE('',(#3055),#1178,.T.);
#3055 = FACE_BOUND('',#3056,.T.);
#3056 = EDGE_LOOP('',(#3057,#3080,#3101,#3102));
#3057 = ORIENTED_EDGE('',*,*,#3058,.F.);
#3058 = EDGE_CURVE('',#3059,#2919,#3061,.T.);
#3059 = VERTEX_POINT('',#3060);
#3060 = CARTESIAN_POINT('',(-48.0919780457,6.297749411641,0.));
#3061 = SURFACE_CURVE('',#3062,(#3066,#3073),.PCURVE_S1.);
#3062 = LINE('',#3063,#3064);
#3063 = CARTESIAN_POINT('',(-48.0919780457,6.297749411641,0.));
#3064 = VECTOR('',#3065,1.);
#3065 = DIRECTION('',(-0.866025403784,-0.5,0.));
#3066 = PCURVE('',#1178,#3067);
#3067 = DEFINITIONAL_REPRESENTATION('',(#3068),#3072);
#3068 = LINE('',#3069,#3070);
#3069 = CARTESIAN_POINT('',(0.,0.));
#3070 = VECTOR('',#3071,1.);
#3071 = DIRECTION('',(0.,1.));
#3072 = ( GEOMETRIC_REPRESENTATION_CONTEXT(2) 
PARAMETRIC_REPRESENTATION_CONTEXT() REPRESENTATION_CONTEXT('2D SPACE',''
  ) );
#3073 = PCURVE('',#2934,#3074);
#3074 = DEFINITIONAL_REPRESENTATION('',(#3075),#3079);
#3075 = LINE('',#3076,#3077);
#3076 = CARTESIAN_POINT('',(-48.0919780457,-42.70225058835));
#3077 = VECTOR('',#3078,1.);
#3078 = DIRECTION('',(-0.866025403784,-0.5));
#3079 = ( GEOMETRIC_REPRESENTATION_CONTEXT(2) 
PARAMETRIC_REPRESENTATION_CONTEXT() REPRESENTATION_CONTEXT('2D SPACE',''
  ) );
#3080 = ORIENTED_EDGE('',*,*,#3081,.T.);
#3081 = EDGE_CURVE('',#3059,#1135,#3082,.T.);
#3082 = SURFACE_CURVE('',#3083,(#3087,#3094),.PCURVE_S1.);
#3083 = LINE('',#3084,#3085);
#3084 = CARTESIAN_POINT('',(-48.0919780457,6.297749411641,0.));
#3085 = VECTOR('',#3086,1.);
#3086 = DIRECTION('',(0.,0.,1.));
#3087 = PCURVE('',#1178,#3088);
#3088 = DEFINITIONAL_REPRESENTATION('',(#3089),#3093);
#3089 = LINE('',#3090,#3091);
#3090 = CARTESIAN_POINT('',(0.,0.));
#3091 = VECTOR('',#3092,1.);
#3092 = DIRECTION('',(1.,0.));
#3093 = ( GEOMETRIC_REPRESENTATION_CONTEXT(2) 
PARAMETRIC_REPRESENTATION_CONTEXT() REPRESENTATION_CONTEXT('2D SPACE',''
  ) );
#3094 = PCURVE('',#1150,#3095);
#3095 = DEFINITIONAL_REPRESENTATION('',(#3096),#3100);
#3096 = LINE('',#3097,#3098);
#3097 = CARTESIAN_POINT('',(0.,0.));
#3098 = VECTOR('',#3099,1.);
#3099 = DIRECTION('',(1.,0.));
#3100 = ( GEOMETRIC_REPRESENTATION_CONTEXT(2) 
PARAMETRIC_REPRESENTATION_CONTEXT() REPRESENTATION_CONTEXT('2D SPACE',''
  ) );
#3101 = ORIENTED_EDGE('',*,*,#1162,.T.);
#3102 = ORIENTED_EDGE('',*,*,#2989,.T.);
#3103 = ADVANCED_FACE('',(#3104),#928,.T.);
#3104 = FACE_BOUND('',#3105,.T.);
#3105 = EDGE_LOOP('',(#3106,#3107,#3130,#3151));
#3106 = ORIENTED_EDGE('',*,*,#912,.F.);
#3107 = ORIENTED_EDGE('',*,*,#3108,.F.);
#3108 = EDGE_CURVE('',#3109,#913,#3111,.T.);
#3109 = VERTEX_POINT('',#3110);
#3110 = CARTESIAN_POINT('',(29.5,38.5,0.));
#3111 = SURFACE_CURVE('',#3112,(#3116,#3123),.PCURVE_S1.);
#3112 = LINE('',#3113,#3114);
#3113 = CARTESIAN_POINT('',(29.5,38.5,0.));
#3114 = VECTOR('',#3115,1.);
#3115 = DIRECTION('',(0.,0.,1.));
#3116 = PCURVE('',#928,#3117);
#3117 = DEFINITIONAL_REPRESENTATION('',(#3118),#3122);
#3118 = LINE('',#3119,#3120);
#3119 = CARTESIAN_POINT('',(0.,0.));
#3120 = VECTOR('',#3121,1.);
#3121 = DIRECTION('',(1.,0.));
#3122 = ( GEOMETRIC_REPRESENTATION_CONTEXT(2) 
PARAMETRIC_REPRESENTATION_CONTEXT() REPRESENTATION_CONTEXT('2D SPACE',''
  ) );
#3123 = PCURVE('',#956,#3124);
#3124 = DEFINITIONAL_REPRESENTATION('',(#3125),#3129);
#3125 = LINE('',#3126,#3127);
#3126 = CARTESIAN_POINT('',(0.,0.));
#3127 = VECTOR('',#3128,1.);
#3128 = DIRECTION('',(1.,0.));
#3129 = ( GEOMETRIC_REPRESENTATION_CONTEXT(2) 
PARAMETRIC_REPRESENTATION_CONTEXT() REPRESENTATION_CONTEXT('2D SPACE',''
  ) );
#3130 = ORIENTED_EDGE('',*,*,#3131,.T.);
#3131 = EDGE_CURVE('',#3109,#3012,#3132,.T.);
#3132 = SURFACE_CURVE('',#3133,(#3137,#3144),.PCURVE_S1.);
#3133 = LINE('',#3134,#3135);
#3134 = CARTESIAN_POINT('',(29.5,38.5,0.));
#3135 = VECTOR('',#3136,1.);
#3136 = DIRECTION('',(-1.,1.110223024625E-16,0.));
#3137 = PCURVE('',#928,#3138);
#3138 = DEFINITIONAL_REPRESENTATION('',(#3139),#3143);
#3139 = LINE('',#3140,#3141);
#3140 = CARTESIAN_POINT('',(0.,0.));
#3141 = VECTOR('',#3142,1.);
#3142 = DIRECTION('',(0.,-1.));
#3143 = ( GEOMETRIC_REPRESENTATION_CONTEXT(2) 
PARAMETRIC_REPRESENTATION_CONTEXT() REPRESENTATION_CONTEXT('2D SPACE',''
  ) );
#3144 = PCURVE('',#2742,#3145);
#3145 = DEFINITIONAL_REPRESENTATION('',(#3146),#3150);
#3146 = LINE('',#3147,#3148);
#3147 = CARTESIAN_POINT('',(29.5,-10.5));
#3148 = VECTOR('',#3149,1.);
#3149 = DIRECTION('',(-1.,1.110223024625E-16));
#3150 = ( GEOMETRIC_REPRESENTATION_CONTEXT(2) 
PARAMETRIC_REPRESENTATION_CONTEXT() REPRESENTATION_CONTEXT('2D SPACE',''
  ) );
#3151 = ORIENTED_EDGE('',*,*,#3036,.F.);
#3152 = ADVANCED_FACE('',(#3153),#1150,.T.);
#3153 = FACE_BOUND('',#3154,.T.);
#3154 = EDGE_LOOP('',(#3155,#3156,#3157,#3180));
#3155 = ORIENTED_EDGE('',*,*,#1134,.F.);
#3156 = ORIENTED_EDGE('',*,*,#3081,.F.);
#3157 = ORIENTED_EDGE('',*,*,#3158,.T.);
#3158 = EDGE_CURVE('',#3059,#3159,#3161,.T.);
#3159 = VERTEX_POINT('',#3160);
#3160 = CARTESIAN_POINT('',(-47.63139720814,5.5,0.));
#3161 = SURFACE_CURVE('',#3162,(#3166,#3173),.PCURVE_S1.);
#3162 = LINE('',#3163,#3164);
#3163 = CARTESIAN_POINT('',(-48.0919780457,6.297749411641,0.));
#3164 = VECTOR('',#3165,1.);
#3165 = DIRECTION('',(0.5,-0.866025403784,0.));
#3166 = PCURVE('',#1150,#3167);
#3167 = DEFINITIONAL_REPRESENTATION('',(#3168),#3172);
#3168 = LINE('',#3169,#3170);
#3169 = CARTESIAN_POINT('',(0.,0.));
#3170 = VECTOR('',#3171,1.);
#3171 = DIRECTION('',(0.,-1.));
#3172 = ( GEOMETRIC_REPRESENTATION_CONTEXT(2) 
PARAMETRIC_REPRESENTATION_CONTEXT() REPRESENTATION_CONTEXT('2D SPACE',''
  ) );
#3173 = PCURVE('',#2934,#3174);
#3174 = DEFINITIONAL_REPRESENTATION('',(#3175),#3179);
#3175 = LINE('',#3176,#3177);
#3176 = CARTESIAN_POINT('',(-48.0919780457,-42.70225058835));
#3177 = VECTOR('',#3178,1.);
#3178 = DIRECTION('',(0.5,-0.866025403784));
#3179 = ( GEOMETRIC_REPRESENTATION_CONTEXT(2) 
PARAMETRIC_REPRESENTATION_CONTEXT() REPRESENTATION_CONTEXT('2D SPACE',''
  ) );
#3180 = ORIENTED_EDGE('',*,*,#3181,.F.);
#3181 = EDGE_CURVE('',#1107,#3159,#3182,.T.);
#3182 = SURFACE_CURVE('',#3183,(#3187,#3193),.PCURVE_S1.);
#3183 = LINE('',#3184,#3185);
#3184 = CARTESIAN_POINT('',(-47.63139720814,5.5,0.));
#3185 = VECTOR('',#3186,1.);
#3186 = DIRECTION('',(0.,-0.,-1.));
#3187 = PCURVE('',#1150,#3188);
#3188 = DEFINITIONAL_REPRESENTATION('',(#3189),#3192);
#3189 = B_SPLINE_CURVE_WITH_KNOTS('',1,(#3190,#3191),.UNSPECIFIED.,.F.,
  .F.,(2,2),(-15.6,-0.),.PIECEWISE_BEZIER_KNOTS.);
#3190 = CARTESIAN_POINT('',(15.6,-0.921161675114));
#3191 = CARTESIAN_POINT('',(0.,-0.921161675114));
#3192 = ( GEOMETRIC_REPRESENTATION_CONTEXT(2) 
PARAMETRIC_REPRESENTATION_CONTEXT() REPRESENTATION_CONTEXT('2D SPACE',''
  ) );
#3193 = PCURVE('',#1122,#3194);
#3194 = DEFINITIONAL_REPRESENTATION('',(#3195),#3198);
#3195 = B_SPLINE_CURVE_WITH_KNOTS('',1,(#3196,#3197),.UNSPECIFIED.,.F.,
  .F.,(2,2),(-15.6,-0.),.PIECEWISE_BEZIER_KNOTS.);
#3196 = CARTESIAN_POINT('',(15.6,58.889727457342));
#3197 = CARTESIAN_POINT('',(0.,58.889727457342));
#3198 = ( GEOMETRIC_REPRESENTATION_CONTEXT(2) 
PARAMETRIC_REPRESENTATION_CONTEXT() REPRESENTATION_CONTEXT('2D SPACE',''
  ) );
#3199 = ADVANCED_FACE('',(#3200),#956,.T.);
#3200 = FACE_BOUND('',#3201,.T.);
#3201 = EDGE_LOOP('',(#3202,#3223,#3224,#3225));
#3202 = ORIENTED_EDGE('',*,*,#3203,.F.);
#3203 = EDGE_CURVE('',#3109,#2727,#3204,.T.);
#3204 = SURFACE_CURVE('',#3205,(#3209,#3216),.PCURVE_S1.);
#3205 = LINE('',#3206,#3207);
#3206 = CARTESIAN_POINT('',(29.5,38.5,0.));
#3207 = VECTOR('',#3208,1.);
#3208 = DIRECTION('',(1.110223024625E-16,1.,0.));
#3209 = PCURVE('',#956,#3210);
#3210 = DEFINITIONAL_REPRESENTATION('',(#3211),#3215);
#3211 = LINE('',#3212,#3213);
#3212 = CARTESIAN_POINT('',(0.,0.));
#3213 = VECTOR('',#3214,1.);
#3214 = DIRECTION('',(0.,1.));
#3215 = ( GEOMETRIC_REPRESENTATION_CONTEXT(2) 
PARAMETRIC_REPRESENTATION_CONTEXT() REPRESENTATION_CONTEXT('2D SPACE',''
  ) );
#3216 = PCURVE('',#2742,#3217);
#3217 = DEFINITIONAL_REPRESENTATION('',(#3218),#3222);
#3218 = LINE('',#3219,#3220);
#3219 = CARTESIAN_POINT('',(29.5,-10.5));
#3220 = VECTOR('',#3221,1.);
#3221 = DIRECTION('',(1.110223024625E-16,1.));
#3222 = ( GEOMETRIC_REPRESENTATION_CONTEXT(2) 
PARAMETRIC_REPRESENTATION_CONTEXT() REPRESENTATION_CONTEXT('2D SPACE',''
  ) );
#3223 = ORIENTED_EDGE('',*,*,#3108,.T.);
#3224 = ORIENTED_EDGE('',*,*,#940,.T.);
#3225 = ORIENTED_EDGE('',*,*,#2798,.T.);
#3226 = ADVANCED_FACE('',(#3227),#1122,.T.);
#3227 = FACE_BOUND('',#3228,.T.);
#3228 = EDGE_LOOP('',(#3229,#3252,#3271,#3272));
#3229 = ORIENTED_EDGE('',*,*,#3230,.F.);
#3230 = EDGE_CURVE('',#3231,#3159,#3233,.T.);
#3231 = VERTEX_POINT('',#3232);
#3232 = CARTESIAN_POINT('',(-28.57883832488,38.5,0.));
#3233 = SURFACE_CURVE('',#3234,(#3238,#3245),.PCURVE_S1.);
#3234 = LINE('',#3235,#3236);
#3235 = CARTESIAN_POINT('',(-18.18653347947,56.5,0.));
#3236 = VECTOR('',#3237,1.);
#3237 = DIRECTION('',(-0.5,-0.866025403784,0.));
#3238 = PCURVE('',#1122,#3239);
#3239 = DEFINITIONAL_REPRESENTATION('',(#3240),#3244);
#3240 = LINE('',#3241,#3242);
#3241 = CARTESIAN_POINT('',(0.,0.));
#3242 = VECTOR('',#3243,1.);
#3243 = DIRECTION('',(0.,1.));
#3244 = ( GEOMETRIC_REPRESENTATION_CONTEXT(2) 
PARAMETRIC_REPRESENTATION_CONTEXT() REPRESENTATION_CONTEXT('2D SPACE',''
  ) );
#3245 = PCURVE('',#2934,#3246);
#3246 = DEFINITIONAL_REPRESENTATION('',(#3247),#3251);
#3247 = LINE('',#3248,#3249);
#3248 = CARTESIAN_POINT('',(-18.18653347947,7.5));
#3249 = VECTOR('',#3250,1.);
#3250 = DIRECTION('',(-0.5,-0.866025403784));
#3251 = ( GEOMETRIC_REPRESENTATION_CONTEXT(2) 
PARAMETRIC_REPRESENTATION_CONTEXT() REPRESENTATION_CONTEXT('2D SPACE',''
  ) );
#3252 = ORIENTED_EDGE('',*,*,#3253,.T.);
#3253 = EDGE_CURVE('',#3231,#1079,#3254,.T.);
#3254 = SURFACE_CURVE('',#3255,(#3259,#3265),.PCURVE_S1.);
#3255 = LINE('',#3256,#3257);
#3256 = CARTESIAN_POINT('',(-28.57883832488,38.5,0.));
#3257 = VECTOR('',#3258,1.);
#3258 = DIRECTION('',(-0.,0.,1.));
#3259 = PCURVE('',#1122,#3260);
#3260 = DEFINITIONAL_REPRESENTATION('',(#3261),#3264);
#3261 = B_SPLINE_CURVE_WITH_KNOTS('',1,(#3262,#3263),.UNSPECIFIED.,.F.,
  .F.,(2,2),(0.,15.6),.PIECEWISE_BEZIER_KNOTS.);
#3262 = CARTESIAN_POINT('',(0.,20.784609690827));
#3263 = CARTESIAN_POINT('',(15.6,20.784609690827));
#3264 = ( GEOMETRIC_REPRESENTATION_CONTEXT(2) 
PARAMETRIC_REPRESENTATION_CONTEXT() REPRESENTATION_CONTEXT('2D SPACE',''
  ) );
#3265 = PCURVE('',#1094,#3266);
#3266 = DEFINITIONAL_REPRESENTATION('',(#3267),#3270);
#3267 = B_SPLINE_CURVE_WITH_KNOTS('',1,(#3268,#3269),.UNSPECIFIED.,.F.,
  .F.,(2,2),(0.,15.6),.PIECEWISE_BEZIER_KNOTS.);
#3268 = CARTESIAN_POINT('',(0.,-58.07883832488));
#3269 = CARTESIAN_POINT('',(15.6,-58.07883832488));
#3270 = ( GEOMETRIC_REPRESENTATION_CONTEXT(2) 
PARAMETRIC_REPRESENTATION_CONTEXT() REPRESENTATION_CONTEXT('2D SPACE',''
  ) );
#3271 = ORIENTED_EDGE('',*,*,#1106,.T.);
#3272 = ORIENTED_EDGE('',*,*,#3181,.T.);
#3273 = ADVANCED_FACE('',(#3274),#1094,.T.);
#3274 = FACE_BOUND('',#3275,.T.);
#3275 = EDGE_LOOP('',(#3276,#3277,#3278,#3301));
#3276 = ORIENTED_EDGE('',*,*,#1078,.F.);
#3277 = ORIENTED_EDGE('',*,*,#3253,.F.);
#3278 = ORIENTED_EDGE('',*,*,#3279,.T.);
#3279 = EDGE_CURVE('',#3231,#3280,#3282,.T.);
#3280 = VERTEX_POINT('',#3281);
#3281 = CARTESIAN_POINT('',(-29.5,38.5,0.));
#3282 = SURFACE_CURVE('',#3283,(#3287,#3294),.PCURVE_S1.);
#3283 = LINE('',#3284,#3285);
#3284 = CARTESIAN_POINT('',(29.5,38.5,0.));
#3285 = VECTOR('',#3286,1.);
#3286 = DIRECTION('',(-1.,1.110223024625E-16,0.));
#3287 = PCURVE('',#1094,#3288);
#3288 = DEFINITIONAL_REPRESENTATION('',(#3289),#3293);
#3289 = LINE('',#3290,#3291);
#3290 = CARTESIAN_POINT('',(0.,0.));
#3291 = VECTOR('',#3292,1.);
#3292 = DIRECTION('',(0.,-1.));
#3293 = ( GEOMETRIC_REPRESENTATION_CONTEXT(2) 
PARAMETRIC_REPRESENTATION_CONTEXT() REPRESENTATION_CONTEXT('2D SPACE',''
  ) );
#3294 = PCURVE('',#2934,#3295);
#3295 = DEFINITIONAL_REPRESENTATION('',(#3296),#3300);
#3296 = LINE('',#3297,#3298);
#3297 = CARTESIAN_POINT('',(29.5,-10.5));
#3298 = VECTOR('',#3299,1.);
#3299 = DIRECTION('',(-1.,1.110223024625E-16));
#3300 = ( GEOMETRIC_REPRESENTATION_CONTEXT(2) 
PARAMETRIC_REPRESENTATION_CONTEXT() REPRESENTATION_CONTEXT('2D SPACE',''
  ) );
#3301 = ORIENTED_EDGE('',*,*,#3302,.T.);
#3302 = EDGE_CURVE('',#3280,#1051,#3303,.T.);
#3303 = SURFACE_CURVE('',#3304,(#3308,#3315),.PCURVE_S1.);
#3304 = LINE('',#3305,#3306);
#3305 = CARTESIAN_POINT('',(-29.5,38.5,0.));
#3306 = VECTOR('',#3307,1.);
#3307 = DIRECTION('',(0.,0.,1.));
#3308 = PCURVE('',#1094,#3309);
#3309 = DEFINITIONAL_REPRESENTATION('',(#3310),#3314);
#3310 = LINE('',#3311,#3312);
#3311 = CARTESIAN_POINT('',(0.,-59.));
#3312 = VECTOR('',#3313,1.);
#3313 = DIRECTION('',(1.,0.));
#3314 = ( GEOMETRIC_REPRESENTATION_CONTEXT(2) 
PARAMETRIC_REPRESENTATION_CONTEXT() REPRESENTATION_CONTEXT('2D SPACE',''
  ) );
#3315 = PCURVE('',#1066,#3316);
#3316 = DEFINITIONAL_REPRESENTATION('',(#3317),#3321);
#3317 = LINE('',#3318,#3319);
#3318 = CARTESIAN_POINT('',(0.,0.));
#3319 = VECTOR('',#3320,1.);
#3320 = DIRECTION('',(1.,0.));
#3321 = ( GEOMETRIC_REPRESENTATION_CONTEXT(2) 
PARAMETRIC_REPRESENTATION_CONTEXT() REPRESENTATION_CONTEXT('2D SPACE',''
  ) );
#3322 = ADVANCED_FACE('',(#3323),#1011,.T.);
#3323 = FACE_BOUND('',#3324,.F.);
#3324 = EDGE_LOOP('',(#3325,#3326,#3327,#3328));
#3325 = ORIENTED_EDGE('',*,*,#990,.T.);
#3326 = ORIENTED_EDGE('',*,*,#2776,.T.);
#3327 = ORIENTED_EDGE('',*,*,#1968,.F.);
#3328 = ORIENTED_EDGE('',*,*,#2966,.F.);
#3329 = ADVANCED_FACE('',(#3330),#1066,.F.);
#3330 = FACE_BOUND('',#3331,.F.);
#3331 = EDGE_LOOP('',(#3332,#3353,#3354,#3355));
#3332 = ORIENTED_EDGE('',*,*,#3333,.F.);
#3333 = EDGE_CURVE('',#3280,#2917,#3334,.T.);
#3334 = SURFACE_CURVE('',#3335,(#3339,#3346),.PCURVE_S1.);
#3335 = LINE('',#3336,#3337);
#3336 = CARTESIAN_POINT('',(-29.5,38.5,0.));
#3337 = VECTOR('',#3338,1.);
#3338 = DIRECTION('',(1.110223024625E-16,1.,0.));
#3339 = PCURVE('',#1066,#3340);
#3340 = DEFINITIONAL_REPRESENTATION('',(#3341),#3345);
#3341 = LINE('',#3342,#3343);
#3342 = CARTESIAN_POINT('',(0.,0.));
#3343 = VECTOR('',#3344,1.);
#3344 = DIRECTION('',(0.,1.));
#3345 = ( GEOMETRIC_REPRESENTATION_CONTEXT(2) 
PARAMETRIC_REPRESENTATION_CONTEXT() REPRESENTATION_CONTEXT('2D SPACE',''
  ) );
#3346 = PCURVE('',#2934,#3347);
#3347 = DEFINITIONAL_REPRESENTATION('',(#3348),#3352);
#3348 = LINE('',#3349,#3350);
#3349 = CARTESIAN_POINT('',(-29.5,-10.5));
#3350 = VECTOR('',#3351,1.);
#3351 = DIRECTION('',(1.110223024625E-16,1.));
#3352 = ( GEOMETRIC_REPRESENTATION_CONTEXT(2) 
PARAMETRIC_REPRESENTATION_CONTEXT() REPRESENTATION_CONTEXT('2D SPACE',''
  ) );
#3353 = ORIENTED_EDGE('',*,*,#3302,.T.);
#3354 = ORIENTED_EDGE('',*,*,#1050,.T.);
#3355 = ORIENTED_EDGE('',*,*,#2946,.T.);
#3356 = ADVANCED_FACE('',(#3357),#1261,.F.);
#3357 = FACE_BOUND('',#3358,.F.);
#3358 = EDGE_LOOP('',(#3359,#3360,#3381,#3382));
#3359 = ORIENTED_EDGE('',*,*,#1244,.T.);
#3360 = ORIENTED_EDGE('',*,*,#3361,.T.);
#3361 = EDGE_CURVE('',#1247,#2225,#3362,.T.);
#3362 = SURFACE_CURVE('',#3363,(#3367,#3374),.PCURVE_S1.);
#3363 = LINE('',#3364,#3365);
#3364 = CARTESIAN_POINT('',(-30.7,-22.7,-1.));
#3365 = VECTOR('',#3366,1.);
#3366 = DIRECTION('',(0.,0.,1.));
#3367 = PCURVE('',#1261,#3368);
#3368 = DEFINITIONAL_REPRESENTATION('',(#3369),#3373);
#3369 = LINE('',#3370,#3371);
#3370 = CARTESIAN_POINT('',(0.,0.));
#3371 = VECTOR('',#3372,1.);
#3372 = DIRECTION('',(0.,-1.));
#3373 = ( GEOMETRIC_REPRESENTATION_CONTEXT(2) 
PARAMETRIC_REPRESENTATION_CONTEXT() REPRESENTATION_CONTEXT('2D SPACE',''
  ) );
#3374 = PCURVE('',#1350,#3375);
#3375 = DEFINITIONAL_REPRESENTATION('',(#3376),#3380);
#3376 = LINE('',#3377,#3378);
#3377 = CARTESIAN_POINT('',(3.14159265359,0.));
#3378 = VECTOR('',#3379,1.);
#3379 = DIRECTION('',(0.,-1.));
#3380 = ( GEOMETRIC_REPRESENTATION_CONTEXT(2) 
PARAMETRIC_REPRESENTATION_CONTEXT() REPRESENTATION_CONTEXT('2D SPACE',''
  ) );
#3381 = ORIENTED_EDGE('',*,*,#2222,.F.);
#3382 = ORIENTED_EDGE('',*,*,#3383,.F.);
#3383 = EDGE_CURVE('',#1245,#2223,#3384,.T.);
#3384 = SURFACE_CURVE('',#3385,(#3389,#3396),.PCURVE_S1.);
#3385 = LINE('',#3386,#3387);
#3386 = CARTESIAN_POINT('',(-27.3,-22.7,-1.));
#3387 = VECTOR('',#3388,1.);
#3388 = DIRECTION('',(0.,0.,1.));
#3389 = PCURVE('',#1261,#3390);
#3390 = DEFINITIONAL_REPRESENTATION('',(#3391),#3395);
#3391 = LINE('',#3392,#3393);
#3392 = CARTESIAN_POINT('',(3.4,0.));
#3393 = VECTOR('',#3394,1.);
#3394 = DIRECTION('',(0.,-1.));
#3395 = ( GEOMETRIC_REPRESENTATION_CONTEXT(2) 
PARAMETRIC_REPRESENTATION_CONTEXT() REPRESENTATION_CONTEXT('2D SPACE',''
  ) );
#3396 = PCURVE('',#1293,#3397);
#3397 = DEFINITIONAL_REPRESENTATION('',(#3398),#3402);
#3398 = LINE('',#3399,#3400);
#3399 = CARTESIAN_POINT('',(0.,0.));
#3400 = VECTOR('',#3401,1.);
#3401 = DIRECTION('',(0.,-1.));
#3402 = ( GEOMETRIC_REPRESENTATION_CONTEXT(2) 
PARAMETRIC_REPRESENTATION_CONTEXT() REPRESENTATION_CONTEXT('2D SPACE',''
  ) );
#3403 = ADVANCED_FACE('',(#3404),#1293,.F.);
#3404 = FACE_BOUND('',#3405,.F.);
#3405 = EDGE_LOOP('',(#3406,#3407,#3408,#3409));
#3406 = ORIENTED_EDGE('',*,*,#1272,.F.);
#3407 = ORIENTED_EDGE('',*,*,#3383,.T.);
#3408 = ORIENTED_EDGE('',*,*,#2245,.T.);
#3409 = ORIENTED_EDGE('',*,*,#3410,.F.);
#3410 = EDGE_CURVE('',#1273,#2246,#3411,.T.);
#3411 = SURFACE_CURVE('',#3412,(#3416,#3423),.PCURVE_S1.);
#3412 = LINE('',#3413,#3414);
#3413 = CARTESIAN_POINT('',(-27.3,-26.3,-1.));
#3414 = VECTOR('',#3415,1.);
#3415 = DIRECTION('',(0.,0.,1.));
#3416 = PCURVE('',#1293,#3417);
#3417 = DEFINITIONAL_REPRESENTATION('',(#3418),#3422);
#3418 = LINE('',#3419,#3420);
#3419 = CARTESIAN_POINT('',(3.14159265359,0.));
#3420 = VECTOR('',#3421,1.);
#3421 = DIRECTION('',(0.,-1.));
#3422 = ( GEOMETRIC_REPRESENTATION_CONTEXT(2) 
PARAMETRIC_REPRESENTATION_CONTEXT() REPRESENTATION_CONTEXT('2D SPACE',''
  ) );
#3423 = PCURVE('',#1320,#3424);
#3424 = DEFINITIONAL_REPRESENTATION('',(#3425),#3429);
#3425 = LINE('',#3426,#3427);
#3426 = CARTESIAN_POINT('',(0.,-0.));
#3427 = VECTOR('',#3428,1.);
#3428 = DIRECTION('',(0.,-1.));
#3429 = ( GEOMETRIC_REPRESENTATION_CONTEXT(2) 
PARAMETRIC_REPRESENTATION_CONTEXT() REPRESENTATION_CONTEXT('2D SPACE',''
  ) );
#3430 = ADVANCED_FACE('',(#3431),#1350,.F.);
#3431 = FACE_BOUND('',#3432,.F.);
#3432 = EDGE_LOOP('',(#3433,#3434,#3455,#3456));
#3433 = ORIENTED_EDGE('',*,*,#1331,.F.);
#3434 = ORIENTED_EDGE('',*,*,#3435,.T.);
#3435 = EDGE_CURVE('',#1306,#2274,#3436,.T.);
#3436 = SURFACE_CURVE('',#3437,(#3441,#3448),.PCURVE_S1.);
#3437 = LINE('',#3438,#3439);
#3438 = CARTESIAN_POINT('',(-30.7,-26.3,-1.));
#3439 = VECTOR('',#3440,1.);
#3440 = DIRECTION('',(0.,0.,1.));
#3441 = PCURVE('',#1350,#3442);
#3442 = DEFINITIONAL_REPRESENTATION('',(#3443),#3447);
#3443 = LINE('',#3444,#3445);
#3444 = CARTESIAN_POINT('',(0.,0.));
#3445 = VECTOR('',#3446,1.);
#3446 = DIRECTION('',(0.,-1.));
#3447 = ( GEOMETRIC_REPRESENTATION_CONTEXT(2) 
PARAMETRIC_REPRESENTATION_CONTEXT() REPRESENTATION_CONTEXT('2D SPACE',''
  ) );
#3448 = PCURVE('',#1320,#3449);
#3449 = DEFINITIONAL_REPRESENTATION('',(#3450),#3454);
#3450 = LINE('',#3451,#3452);
#3451 = CARTESIAN_POINT('',(3.4,0.));
#3452 = VECTOR('',#3453,1.);
#3453 = DIRECTION('',(0.,-1.));
#3454 = ( GEOMETRIC_REPRESENTATION_CONTEXT(2) 
PARAMETRIC_REPRESENTATION_CONTEXT() REPRESENTATION_CONTEXT('2D SPACE',''
  ) );
#3455 = ORIENTED_EDGE('',*,*,#2294,.T.);
#3456 = ORIENTED_EDGE('',*,*,#3361,.F.);
#3457 = ADVANCED_FACE('',(#3458),#1320,.F.);
#3458 = FACE_BOUND('',#3459,.F.);
#3459 = EDGE_LOOP('',(#3460,#3461,#3462,#3463));
#3460 = ORIENTED_EDGE('',*,*,#1305,.T.);
#3461 = ORIENTED_EDGE('',*,*,#3410,.T.);
#3462 = ORIENTED_EDGE('',*,*,#2273,.F.);
#3463 = ORIENTED_EDGE('',*,*,#3435,.F.);
#3464 = ADVANCED_FACE('',(#3465),#1381,.F.);
#3465 = FACE_BOUND('',#3466,.F.);
#3466 = EDGE_LOOP('',(#3467,#3468,#3489,#3490));
#3467 = ORIENTED_EDGE('',*,*,#1364,.T.);
#3468 = ORIENTED_EDGE('',*,*,#3469,.T.);
#3469 = EDGE_CURVE('',#1367,#2025,#3470,.T.);
#3470 = SURFACE_CURVE('',#3471,(#3475,#3482),.PCURVE_S1.);
#3471 = LINE('',#3472,#3473);
#3472 = CARTESIAN_POINT('',(27.3,-22.7,-1.));
#3473 = VECTOR('',#3474,1.);
#3474 = DIRECTION('',(0.,0.,1.));
#3475 = PCURVE('',#1381,#3476);
#3476 = DEFINITIONAL_REPRESENTATION('',(#3477),#3481);
#3477 = LINE('',#3478,#3479);
#3478 = CARTESIAN_POINT('',(0.,0.));
#3479 = VECTOR('',#3480,1.);
#3480 = DIRECTION('',(0.,-1.));
#3481 = ( GEOMETRIC_REPRESENTATION_CONTEXT(2) 
PARAMETRIC_REPRESENTATION_CONTEXT() REPRESENTATION_CONTEXT('2D SPACE',''
  ) );
#3482 = PCURVE('',#1470,#3483);
#3483 = DEFINITIONAL_REPRESENTATION('',(#3484),#3488);
#3484 = LINE('',#3485,#3486);
#3485 = CARTESIAN_POINT('',(3.14159265359,0.));
#3486 = VECTOR('',#3487,1.);
#3487 = DIRECTION('',(0.,-1.));
#3488 = ( GEOMETRIC_REPRESENTATION_CONTEXT(2) 
PARAMETRIC_REPRESENTATION_CONTEXT() REPRESENTATION_CONTEXT('2D SPACE',''
  ) );
#3489 = ORIENTED_EDGE('',*,*,#2022,.F.);
#3490 = ORIENTED_EDGE('',*,*,#3491,.F.);
#3491 = EDGE_CURVE('',#1365,#2023,#3492,.T.);
#3492 = SURFACE_CURVE('',#3493,(#3497,#3504),.PCURVE_S1.);
#3493 = LINE('',#3494,#3495);
#3494 = CARTESIAN_POINT('',(30.7,-22.7,-1.));
#3495 = VECTOR('',#3496,1.);
#3496 = DIRECTION('',(0.,0.,1.));
#3497 = PCURVE('',#1381,#3498);
#3498 = DEFINITIONAL_REPRESENTATION('',(#3499),#3503);
#3499 = LINE('',#3500,#3501);
#3500 = CARTESIAN_POINT('',(3.4,0.));
#3501 = VECTOR('',#3502,1.);
#3502 = DIRECTION('',(0.,-1.));
#3503 = ( GEOMETRIC_REPRESENTATION_CONTEXT(2) 
PARAMETRIC_REPRESENTATION_CONTEXT() REPRESENTATION_CONTEXT('2D SPACE',''
  ) );
#3504 = PCURVE('',#1413,#3505);
#3505 = DEFINITIONAL_REPRESENTATION('',(#3506),#3510);
#3506 = LINE('',#3507,#3508);
#3507 = CARTESIAN_POINT('',(0.,0.));
#3508 = VECTOR('',#3509,1.);
#3509 = DIRECTION('',(0.,-1.));
#3510 = ( GEOMETRIC_REPRESENTATION_CONTEXT(2) 
PARAMETRIC_REPRESENTATION_CONTEXT() REPRESENTATION_CONTEXT('2D SPACE',''
  ) );
#3511 = ADVANCED_FACE('',(#3512),#1413,.F.);
#3512 = FACE_BOUND('',#3513,.F.);
#3513 = EDGE_LOOP('',(#3514,#3515,#3516,#3517));
#3514 = ORIENTED_EDGE('',*,*,#1392,.F.);
#3515 = ORIENTED_EDGE('',*,*,#3491,.T.);
#3516 = ORIENTED_EDGE('',*,*,#2045,.T.);
#3517 = ORIENTED_EDGE('',*,*,#3518,.F.);
#3518 = EDGE_CURVE('',#1393,#2046,#3519,.T.);
#3519 = SURFACE_CURVE('',#3520,(#3524,#3531),.PCURVE_S1.);
#3520 = LINE('',#3521,#3522);
#3521 = CARTESIAN_POINT('',(30.7,-26.3,-1.));
#3522 = VECTOR('',#3523,1.);
#3523 = DIRECTION('',(0.,0.,1.));
#3524 = PCURVE('',#1413,#3525);
#3525 = DEFINITIONAL_REPRESENTATION('',(#3526),#3530);
#3526 = LINE('',#3527,#3528);
#3527 = CARTESIAN_POINT('',(3.14159265359,0.));
#3528 = VECTOR('',#3529,1.);
#3529 = DIRECTION('',(0.,-1.));
#3530 = ( GEOMETRIC_REPRESENTATION_CONTEXT(2) 
PARAMETRIC_REPRESENTATION_CONTEXT() REPRESENTATION_CONTEXT('2D SPACE',''
  ) );
#3531 = PCURVE('',#1440,#3532);
#3532 = DEFINITIONAL_REPRESENTATION('',(#3533),#3537);
#3533 = LINE('',#3534,#3535);
#3534 = CARTESIAN_POINT('',(0.,-0.));
#3535 = VECTOR('',#3536,1.);
#3536 = DIRECTION('',(0.,-1.));
#3537 = ( GEOMETRIC_REPRESENTATION_CONTEXT(2) 
PARAMETRIC_REPRESENTATION_CONTEXT() REPRESENTATION_CONTEXT('2D SPACE',''
  ) );
#3538 = ADVANCED_FACE('',(#3539),#1470,.F.);
#3539 = FACE_BOUND('',#3540,.F.);
#3540 = EDGE_LOOP('',(#3541,#3542,#3563,#3564));
#3541 = ORIENTED_EDGE('',*,*,#1451,.F.);
#3542 = ORIENTED_EDGE('',*,*,#3543,.T.);
#3543 = EDGE_CURVE('',#1426,#2074,#3544,.T.);
#3544 = SURFACE_CURVE('',#3545,(#3549,#3556),.PCURVE_S1.);
#3545 = LINE('',#3546,#3547);
#3546 = CARTESIAN_POINT('',(27.3,-26.3,-1.));
#3547 = VECTOR('',#3548,1.);
#3548 = DIRECTION('',(0.,0.,1.));
#3549 = PCURVE('',#1470,#3550);
#3550 = DEFINITIONAL_REPRESENTATION('',(#3551),#3555);
#3551 = LINE('',#3552,#3553);
#3552 = CARTESIAN_POINT('',(0.,0.));
#3553 = VECTOR('',#3554,1.);
#3554 = DIRECTION('',(0.,-1.));
#3555 = ( GEOMETRIC_REPRESENTATION_CONTEXT(2) 
PARAMETRIC_REPRESENTATION_CONTEXT() REPRESENTATION_CONTEXT('2D SPACE',''
  ) );
#3556 = PCURVE('',#1440,#3557);
#3557 = DEFINITIONAL_REPRESENTATION('',(#3558),#3562);
#3558 = LINE('',#3559,#3560);
#3559 = CARTESIAN_POINT('',(3.4,0.));
#3560 = VECTOR('',#3561,1.);
#3561 = DIRECTION('',(0.,-1.));
#3562 = ( GEOMETRIC_REPRESENTATION_CONTEXT(2) 
PARAMETRIC_REPRESENTATION_CONTEXT() REPRESENTATION_CONTEXT('2D SPACE',''
  ) );
#3563 = ORIENTED_EDGE('',*,*,#2094,.T.);
#3564 = ORIENTED_EDGE('',*,*,#3469,.F.);
#3565 = ADVANCED_FACE('',(#3566),#1440,.F.);
#3566 = FACE_BOUND('',#3567,.F.);
#3567 = EDGE_LOOP('',(#3568,#3569,#3570,#3571));
#3568 = ORIENTED_EDGE('',*,*,#1425,.T.);
#3569 = ORIENTED_EDGE('',*,*,#3518,.T.);
#3570 = ORIENTED_EDGE('',*,*,#2073,.F.);
#3571 = ORIENTED_EDGE('',*,*,#3543,.F.);
#3572 = ADVANCED_FACE('',(#3573),#1501,.F.);
#3573 = FACE_BOUND('',#3574,.F.);
#3574 = EDGE_LOOP('',(#3575,#3576,#3597,#3598));
#3575 = ORIENTED_EDGE('',*,*,#1484,.T.);
#3576 = ORIENTED_EDGE('',*,*,#3577,.T.);
#3577 = EDGE_CURVE('',#1487,#2425,#3578,.T.);
#3578 = SURFACE_CURVE('',#3579,(#3583,#3590),.PCURVE_S1.);
#3579 = LINE('',#3580,#3581);
#3580 = CARTESIAN_POINT('',(-30.7,26.3,-1.));
#3581 = VECTOR('',#3582,1.);
#3582 = DIRECTION('',(0.,0.,1.));
#3583 = PCURVE('',#1501,#3584);
#3584 = DEFINITIONAL_REPRESENTATION('',(#3585),#3589);
#3585 = LINE('',#3586,#3587);
#3586 = CARTESIAN_POINT('',(0.,0.));
#3587 = VECTOR('',#3588,1.);
#3588 = DIRECTION('',(0.,-1.));
#3589 = ( GEOMETRIC_REPRESENTATION_CONTEXT(2) 
PARAMETRIC_REPRESENTATION_CONTEXT() REPRESENTATION_CONTEXT('2D SPACE',''
  ) );
#3590 = PCURVE('',#1590,#3591);
#3591 = DEFINITIONAL_REPRESENTATION('',(#3592),#3596);
#3592 = LINE('',#3593,#3594);
#3593 = CARTESIAN_POINT('',(3.14159265359,0.));
#3594 = VECTOR('',#3595,1.);
#3595 = DIRECTION('',(0.,-1.));
#3596 = ( GEOMETRIC_REPRESENTATION_CONTEXT(2) 
PARAMETRIC_REPRESENTATION_CONTEXT() REPRESENTATION_CONTEXT('2D SPACE',''
  ) );
#3597 = ORIENTED_EDGE('',*,*,#2422,.F.);
#3598 = ORIENTED_EDGE('',*,*,#3599,.F.);
#3599 = EDGE_CURVE('',#1485,#2423,#3600,.T.);
#3600 = SURFACE_CURVE('',#3601,(#3605,#3612),.PCURVE_S1.);
#3601 = LINE('',#3602,#3603);
#3602 = CARTESIAN_POINT('',(-27.3,26.3,-1.));
#3603 = VECTOR('',#3604,1.);
#3604 = DIRECTION('',(0.,0.,1.));
#3605 = PCURVE('',#1501,#3606);
#3606 = DEFINITIONAL_REPRESENTATION('',(#3607),#3611);
#3607 = LINE('',#3608,#3609);
#3608 = CARTESIAN_POINT('',(3.4,0.));
#3609 = VECTOR('',#3610,1.);
#3610 = DIRECTION('',(0.,-1.));
#3611 = ( GEOMETRIC_REPRESENTATION_CONTEXT(2) 
PARAMETRIC_REPRESENTATION_CONTEXT() REPRESENTATION_CONTEXT('2D SPACE',''
  ) );
#3612 = PCURVE('',#1533,#3613);
#3613 = DEFINITIONAL_REPRESENTATION('',(#3614),#3618);
#3614 = LINE('',#3615,#3616);
#3615 = CARTESIAN_POINT('',(0.,0.));
#3616 = VECTOR('',#3617,1.);
#3617 = DIRECTION('',(0.,-1.));
#3618 = ( GEOMETRIC_REPRESENTATION_CONTEXT(2) 
PARAMETRIC_REPRESENTATION_CONTEXT() REPRESENTATION_CONTEXT('2D SPACE',''
  ) );
#3619 = ADVANCED_FACE('',(#3620),#1533,.F.);
#3620 = FACE_BOUND('',#3621,.F.);
#3621 = EDGE_LOOP('',(#3622,#3623,#3624,#3625));
#3622 = ORIENTED_EDGE('',*,*,#1512,.F.);
#3623 = ORIENTED_EDGE('',*,*,#3599,.T.);
#3624 = ORIENTED_EDGE('',*,*,#2445,.T.);
#3625 = ORIENTED_EDGE('',*,*,#3626,.F.);
#3626 = EDGE_CURVE('',#1513,#2446,#3627,.T.);
#3627 = SURFACE_CURVE('',#3628,(#3632,#3639),.PCURVE_S1.);
#3628 = LINE('',#3629,#3630);
#3629 = CARTESIAN_POINT('',(-27.3,22.7,-1.));
#3630 = VECTOR('',#3631,1.);
#3631 = DIRECTION('',(0.,0.,1.));
#3632 = PCURVE('',#1533,#3633);
#3633 = DEFINITIONAL_REPRESENTATION('',(#3634),#3638);
#3634 = LINE('',#3635,#3636);
#3635 = CARTESIAN_POINT('',(3.14159265359,0.));
#3636 = VECTOR('',#3637,1.);
#3637 = DIRECTION('',(0.,-1.));
#3638 = ( GEOMETRIC_REPRESENTATION_CONTEXT(2) 
PARAMETRIC_REPRESENTATION_CONTEXT() REPRESENTATION_CONTEXT('2D SPACE',''
  ) );
#3639 = PCURVE('',#1560,#3640);
#3640 = DEFINITIONAL_REPRESENTATION('',(#3641),#3645);
#3641 = LINE('',#3642,#3643);
#3642 = CARTESIAN_POINT('',(0.,-0.));
#3643 = VECTOR('',#3644,1.);
#3644 = DIRECTION('',(0.,-1.));
#3645 = ( GEOMETRIC_REPRESENTATION_CONTEXT(2) 
PARAMETRIC_REPRESENTATION_CONTEXT() REPRESENTATION_CONTEXT('2D SPACE',''
  ) );
#3646 = ADVANCED_FACE('',(#3647),#1590,.F.);
#3647 = FACE_BOUND('',#3648,.F.);
#3648 = EDGE_LOOP('',(#3649,#3650,#3671,#3672));
#3649 = ORIENTED_EDGE('',*,*,#1571,.F.);
#3650 = ORIENTED_EDGE('',*,*,#3651,.T.);
#3651 = EDGE_CURVE('',#1546,#2474,#3652,.T.);
#3652 = SURFACE_CURVE('',#3653,(#3657,#3664),.PCURVE_S1.);
#3653 = LINE('',#3654,#3655);
#3654 = CARTESIAN_POINT('',(-30.7,22.7,-1.));
#3655 = VECTOR('',#3656,1.);
#3656 = DIRECTION('',(0.,0.,1.));
#3657 = PCURVE('',#1590,#3658);
#3658 = DEFINITIONAL_REPRESENTATION('',(#3659),#3663);
#3659 = LINE('',#3660,#3661);
#3660 = CARTESIAN_POINT('',(0.,0.));
#3661 = VECTOR('',#3662,1.);
#3662 = DIRECTION('',(0.,-1.));
#3663 = ( GEOMETRIC_REPRESENTATION_CONTEXT(2) 
PARAMETRIC_REPRESENTATION_CONTEXT() REPRESENTATION_CONTEXT('2D SPACE',''
  ) );
#3664 = PCURVE('',#1560,#3665);
#3665 = DEFINITIONAL_REPRESENTATION('',(#3666),#3670);
#3666 = LINE('',#3667,#3668);
#3667 = CARTESIAN_POINT('',(3.4,0.));
#3668 = VECTOR('',#3669,1.);
#3669 = DIRECTION('',(0.,-1.));
#3670 = ( GEOMETRIC_REPRESENTATION_CONTEXT(2) 
PARAMETRIC_REPRESENTATION_CONTEXT() REPRESENTATION_CONTEXT('2D SPACE',''
  ) );
#3671 = ORIENTED_EDGE('',*,*,#2494,.T.);
#3672 = ORIENTED_EDGE('',*,*,#3577,.F.);
#3673 = ADVANCED_FACE('',(#3674),#1560,.F.);
#3674 = FACE_BOUND('',#3675,.F.);
#3675 = EDGE_LOOP('',(#3676,#3677,#3678,#3679));
#3676 = ORIENTED_EDGE('',*,*,#1545,.T.);
#3677 = ORIENTED_EDGE('',*,*,#3626,.T.);
#3678 = ORIENTED_EDGE('',*,*,#2473,.F.);
#3679 = ORIENTED_EDGE('',*,*,#3651,.F.);
#3680 = ADVANCED_FACE('',(#3681),#1621,.F.);
#3681 = FACE_BOUND('',#3682,.F.);
#3682 = EDGE_LOOP('',(#3683,#3684,#3705,#3706));
#3683 = ORIENTED_EDGE('',*,*,#1604,.T.);
#3684 = ORIENTED_EDGE('',*,*,#3685,.T.);
#3685 = EDGE_CURVE('',#1607,#2325,#3686,.T.);
#3686 = SURFACE_CURVE('',#3687,(#3691,#3698),.PCURVE_S1.);
#3687 = LINE('',#3688,#3689);
#3688 = CARTESIAN_POINT('',(-5.,6.,-1.));
#3689 = VECTOR('',#3690,1.);
#3690 = DIRECTION('',(0.,0.,1.));
#3691 = PCURVE('',#1621,#3692);
#3692 = DEFINITIONAL_REPRESENTATION('',(#3693),#3697);
#3693 = LINE('',#3694,#3695);
#3694 = CARTESIAN_POINT('',(0.,0.));
#3695 = VECTOR('',#3696,1.);
#3696 = DIRECTION('',(0.,-1.));
#3697 = ( GEOMETRIC_REPRESENTATION_CONTEXT(2) 
PARAMETRIC_REPRESENTATION_CONTEXT() REPRESENTATION_CONTEXT('2D SPACE',''
  ) );
#3698 = PCURVE('',#1710,#3699);
#3699 = DEFINITIONAL_REPRESENTATION('',(#3700),#3704);
#3700 = LINE('',#3701,#3702);
#3701 = CARTESIAN_POINT('',(3.14159265359,0.));
#3702 = VECTOR('',#3703,1.);
#3703 = DIRECTION('',(0.,-1.));
#3704 = ( GEOMETRIC_REPRESENTATION_CONTEXT(2) 
PARAMETRIC_REPRESENTATION_CONTEXT() REPRESENTATION_CONTEXT('2D SPACE',''
  ) );
#3705 = ORIENTED_EDGE('',*,*,#2322,.F.);
#3706 = ORIENTED_EDGE('',*,*,#3707,.F.);
#3707 = EDGE_CURVE('',#1605,#2323,#3708,.T.);
#3708 = SURFACE_CURVE('',#3709,(#3713,#3720),.PCURVE_S1.);
#3709 = LINE('',#3710,#3711);
#3710 = CARTESIAN_POINT('',(5.,6.,-1.));
#3711 = VECTOR('',#3712,1.);
#3712 = DIRECTION('',(0.,0.,1.));
#3713 = PCURVE('',#1621,#3714);
#3714 = DEFINITIONAL_REPRESENTATION('',(#3715),#3719);
#3715 = LINE('',#3716,#3717);
#3716 = CARTESIAN_POINT('',(10.,0.));
#3717 = VECTOR('',#3718,1.);
#3718 = DIRECTION('',(0.,-1.));
#3719 = ( GEOMETRIC_REPRESENTATION_CONTEXT(2) 
PARAMETRIC_REPRESENTATION_CONTEXT() REPRESENTATION_CONTEXT('2D SPACE',''
  ) );
#3720 = PCURVE('',#1653,#3721);
#3721 = DEFINITIONAL_REPRESENTATION('',(#3722),#3726);
#3722 = LINE('',#3723,#3724);
#3723 = CARTESIAN_POINT('',(0.,0.));
#3724 = VECTOR('',#3725,1.);
#3725 = DIRECTION('',(0.,-1.));
#3726 = ( GEOMETRIC_REPRESENTATION_CONTEXT(2) 
PARAMETRIC_REPRESENTATION_CONTEXT() REPRESENTATION_CONTEXT('2D SPACE',''
  ) );
#3727 = ADVANCED_FACE('',(#3728),#1710,.F.);
#3728 = FACE_BOUND('',#3729,.F.);
#3729 = EDGE_LOOP('',(#3730,#3731,#3752,#3753));
#3730 = ORIENTED_EDGE('',*,*,#1691,.F.);
#3731 = ORIENTED_EDGE('',*,*,#3732,.T.);
#3732 = EDGE_CURVE('',#1666,#2374,#3733,.T.);
#3733 = SURFACE_CURVE('',#3734,(#3738,#3745),.PCURVE_S1.);
#3734 = LINE('',#3735,#3736);
#3735 = CARTESIAN_POINT('',(-5.,-6.,-1.));
#3736 = VECTOR('',#3737,1.);
#3737 = DIRECTION('',(0.,0.,1.));
#3738 = PCURVE('',#1710,#3739);
#3739 = DEFINITIONAL_REPRESENTATION('',(#3740),#3744);
#3740 = LINE('',#3741,#3742);
#3741 = CARTESIAN_POINT('',(0.,0.));
#3742 = VECTOR('',#3743,1.);
#3743 = DIRECTION('',(0.,-1.));
#3744 = ( GEOMETRIC_REPRESENTATION_CONTEXT(2) 
PARAMETRIC_REPRESENTATION_CONTEXT() REPRESENTATION_CONTEXT('2D SPACE',''
  ) );
#3745 = PCURVE('',#1680,#3746);
#3746 = DEFINITIONAL_REPRESENTATION('',(#3747),#3751);
#3747 = LINE('',#3748,#3749);
#3748 = CARTESIAN_POINT('',(10.,0.));
#3749 = VECTOR('',#3750,1.);
#3750 = DIRECTION('',(0.,-1.));
#3751 = ( GEOMETRIC_REPRESENTATION_CONTEXT(2) 
PARAMETRIC_REPRESENTATION_CONTEXT() REPRESENTATION_CONTEXT('2D SPACE',''
  ) );
#3752 = ORIENTED_EDGE('',*,*,#2394,.T.);
#3753 = ORIENTED_EDGE('',*,*,#3685,.F.);
#3754 = ADVANCED_FACE('',(#3755),#1680,.F.);
#3755 = FACE_BOUND('',#3756,.F.);
#3756 = EDGE_LOOP('',(#3757,#3758,#3779,#3780));
#3757 = ORIENTED_EDGE('',*,*,#1665,.T.);
#3758 = ORIENTED_EDGE('',*,*,#3759,.T.);
#3759 = EDGE_CURVE('',#1633,#2346,#3760,.T.);
#3760 = SURFACE_CURVE('',#3761,(#3765,#3772),.PCURVE_S1.);
#3761 = LINE('',#3762,#3763);
#3762 = CARTESIAN_POINT('',(5.,-6.,-1.));
#3763 = VECTOR('',#3764,1.);
#3764 = DIRECTION('',(0.,0.,1.));
#3765 = PCURVE('',#1680,#3766);
#3766 = DEFINITIONAL_REPRESENTATION('',(#3767),#3771);
#3767 = LINE('',#3768,#3769);
#3768 = CARTESIAN_POINT('',(0.,-0.));
#3769 = VECTOR('',#3770,1.);
#3770 = DIRECTION('',(0.,-1.));
#3771 = ( GEOMETRIC_REPRESENTATION_CONTEXT(2) 
PARAMETRIC_REPRESENTATION_CONTEXT() REPRESENTATION_CONTEXT('2D SPACE',''
  ) );
#3772 = PCURVE('',#1653,#3773);
#3773 = DEFINITIONAL_REPRESENTATION('',(#3774),#3778);
#3774 = LINE('',#3775,#3776);
#3775 = CARTESIAN_POINT('',(3.14159265359,0.));
#3776 = VECTOR('',#3777,1.);
#3777 = DIRECTION('',(0.,-1.));
#3778 = ( GEOMETRIC_REPRESENTATION_CONTEXT(2) 
PARAMETRIC_REPRESENTATION_CONTEXT() REPRESENTATION_CONTEXT('2D SPACE',''
  ) );
#3779 = ORIENTED_EDGE('',*,*,#2373,.F.);
#3780 = ORIENTED_EDGE('',*,*,#3732,.F.);
#3781 = ADVANCED_FACE('',(#3782),#1653,.F.);
#3782 = FACE_BOUND('',#3783,.F.);
#3783 = EDGE_LOOP('',(#3784,#3785,#3786,#3787));
#3784 = ORIENTED_EDGE('',*,*,#1632,.F.);
#3785 = ORIENTED_EDGE('',*,*,#3707,.T.);
#3786 = ORIENTED_EDGE('',*,*,#2345,.T.);
#3787 = ORIENTED_EDGE('',*,*,#3759,.F.);
#3788 = ADVANCED_FACE('',(#3789),#1741,.F.);
#3789 = FACE_BOUND('',#3790,.F.);
#3790 = EDGE_LOOP('',(#3791,#3792,#3813,#3814));
#3791 = ORIENTED_EDGE('',*,*,#1724,.T.);
#3792 = ORIENTED_EDGE('',*,*,#3793,.T.);
#3793 = EDGE_CURVE('',#1727,#2125,#3794,.T.);
#3794 = SURFACE_CURVE('',#3795,(#3799,#3806),.PCURVE_S1.);
#3795 = LINE('',#3796,#3797);
#3796 = CARTESIAN_POINT('',(27.3,26.3,-1.));
#3797 = VECTOR('',#3798,1.);
#3798 = DIRECTION('',(0.,0.,1.));
#3799 = PCURVE('',#1741,#3800);
#3800 = DEFINITIONAL_REPRESENTATION('',(#3801),#3805);
#3801 = LINE('',#3802,#3803);
#3802 = CARTESIAN_POINT('',(0.,0.));
#3803 = VECTOR('',#3804,1.);
#3804 = DIRECTION('',(0.,-1.));
#3805 = ( GEOMETRIC_REPRESENTATION_CONTEXT(2) 
PARAMETRIC_REPRESENTATION_CONTEXT() REPRESENTATION_CONTEXT('2D SPACE',''
  ) );
#3806 = PCURVE('',#1830,#3807);
#3807 = DEFINITIONAL_REPRESENTATION('',(#3808),#3812);
#3808 = LINE('',#3809,#3810);
#3809 = CARTESIAN_POINT('',(3.14159265359,0.));
#3810 = VECTOR('',#3811,1.);
#3811 = DIRECTION('',(0.,-1.));
#3812 = ( GEOMETRIC_REPRESENTATION_CONTEXT(2) 
PARAMETRIC_REPRESENTATION_CONTEXT() REPRESENTATION_CONTEXT('2D SPACE',''
  ) );
#3813 = ORIENTED_EDGE('',*,*,#2122,.F.);
#3814 = ORIENTED_EDGE('',*,*,#3815,.F.);
#3815 = EDGE_CURVE('',#1725,#2123,#3816,.T.);
#3816 = SURFACE_CURVE('',#3817,(#3821,#3828),.PCURVE_S1.);
#3817 = LINE('',#3818,#3819);
#3818 = CARTESIAN_POINT('',(30.7,26.3,-1.));
#3819 = VECTOR('',#3820,1.);
#3820 = DIRECTION('',(0.,0.,1.));
#3821 = PCURVE('',#1741,#3822);
#3822 = DEFINITIONAL_REPRESENTATION('',(#3823),#3827);
#3823 = LINE('',#3824,#3825);
#3824 = CARTESIAN_POINT('',(3.4,0.));
#3825 = VECTOR('',#3826,1.);
#3826 = DIRECTION('',(0.,-1.));
#3827 = ( GEOMETRIC_REPRESENTATION_CONTEXT(2) 
PARAMETRIC_REPRESENTATION_CONTEXT() REPRESENTATION_CONTEXT('2D SPACE',''
  ) );
#3828 = PCURVE('',#1773,#3829);
#3829 = DEFINITIONAL_REPRESENTATION('',(#3830),#3834);
#3830 = LINE('',#3831,#3832);
#3831 = CARTESIAN_POINT('',(0.,0.));
#3832 = VECTOR('',#3833,1.);
#3833 = DIRECTION('',(0.,-1.));
#3834 = ( GEOMETRIC_REPRESENTATION_CONTEXT(2) 
PARAMETRIC_REPRESENTATION_CONTEXT() REPRESENTATION_CONTEXT('2D SPACE',''
  ) );
#3835 = ADVANCED_FACE('',(#3836),#1773,.F.);
#3836 = FACE_BOUND('',#3837,.F.);
#3837 = EDGE_LOOP('',(#3838,#3839,#3840,#3841));
#3838 = ORIENTED_EDGE('',*,*,#1752,.F.);
#3839 = ORIENTED_EDGE('',*,*,#3815,.T.);
#3840 = ORIENTED_EDGE('',*,*,#2145,.T.);
#3841 = ORIENTED_EDGE('',*,*,#3842,.F.);
#3842 = EDGE_CURVE('',#1753,#2146,#3843,.T.);
#3843 = SURFACE_CURVE('',#3844,(#3848,#3855),.PCURVE_S1.);
#3844 = LINE('',#3845,#3846);
#3845 = CARTESIAN_POINT('',(30.7,22.7,-1.));
#3846 = VECTOR('',#3847,1.);
#3847 = DIRECTION('',(0.,0.,1.));
#3848 = PCURVE('',#1773,#3849);
#3849 = DEFINITIONAL_REPRESENTATION('',(#3850),#3854);
#3850 = LINE('',#3851,#3852);
#3851 = CARTESIAN_POINT('',(3.14159265359,0.));
#3852 = VECTOR('',#3853,1.);
#3853 = DIRECTION('',(0.,-1.));
#3854 = ( GEOMETRIC_REPRESENTATION_CONTEXT(2) 
PARAMETRIC_REPRESENTATION_CONTEXT() REPRESENTATION_CONTEXT('2D SPACE',''
  ) );
#3855 = PCURVE('',#1800,#3856);
#3856 = DEFINITIONAL_REPRESENTATION('',(#3857),#3861);
#3857 = LINE('',#3858,#3859);
#3858 = CARTESIAN_POINT('',(0.,-0.));
#3859 = VECTOR('',#3860,1.);
#3860 = DIRECTION('',(0.,-1.));
#3861 = ( GEOMETRIC_REPRESENTATION_CONTEXT(2) 
PARAMETRIC_REPRESENTATION_CONTEXT() REPRESENTATION_CONTEXT('2D SPACE',''
  ) );
#3862 = ADVANCED_FACE('',(#3863),#1830,.F.);
#3863 = FACE_BOUND('',#3864,.F.);
#3864 = EDGE_LOOP('',(#3865,#3866,#3887,#3888));
#3865 = ORIENTED_EDGE('',*,*,#1811,.F.);
#3866 = ORIENTED_EDGE('',*,*,#3867,.T.);
#3867 = EDGE_CURVE('',#1786,#2174,#3868,.T.);
#3868 = SURFACE_CURVE('',#3869,(#3873,#3880),.PCURVE_S1.);
#3869 = LINE('',#3870,#3871);
#3870 = CARTESIAN_POINT('',(27.3,22.7,-1.));
#3871 = VECTOR('',#3872,1.);
#3872 = DIRECTION('',(0.,0.,1.));
#3873 = PCURVE('',#1830,#3874);
#3874 = DEFINITIONAL_REPRESENTATION('',(#3875),#3879);
#3875 = LINE('',#3876,#3877);
#3876 = CARTESIAN_POINT('',(0.,0.));
#3877 = VECTOR('',#3878,1.);
#3878 = DIRECTION('',(0.,-1.));
#3879 = ( GEOMETRIC_REPRESENTATION_CONTEXT(2) 
PARAMETRIC_REPRESENTATION_CONTEXT() REPRESENTATION_CONTEXT('2D SPACE',''
  ) );
#3880 = PCURVE('',#1800,#3881);
#3881 = DEFINITIONAL_REPRESENTATION('',(#3882),#3886);
#3882 = LINE('',#3883,#3884);
#3883 = CARTESIAN_POINT('',(3.4,0.));
#3884 = VECTOR('',#3885,1.);
#3885 = DIRECTION('',(0.,-1.));
#3886 = ( GEOMETRIC_REPRESENTATION_CONTEXT(2) 
PARAMETRIC_REPRESENTATION_CONTEXT() REPRESENTATION_CONTEXT('2D SPACE',''
  ) );
#3887 = ORIENTED_EDGE('',*,*,#2194,.T.);
#3888 = ORIENTED_EDGE('',*,*,#3793,.F.);
#3889 = ADVANCED_FACE('',(#3890),#1800,.F.);
#3890 = FACE_BOUND('',#3891,.F.);
#3891 = EDGE_LOOP('',(#3892,#3893,#3894,#3895));
#3892 = ORIENTED_EDGE('',*,*,#1785,.T.);
#3893 = ORIENTED_EDGE('',*,*,#3842,.T.);
#3894 = ORIENTED_EDGE('',*,*,#2173,.F.);
#3895 = ORIENTED_EDGE('',*,*,#3867,.F.);
#3896 = ADVANCED_FACE('',(#3897),#2584,.F.);
#3897 = FACE_BOUND('',#3898,.F.);
#3898 = EDGE_LOOP('',(#3899,#3900,#3901,#3902));
#3899 = ORIENTED_EDGE('',*,*,#2673,.F.);
#3900 = ORIENTED_EDGE('',*,*,#2700,.T.);
#3901 = ORIENTED_EDGE('',*,*,#2570,.T.);
#3902 = ORIENTED_EDGE('',*,*,#2624,.F.);
#3903 = ADVANCED_FACE('',(#3904),#2742,.F.);
#3904 = FACE_BOUND('',#3905,.F.);
#3905 = EDGE_LOOP('',(#3906,#3907,#3908,#3909,#3910,#3911));
#3906 = ORIENTED_EDGE('',*,*,#2820,.T.);
#3907 = ORIENTED_EDGE('',*,*,#2724,.T.);
#3908 = ORIENTED_EDGE('',*,*,#3203,.F.);
#3909 = ORIENTED_EDGE('',*,*,#3131,.T.);
#3910 = ORIENTED_EDGE('',*,*,#3011,.F.);
#3911 = ORIENTED_EDGE('',*,*,#2891,.T.);
#3912 = ADVANCED_FACE('',(#3913),#2934,.F.);
#3913 = FACE_BOUND('',#3914,.F.);
#3914 = EDGE_LOOP('',(#3915,#3916,#3917,#3918,#3919,#3920));
#3915 = ORIENTED_EDGE('',*,*,#3333,.T.);
#3916 = ORIENTED_EDGE('',*,*,#2916,.T.);
#3917 = ORIENTED_EDGE('',*,*,#3058,.F.);
#3918 = ORIENTED_EDGE('',*,*,#3158,.T.);
#3919 = ORIENTED_EDGE('',*,*,#3230,.F.);
#3920 = ORIENTED_EDGE('',*,*,#3279,.T.);
#3921 = ( GEOMETRIC_REPRESENTATION_CONTEXT(3) 
GLOBAL_UNCERTAINTY_ASSIGNED_CONTEXT((#3925)) 
GLOBAL_UNIT_ASSIGNED_CONTEXT((#3922,#3923,#3924)) REPRESENTATION_CONTEXT
('Context #1','3D Context with UNIT and UNCERTAINTY') );
#3922 = ( LENGTH_UNIT() NAMED_UNIT(*) SI_UNIT(.MILLI.,.METRE.) );
#3923 = ( NAMED_UNIT(*) PLANE_ANGLE_UNIT() SI_UNIT($,.RADIAN.) );
#3924 = ( NAMED_UNIT(*) SI_UNIT($,.STERADIAN.) SOLID_ANGLE_UNIT() );
#3925 = UNCERTAINTY_MEASURE_WITH_UNIT(LENGTH_MEASURE(1.E-07),#3922,
  'distance_accuracy_value','confusion accuracy');
#3926 = CONTEXT_DEPENDENT_SHAPE_REPRESENTATION(#3927,#3929);
#3927 = ( REPRESENTATION_RELATIONSHIP('','',#86,#63) 
REPRESENTATION_RELATIONSHIP_WITH_TRANSFORMATION(#3928) 
SHAPE_REPRESENTATION_RELATIONSHIP() );
#3928 = ITEM_DEFINED_TRANSFORMATION('','',#11,#64);
#3929 = PRODUCT_DEFINITION_SHAPE('Placement','Placement of an item',
  #3930);
#3930 = NEXT_ASSEMBLY_USAGE_OCCURRENCE('1','','',#58,#81,$);
#3931 = PRODUCT_RELATED_PRODUCT_CATEGORY('part',$,(#83));
#3932 = SHAPE_DEFINITION_REPRESENTATION(#3933,#3939);
#3933 = PRODUCT_DEFINITION_SHAPE('','',#3934);
#3934 = PRODUCT_DEFINITION('design','',#3935,#3938);
#3935 = PRODUCT_DEFINITION_FORMATION('','',#3936);
#3936 = PRODUCT('Brufik cradle','Brufik cradle','',(#3937));
#3937 = PRODUCT_CONTEXT('',#2,'mechanical');
#3938 = PRODUCT_DEFINITION_CONTEXT('part definition',#2,'design');
#3939 = SHAPE_REPRESENTATION('',(#11,#3940),#3944);
#3940 = AXIS2_PLACEMENT_3D('',#3941,#3942,#3943);
#3941 = CARTESIAN_POINT('',(0.,0.,0.));
#3942 = DIRECTION('',(0.,0.,1.));
#3943 = DIRECTION('',(1.,0.,-0.));
#3944 = ( GEOMETRIC_REPRESENTATION_CONTEXT(3) 
GLOBAL_UNCERTAINTY_ASSIGNED_CONTEXT((#3948)) 
GLOBAL_UNIT_ASSIGNED_CONTEXT((#3945,#3946,#3947)) REPRESENTATION_CONTEXT
('Context #1','3D Context with UNIT and UNCERTAINTY') );
#3945 = ( LENGTH_UNIT() NAMED_UNIT(*) SI_UNIT(.MILLI.,.METRE.) );
#3946 = ( NAMED_UNIT(*) PLANE_ANGLE_UNIT() SI_UNIT($,.RADIAN.) );
#3947 = ( NAMED_UNIT(*) SI_UNIT($,.STERADIAN.) SOLID_ANGLE_UNIT() );
#3948 = UNCERTAINTY_MEASURE_WITH_UNIT(LENGTH_MEASURE(1.E-07),#3945,
  'distance_accuracy_value','confusion accuracy');
#3949 = CONTEXT_DEPENDENT_SHAPE_REPRESENTATION(#3950,#3952);
#3950 = ( REPRESENTATION_RELATIONSHIP('','',#3939,#32) 
REPRESENTATION_RELATIONSHIP_WITH_TRANSFORMATION(#3951) 
SHAPE_REPRESENTATION_RELATIONSHIP() );
#3951 = ITEM_DEFINED_TRANSFORMATION('','',#11,#37);
#3952 = PRODUCT_DEFINITION_SHAPE('Placement','Placement of an item',
  #3953);
#3953 = NEXT_ASSEMBLY_USAGE_OCCURRENCE('4','','',#27,#3934,$);
#3954 = PRODUCT_RELATED_PRODUCT_CATEGORY('part',$,(#3936));
#3955 = SHAPE_DEFINITION_REPRESENTATION(#3956,#3962);
#3956 = PRODUCT_DEFINITION_SHAPE('','',#3957);
#3957 = PRODUCT_DEFINITION('design','',#3958,#3961);
#3958 = PRODUCT_DEFINITION_FORMATION('','',#3959);
#3959 = PRODUCT('Brufik cradle_part','Brufik cradle_part','',(#3960));
#3960 = PRODUCT_CONTEXT('',#2,'mechanical');
#3961 = PRODUCT_DEFINITION_CONTEXT('part definition',#2,'design');
#3962 = ADVANCED_BREP_SHAPE_REPRESENTATION('',(#11,#3963),#7937);
#3963 = MANIFOLD_SOLID_BREP('',#3964);
#3964 = CLOSED_SHELL('',(#3965,#4085,#4835,#4885,#4939,#5540,#5567,#5594
    ,#5621,#5648,#5655,#5732,#5837,#5887,#5936,#5990,#6068,#6122,#6171,
    #6221,#6299,#6349,#6398,#6452,#6557,#6611,#6638,#6719,#6768,#6822,
    #6849,#6925,#6974,#7023,#7055,#7131,#7180,#7234,#7261,#7512,#7721,
    #7768,#7795,#7822,#7849,#7876,#7903,#7930));
#3965 = ADVANCED_FACE('',(#3966),#3980,.F.);
#3966 = FACE_BOUND('',#3967,.F.);
#3967 = EDGE_LOOP('',(#3968,#4003,#4031,#4059));
#3968 = ORIENTED_EDGE('',*,*,#3969,.F.);
#3969 = EDGE_CURVE('',#3970,#3972,#3974,.T.);
#3970 = VERTEX_POINT('',#3971);
#3971 = CARTESIAN_POINT('',(-37.,-26.,22.));
#3972 = VERTEX_POINT('',#3973);
#3973 = CARTESIAN_POINT('',(-37.,26.,22.));
#3974 = SURFACE_CURVE('',#3975,(#3979,#3991),.PCURVE_S1.);
#3975 = LINE('',#3976,#3977);
#3976 = CARTESIAN_POINT('',(-37.,-33.,22.));
#3977 = VECTOR('',#3978,1.);
#3978 = DIRECTION('',(0.,1.,0.));
#3979 = PCURVE('',#3980,#3985);
#3980 = PLANE('',#3981);
#3981 = AXIS2_PLACEMENT_3D('',#3982,#3983,#3984);
#3982 = CARTESIAN_POINT('',(-37.,-33.,18.));
#3983 = DIRECTION('',(1.,0.,0.));
#3984 = DIRECTION('',(0.,0.,1.));
#3985 = DEFINITIONAL_REPRESENTATION('',(#3986),#3990);
#3986 = LINE('',#3987,#3988);
#3987 = CARTESIAN_POINT('',(4.,0.));
#3988 = VECTOR('',#3989,1.);
#3989 = DIRECTION('',(0.,-1.));
#3990 = ( GEOMETRIC_REPRESENTATION_CONTEXT(2) 
PARAMETRIC_REPRESENTATION_CONTEXT() REPRESENTATION_CONTEXT('2D SPACE',''
  ) );
#3991 = PCURVE('',#3992,#3997);
#3992 = PLANE('',#3993);
#3993 = AXIS2_PLACEMENT_3D('',#3994,#3995,#3996);
#3994 = CARTESIAN_POINT('',(-37.,-33.,22.));
#3995 = DIRECTION('',(0.,0.,1.));
#3996 = DIRECTION('',(1.,0.,0.));
#3997 = DEFINITIONAL_REPRESENTATION('',(#3998),#4002);
#3998 = LINE('',#3999,#4000);
#3999 = CARTESIAN_POINT('',(0.,0.));
#4000 = VECTOR('',#4001,1.);
#4001 = DIRECTION('',(0.,1.));
#4002 = ( GEOMETRIC_REPRESENTATION_CONTEXT(2) 
PARAMETRIC_REPRESENTATION_CONTEXT() REPRESENTATION_CONTEXT('2D SPACE',''
  ) );
#4003 = ORIENTED_EDGE('',*,*,#4004,.F.);
#4004 = EDGE_CURVE('',#4005,#3970,#4007,.T.);
#4005 = VERTEX_POINT('',#4006);
#4006 = CARTESIAN_POINT('',(-37.,-26.,18.));
#4007 = SURFACE_CURVE('',#4008,(#4012,#4019),.PCURVE_S1.);
#4008 = LINE('',#4009,#4010);
#4009 = CARTESIAN_POINT('',(-37.,-26.,18.));
#4010 = VECTOR('',#4011,1.);
#4011 = DIRECTION('',(0.,0.,1.));
#4012 = PCURVE('',#3980,#4013);
#4013 = DEFINITIONAL_REPRESENTATION('',(#4014),#4018);
#4014 = LINE('',#4015,#4016);
#4015 = CARTESIAN_POINT('',(0.,-7.));
#4016 = VECTOR('',#4017,1.);
#4017 = DIRECTION('',(1.,0.));
#4018 = ( GEOMETRIC_REPRESENTATION_CONTEXT(2) 
PARAMETRIC_REPRESENTATION_CONTEXT() REPRESENTATION_CONTEXT('2D SPACE',''
  ) );
#4019 = PCURVE('',#4020,#4025);
#4020 = CYLINDRICAL_SURFACE('',#4021,7.);
#4021 = AXIS2_PLACEMENT_3D('',#4022,#4023,#4024);
#4022 = CARTESIAN_POINT('',(-30.,-26.,18.));
#4023 = DIRECTION('',(0.,0.,1.));
#4024 = DIRECTION('',(-1.,-0.,0.));
#4025 = DEFINITIONAL_REPRESENTATION('',(#4026),#4030);
#4026 = LINE('',#4027,#4028);
#4027 = CARTESIAN_POINT('',(0.,0.));
#4028 = VECTOR('',#4029,1.);
#4029 = DIRECTION('',(0.,1.));
#4030 = ( GEOMETRIC_REPRESENTATION_CONTEXT(2) 
PARAMETRIC_REPRESENTATION_CONTEXT() REPRESENTATION_CONTEXT('2D SPACE',''
  ) );
#4031 = ORIENTED_EDGE('',*,*,#4032,.T.);
#4032 = EDGE_CURVE('',#4005,#4033,#4035,.T.);
#4033 = VERTEX_POINT('',#4034);
#4034 = CARTESIAN_POINT('',(-37.,26.,18.));
#4035 = SURFACE_CURVE('',#4036,(#4040,#4047),.PCURVE_S1.);
#4036 = LINE('',#4037,#4038);
#4037 = CARTESIAN_POINT('',(-37.,-33.,18.));
#4038 = VECTOR('',#4039,1.);
#4039 = DIRECTION('',(0.,1.,0.));
#4040 = PCURVE('',#3980,#4041);
#4041 = DEFINITIONAL_REPRESENTATION('',(#4042),#4046);
#4042 = LINE('',#4043,#4044);
#4043 = CARTESIAN_POINT('',(0.,0.));
#4044 = VECTOR('',#4045,1.);
#4045 = DIRECTION('',(0.,-1.));
#4046 = ( GEOMETRIC_REPRESENTATION_CONTEXT(2) 
PARAMETRIC_REPRESENTATION_CONTEXT() REPRESENTATION_CONTEXT('2D SPACE',''
  ) );
#4047 = PCURVE('',#4048,#4053);
#4048 = PLANE('',#4049);
#4049 = AXIS2_PLACEMENT_3D('',#4050,#4051,#4052);
#4050 = CARTESIAN_POINT('',(-37.,-33.,18.));
#4051 = DIRECTION('',(0.,0.,1.));
#4052 = DIRECTION('',(1.,0.,0.));
#4053 = DEFINITIONAL_REPRESENTATION('',(#4054),#4058);
#4054 = LINE('',#4055,#4056);
#4055 = CARTESIAN_POINT('',(0.,0.));
#4056 = VECTOR('',#4057,1.);
#4057 = DIRECTION('',(0.,1.));
#4058 = ( GEOMETRIC_REPRESENTATION_CONTEXT(2) 
PARAMETRIC_REPRESENTATION_CONTEXT() REPRESENTATION_CONTEXT('2D SPACE',''
  ) );
#4059 = ORIENTED_EDGE('',*,*,#4060,.T.);
#4060 = EDGE_CURVE('',#4033,#3972,#4061,.T.);
#4061 = SURFACE_CURVE('',#4062,(#4066,#4073),.PCURVE_S1.);
#4062 = LINE('',#4063,#4064);
#4063 = CARTESIAN_POINT('',(-37.,26.,18.));
#4064 = VECTOR('',#4065,1.);
#4065 = DIRECTION('',(0.,0.,1.));
#4066 = PCURVE('',#3980,#4067);
#4067 = DEFINITIONAL_REPRESENTATION('',(#4068),#4072);
#4068 = LINE('',#4069,#4070);
#4069 = CARTESIAN_POINT('',(0.,-59.));
#4070 = VECTOR('',#4071,1.);
#4071 = DIRECTION('',(1.,0.));
#4072 = ( GEOMETRIC_REPRESENTATION_CONTEXT(2) 
PARAMETRIC_REPRESENTATION_CONTEXT() REPRESENTATION_CONTEXT('2D SPACE',''
  ) );
#4073 = PCURVE('',#4074,#4079);
#4074 = CYLINDRICAL_SURFACE('',#4075,7.);
#4075 = AXIS2_PLACEMENT_3D('',#4076,#4077,#4078);
#4076 = CARTESIAN_POINT('',(-30.,26.,18.));
#4077 = DIRECTION('',(0.,0.,1.));
#4078 = DIRECTION('',(-1.,-0.,0.));
#4079 = DEFINITIONAL_REPRESENTATION('',(#4080),#4084);
#4080 = LINE('',#4081,#4082);
#4081 = CARTESIAN_POINT('',(-0.,0.));
#4082 = VECTOR('',#4083,1.);
#4083 = DIRECTION('',(-0.,1.));
#4084 = ( GEOMETRIC_REPRESENTATION_CONTEXT(2) 
PARAMETRIC_REPRESENTATION_CONTEXT() REPRESENTATION_CONTEXT('2D SPACE',''
  ) );
#4085 = ADVANCED_FACE('',(#4086,#4285),#3992,.T.);
#4086 = FACE_BOUND('',#4087,.T.);
#4087 = EDGE_LOOP('',(#4088,#4089,#4113,#4141,#4174,#4202,#4231,#4259));
#4088 = ORIENTED_EDGE('',*,*,#3969,.F.);
#4089 = ORIENTED_EDGE('',*,*,#4090,.T.);
#4090 = EDGE_CURVE('',#3970,#4091,#4093,.T.);
#4091 = VERTEX_POINT('',#4092);
#4092 = CARTESIAN_POINT('',(-30.,-33.,22.));
#4093 = SURFACE_CURVE('',#4094,(#4099,#4106),.PCURVE_S1.);
#4094 = CIRCLE('',#4095,7.);
#4095 = AXIS2_PLACEMENT_3D('',#4096,#4097,#4098);
#4096 = CARTESIAN_POINT('',(-30.,-26.,22.));
#4097 = DIRECTION('',(0.,0.,1.));
#4098 = DIRECTION('',(0.,-1.,0.));
#4099 = PCURVE('',#3992,#4100);
#4100 = DEFINITIONAL_REPRESENTATION('',(#4101),#4105);
#4101 = CIRCLE('',#4102,7.);
#4102 = AXIS2_PLACEMENT_2D('',#4103,#4104);
#4103 = CARTESIAN_POINT('',(7.,7.));
#4104 = DIRECTION('',(0.,-1.));
#4105 = ( GEOMETRIC_REPRESENTATION_CONTEXT(2) 
PARAMETRIC_REPRESENTATION_CONTEXT() REPRESENTATION_CONTEXT('2D SPACE',''
  ) );
#4106 = PCURVE('',#4020,#4107);
#4107 = DEFINITIONAL_REPRESENTATION('',(#4108),#4112);
#4108 = LINE('',#4109,#4110);
#4109 = CARTESIAN_POINT('',(-4.712388980385,4.));
#4110 = VECTOR('',#4111,1.);
#4111 = DIRECTION('',(1.,0.));
#4112 = ( GEOMETRIC_REPRESENTATION_CONTEXT(2) 
PARAMETRIC_REPRESENTATION_CONTEXT() REPRESENTATION_CONTEXT('2D SPACE',''
  ) );
#4113 = ORIENTED_EDGE('',*,*,#4114,.T.);
#4114 = EDGE_CURVE('',#4091,#4115,#4117,.T.);
#4115 = VERTEX_POINT('',#4116);
#4116 = CARTESIAN_POINT('',(30.,-33.,22.));
#4117 = SURFACE_CURVE('',#4118,(#4122,#4129),.PCURVE_S1.);
#4118 = LINE('',#4119,#4120);
#4119 = CARTESIAN_POINT('',(-37.,-33.,22.));
#4120 = VECTOR('',#4121,1.);
#4121 = DIRECTION('',(1.,0.,0.));
#4122 = PCURVE('',#3992,#4123);
#4123 = DEFINITIONAL_REPRESENTATION('',(#4124),#4128);
#4124 = LINE('',#4125,#4126);
#4125 = CARTESIAN_POINT('',(0.,0.));
#4126 = VECTOR('',#4127,1.);
#4127 = DIRECTION('',(1.,0.));
#4128 = ( GEOMETRIC_REPRESENTATION_CONTEXT(2) 
PARAMETRIC_REPRESENTATION_CONTEXT() REPRESENTATION_CONTEXT('2D SPACE',''
  ) );
#4129 = PCURVE('',#4130,#4135);
#4130 = PLANE('',#4131);
#4131 = AXIS2_PLACEMENT_3D('',#4132,#4133,#4134);
#4132 = CARTESIAN_POINT('',(-37.,-33.,18.));
#4133 = DIRECTION('',(0.,1.,0.));
#4134 = DIRECTION('',(0.,0.,1.));
#4135 = DEFINITIONAL_REPRESENTATION('',(#4136),#4140);
#4136 = LINE('',#4137,#4138);
#4137 = CARTESIAN_POINT('',(4.,0.));
#4138 = VECTOR('',#4139,1.);
#4139 = DIRECTION('',(0.,1.));
#4140 = ( GEOMETRIC_REPRESENTATION_CONTEXT(2) 
PARAMETRIC_REPRESENTATION_CONTEXT() REPRESENTATION_CONTEXT('2D SPACE',''
  ) );
#4141 = ORIENTED_EDGE('',*,*,#4142,.F.);
#4142 = EDGE_CURVE('',#4143,#4115,#4145,.T.);
#4143 = VERTEX_POINT('',#4144);
#4144 = CARTESIAN_POINT('',(37.,-26.,22.));
#4145 = SURFACE_CURVE('',#4146,(#4151,#4162),.PCURVE_S1.);
#4146 = CIRCLE('',#4147,7.);
#4147 = AXIS2_PLACEMENT_3D('',#4148,#4149,#4150);
#4148 = CARTESIAN_POINT('',(30.,-26.,22.));
#4149 = DIRECTION('',(-0.,-0.,-1.));
#4150 = DIRECTION('',(0.,-1.,0.));
#4151 = PCURVE('',#3992,#4152);
#4152 = DEFINITIONAL_REPRESENTATION('',(#4153),#4161);
#4153 = ( BOUNDED_CURVE() B_SPLINE_CURVE(2,(#4154,#4155,#4156,#4157,
#4158,#4159,#4160),.UNSPECIFIED.,.T.,.F.) B_SPLINE_CURVE_WITH_KNOTS((1,2
    ,2,2,2,1),(-2.094395102393,0.,2.094395102393,4.188790204786,
6.28318530718,8.377580409573),.UNSPECIFIED.) CURVE() 
GEOMETRIC_REPRESENTATION_ITEM() RATIONAL_B_SPLINE_CURVE((1.,0.5,1.,0.5,
1.,0.5,1.)) REPRESENTATION_ITEM('') );
#4154 = CARTESIAN_POINT('',(67.,0.));
#4155 = CARTESIAN_POINT('',(54.875644347018,0.));
#4156 = CARTESIAN_POINT('',(60.937822173509,10.5));
#4157 = CARTESIAN_POINT('',(67.,21.));
#4158 = CARTESIAN_POINT('',(73.062177826491,10.5));
#4159 = CARTESIAN_POINT('',(79.124355652982,1.06581410364E-14));
#4160 = CARTESIAN_POINT('',(67.,0.));
#4161 = ( GEOMETRIC_REPRESENTATION_CONTEXT(2) 
PARAMETRIC_REPRESENTATION_CONTEXT() REPRESENTATION_CONTEXT('2D SPACE',''
  ) );
#4162 = PCURVE('',#4163,#4168);
#4163 = CYLINDRICAL_SURFACE('',#4164,7.);
#4164 = AXIS2_PLACEMENT_3D('',#4165,#4166,#4167);
#4165 = CARTESIAN_POINT('',(30.,-26.,18.));
#4166 = DIRECTION('',(0.,0.,1.));
#4167 = DIRECTION('',(1.,0.,-0.));
#4168 = DEFINITIONAL_REPRESENTATION('',(#4169),#4173);
#4169 = LINE('',#4170,#4171);
#4170 = CARTESIAN_POINT('',(4.712388980385,4.));
#4171 = VECTOR('',#4172,1.);
#4172 = DIRECTION('',(-1.,0.));
#4173 = ( GEOMETRIC_REPRESENTATION_CONTEXT(2) 
PARAMETRIC_REPRESENTATION_CONTEXT() REPRESENTATION_CONTEXT('2D SPACE',''
  ) );
#4174 = ORIENTED_EDGE('',*,*,#4175,.T.);
#4175 = EDGE_CURVE('',#4143,#4176,#4178,.T.);
#4176 = VERTEX_POINT('',#4177);
#4177 = CARTESIAN_POINT('',(37.,26.,22.));
#4178 = SURFACE_CURVE('',#4179,(#4183,#4190),.PCURVE_S1.);
#4179 = LINE('',#4180,#4181);
#4180 = CARTESIAN_POINT('',(37.,-33.,22.));
#4181 = VECTOR('',#4182,1.);
#4182 = DIRECTION('',(0.,1.,0.));
#4183 = PCURVE('',#3992,#4184);
#4184 = DEFINITIONAL_REPRESENTATION('',(#4185),#4189);
#4185 = LINE('',#4186,#4187);
#4186 = CARTESIAN_POINT('',(74.,0.));
#4187 = VECTOR('',#4188,1.);
#4188 = DIRECTION('',(0.,1.));
#4189 = ( GEOMETRIC_REPRESENTATION_CONTEXT(2) 
PARAMETRIC_REPRESENTATION_CONTEXT() REPRESENTATION_CONTEXT('2D SPACE',''
  ) );
#4190 = PCURVE('',#4191,#4196);
#4191 = PLANE('',#4192);
#4192 = AXIS2_PLACEMENT_3D('',#4193,#4194,#4195);
#4193 = CARTESIAN_POINT('',(37.,-33.,18.));
#4194 = DIRECTION('',(1.,0.,0.));
#4195 = DIRECTION('',(0.,0.,1.));
#4196 = DEFINITIONAL_REPRESENTATION('',(#4197),#4201);
#4197 = LINE('',#4198,#4199);
#4198 = CARTESIAN_POINT('',(4.,0.));
#4199 = VECTOR('',#4200,1.);
#4200 = DIRECTION('',(0.,-1.));
#4201 = ( GEOMETRIC_REPRESENTATION_CONTEXT(2) 
PARAMETRIC_REPRESENTATION_CONTEXT() REPRESENTATION_CONTEXT('2D SPACE',''
  ) );
#4202 = ORIENTED_EDGE('',*,*,#4203,.T.);
#4203 = EDGE_CURVE('',#4176,#4204,#4206,.T.);
#4204 = VERTEX_POINT('',#4205);
#4205 = CARTESIAN_POINT('',(30.,33.,22.));
#4206 = SURFACE_CURVE('',#4207,(#4212,#4219),.PCURVE_S1.);
#4207 = CIRCLE('',#4208,7.);
#4208 = AXIS2_PLACEMENT_3D('',#4209,#4210,#4211);
#4209 = CARTESIAN_POINT('',(30.,26.,22.));
#4210 = DIRECTION('',(0.,0.,1.));
#4211 = DIRECTION('',(0.,-1.,0.));
#4212 = PCURVE('',#3992,#4213);
#4213 = DEFINITIONAL_REPRESENTATION('',(#4214),#4218);
#4214 = CIRCLE('',#4215,7.);
#4215 = AXIS2_PLACEMENT_2D('',#4216,#4217);
#4216 = CARTESIAN_POINT('',(67.,59.));
#4217 = DIRECTION('',(0.,-1.));
#4218 = ( GEOMETRIC_REPRESENTATION_CONTEXT(2) 
PARAMETRIC_REPRESENTATION_CONTEXT() REPRESENTATION_CONTEXT('2D SPACE',''
  ) );
#4219 = PCURVE('',#4220,#4225);
#4220 = CYLINDRICAL_SURFACE('',#4221,7.);
#4221 = AXIS2_PLACEMENT_3D('',#4222,#4223,#4224);
#4222 = CARTESIAN_POINT('',(30.,26.,18.));
#4223 = DIRECTION('',(0.,0.,1.));
#4224 = DIRECTION('',(1.,0.,-0.));
#4225 = DEFINITIONAL_REPRESENTATION('',(#4226),#4230);
#4226 = LINE('',#4227,#4228);
#4227 = CARTESIAN_POINT('',(-1.570796326795,4.));
#4228 = VECTOR('',#4229,1.);
#4229 = DIRECTION('',(1.,0.));
#4230 = ( GEOMETRIC_REPRESENTATION_CONTEXT(2) 
PARAMETRIC_REPRESENTATION_CONTEXT() REPRESENTATION_CONTEXT('2D SPACE',''
  ) );
#4231 = ORIENTED_EDGE('',*,*,#4232,.F.);
#4232 = EDGE_CURVE('',#4233,#4204,#4235,.T.);
#4233 = VERTEX_POINT('',#4234);
#4234 = CARTESIAN_POINT('',(-30.,33.,22.));
#4235 = SURFACE_CURVE('',#4236,(#4240,#4247),.PCURVE_S1.);
#4236 = LINE('',#4237,#4238);
#4237 = CARTESIAN_POINT('',(-37.,33.,22.));
#4238 = VECTOR('',#4239,1.);
#4239 = DIRECTION('',(1.,0.,0.));
#4240 = PCURVE('',#3992,#4241);
#4241 = DEFINITIONAL_REPRESENTATION('',(#4242),#4246);
#4242 = LINE('',#4243,#4244);
#4243 = CARTESIAN_POINT('',(0.,66.));
#4244 = VECTOR('',#4245,1.);
#4245 = DIRECTION('',(1.,0.));
#4246 = ( GEOMETRIC_REPRESENTATION_CONTEXT(2) 
PARAMETRIC_REPRESENTATION_CONTEXT() REPRESENTATION_CONTEXT('2D SPACE',''
  ) );
#4247 = PCURVE('',#4248,#4253);
#4248 = PLANE('',#4249);
#4249 = AXIS2_PLACEMENT_3D('',#4250,#4251,#4252);
#4250 = CARTESIAN_POINT('',(-37.,33.,18.));
#4251 = DIRECTION('',(0.,1.,0.));
#4252 = DIRECTION('',(0.,0.,1.));
#4253 = DEFINITIONAL_REPRESENTATION('',(#4254),#4258);
#4254 = LINE('',#4255,#4256);
#4255 = CARTESIAN_POINT('',(4.,0.));
#4256 = VECTOR('',#4257,1.);
#4257 = DIRECTION('',(0.,1.));
#4258 = ( GEOMETRIC_REPRESENTATION_CONTEXT(2) 
PARAMETRIC_REPRESENTATION_CONTEXT() REPRESENTATION_CONTEXT('2D SPACE',''
  ) );
#4259 = ORIENTED_EDGE('',*,*,#4260,.F.);
#4260 = EDGE_CURVE('',#3972,#4233,#4261,.T.);
#4261 = SURFACE_CURVE('',#4262,(#4267,#4278),.PCURVE_S1.);
#4262 = CIRCLE('',#4263,7.);
#4263 = AXIS2_PLACEMENT_3D('',#4264,#4265,#4266);
#4264 = CARTESIAN_POINT('',(-30.,26.,22.));
#4265 = DIRECTION('',(-0.,-0.,-1.));
#4266 = DIRECTION('',(0.,-1.,0.));
#4267 = PCURVE('',#3992,#4268);
#4268 = DEFINITIONAL_REPRESENTATION('',(#4269),#4277);
#4269 = ( BOUNDED_CURVE() B_SPLINE_CURVE(2,(#4270,#4271,#4272,#4273,
#4274,#4275,#4276),.UNSPECIFIED.,.T.,.F.) B_SPLINE_CURVE_WITH_KNOTS((1,2
    ,2,2,2,1),(-2.094395102393,0.,2.094395102393,4.188790204786,
6.28318530718,8.377580409573),.UNSPECIFIED.) CURVE() 
GEOMETRIC_REPRESENTATION_ITEM() RATIONAL_B_SPLINE_CURVE((1.,0.5,1.,0.5,
1.,0.5,1.)) REPRESENTATION_ITEM('') );
#4270 = CARTESIAN_POINT('',(7.,52.));
#4271 = CARTESIAN_POINT('',(-5.124355652982,52.));
#4272 = CARTESIAN_POINT('',(0.937822173509,62.5));
#4273 = CARTESIAN_POINT('',(7.,73.));
#4274 = CARTESIAN_POINT('',(13.062177826491,62.5));
#4275 = CARTESIAN_POINT('',(19.124355652982,52.));
#4276 = CARTESIAN_POINT('',(7.,52.));
#4277 = ( GEOMETRIC_REPRESENTATION_CONTEXT(2) 
PARAMETRIC_REPRESENTATION_CONTEXT() REPRESENTATION_CONTEXT('2D SPACE',''
  ) );
#4278 = PCURVE('',#4074,#4279);
#4279 = DEFINITIONAL_REPRESENTATION('',(#4280),#4284);
#4280 = LINE('',#4281,#4282);
#4281 = CARTESIAN_POINT('',(1.570796326795,4.));
#4282 = VECTOR('',#4283,1.);
#4283 = DIRECTION('',(-1.,0.));
#4284 = ( GEOMETRIC_REPRESENTATION_CONTEXT(2) 
PARAMETRIC_REPRESENTATION_CONTEXT() REPRESENTATION_CONTEXT('2D SPACE',''
  ) );
#4285 = FACE_BOUND('',#4286,.T.);
#4286 = EDGE_LOOP('',(#4287,#4318,#4346,#4379,#4412,#4445,#4473,#4502,
    #4535,#4563,#4592,#4620,#4653,#4686,#4714,#4747,#4775,#4804));
#4287 = ORIENTED_EDGE('',*,*,#4288,.F.);
#4288 = EDGE_CURVE('',#4289,#4291,#4293,.T.);
#4289 = VERTEX_POINT('',#4290);
#4290 = CARTESIAN_POINT('',(-30.,-18.5,22.));
#4291 = VERTEX_POINT('',#4292);
#4292 = CARTESIAN_POINT('',(-29.82234959247,-20.27936721003,22.));
#4293 = SURFACE_CURVE('',#4294,(#4299,#4306),.PCURVE_S1.);
#4294 = CIRCLE('',#4295,9.);
#4295 = AXIS2_PLACEMENT_3D('',#4296,#4297,#4298);
#4296 = CARTESIAN_POINT('',(-21.,-18.5,22.));
#4297 = DIRECTION('',(0.,0.,1.));
#4298 = DIRECTION('',(0.,-1.,0.));
#4299 = PCURVE('',#3992,#4300);
#4300 = DEFINITIONAL_REPRESENTATION('',(#4301),#4305);
#4301 = CIRCLE('',#4302,9.);
#4302 = AXIS2_PLACEMENT_2D('',#4303,#4304);
#4303 = CARTESIAN_POINT('',(16.,14.5));
#4304 = DIRECTION('',(0.,-1.));
#4305 = ( GEOMETRIC_REPRESENTATION_CONTEXT(2) 
PARAMETRIC_REPRESENTATION_CONTEXT() REPRESENTATION_CONTEXT('2D SPACE',''
  ) );
#4306 = PCURVE('',#4307,#4312);
#4307 = CYLINDRICAL_SURFACE('',#4308,9.);
#4308 = AXIS2_PLACEMENT_3D('',#4309,#4310,#4311);
#4309 = CARTESIAN_POINT('',(-21.,-18.5,22.));
#4310 = DIRECTION('',(0.,0.,1.));
#4311 = DIRECTION('',(-1.,-0.,0.));
#4312 = DEFINITIONAL_REPRESENTATION('',(#4313),#4317);
#4313 = LINE('',#4314,#4315);
#4314 = CARTESIAN_POINT('',(-4.712388980385,0.));
#4315 = VECTOR('',#4316,1.);
#4316 = DIRECTION('',(1.,0.));
#4317 = ( GEOMETRIC_REPRESENTATION_CONTEXT(2) 
PARAMETRIC_REPRESENTATION_CONTEXT() REPRESENTATION_CONTEXT('2D SPACE',''
  ) );
#4318 = ORIENTED_EDGE('',*,*,#4319,.T.);
#4319 = EDGE_CURVE('',#4289,#4320,#4322,.T.);
#4320 = VERTEX_POINT('',#4321);
#4321 = CARTESIAN_POINT('',(-30.,18.5,22.));
#4322 = SURFACE_CURVE('',#4323,(#4327,#4334),.PCURVE_S1.);
#4323 = LINE('',#4324,#4325);
#4324 = CARTESIAN_POINT('',(-30.,-27.5,22.));
#4325 = VECTOR('',#4326,1.);
#4326 = DIRECTION('',(0.,1.,0.));
#4327 = PCURVE('',#3992,#4328);
#4328 = DEFINITIONAL_REPRESENTATION('',(#4329),#4333);
#4329 = LINE('',#4330,#4331);
#4330 = CARTESIAN_POINT('',(7.,5.5));
#4331 = VECTOR('',#4332,1.);
#4332 = DIRECTION('',(0.,1.));
#4333 = ( GEOMETRIC_REPRESENTATION_CONTEXT(2) 
PARAMETRIC_REPRESENTATION_CONTEXT() REPRESENTATION_CONTEXT('2D SPACE',''
  ) );
#4334 = PCURVE('',#4335,#4340);
#4335 = PLANE('',#4336);
#4336 = AXIS2_PLACEMENT_3D('',#4337,#4338,#4339);
#4337 = CARTESIAN_POINT('',(-30.,-27.5,22.));
#4338 = DIRECTION('',(1.,0.,0.));
#4339 = DIRECTION('',(0.,0.,1.));
#4340 = DEFINITIONAL_REPRESENTATION('',(#4341),#4345);
#4341 = LINE('',#4342,#4343);
#4342 = CARTESIAN_POINT('',(0.,0.));
#4343 = VECTOR('',#4344,1.);
#4344 = DIRECTION('',(0.,-1.));
#4345 = ( GEOMETRIC_REPRESENTATION_CONTEXT(2) 
PARAMETRIC_REPRESENTATION_CONTEXT() REPRESENTATION_CONTEXT('2D SPACE',''
  ) );
#4346 = ORIENTED_EDGE('',*,*,#4347,.T.);
#4347 = EDGE_CURVE('',#4320,#4348,#4350,.T.);
#4348 = VERTEX_POINT('',#4349);
#4349 = CARTESIAN_POINT('',(-29.82234959247,20.279367210032,22.));
#4350 = SURFACE_CURVE('',#4351,(#4356,#4367),.PCURVE_S1.);
#4351 = CIRCLE('',#4352,9.);
#4352 = AXIS2_PLACEMENT_3D('',#4353,#4354,#4355);
#4353 = CARTESIAN_POINT('',(-21.,18.5,22.));
#4354 = DIRECTION('',(-0.,-0.,-1.));
#4355 = DIRECTION('',(0.,-1.,0.));
#4356 = PCURVE('',#3992,#4357);
#4357 = DEFINITIONAL_REPRESENTATION('',(#4358),#4366);
#4358 = ( BOUNDED_CURVE() B_SPLINE_CURVE(2,(#4359,#4360,#4361,#4362,
#4363,#4364,#4365),.UNSPECIFIED.,.T.,.F.) B_SPLINE_CURVE_WITH_KNOTS((1,2
    ,2,2,2,1),(-2.094395102393,0.,2.094395102393,4.188790204786,
6.28318530718,8.377580409573),.UNSPECIFIED.) CURVE() 
GEOMETRIC_REPRESENTATION_ITEM() RATIONAL_B_SPLINE_CURVE((1.,0.5,1.,0.5,
1.,0.5,1.)) REPRESENTATION_ITEM('') );
#4359 = CARTESIAN_POINT('',(16.,42.5));
#4360 = CARTESIAN_POINT('',(0.41154273188,42.5));
#4361 = CARTESIAN_POINT('',(8.20577136594,56.));
#4362 = CARTESIAN_POINT('',(16.,69.5));
#4363 = CARTESIAN_POINT('',(23.79422863406,56.));
#4364 = CARTESIAN_POINT('',(31.58845726812,42.5));
#4365 = CARTESIAN_POINT('',(16.,42.5));
#4366 = ( GEOMETRIC_REPRESENTATION_CONTEXT(2) 
PARAMETRIC_REPRESENTATION_CONTEXT() REPRESENTATION_CONTEXT('2D SPACE',''
  ) );
#4367 = PCURVE('',#4368,#4373);
#4368 = CYLINDRICAL_SURFACE('',#4369,9.);
#4369 = AXIS2_PLACEMENT_3D('',#4370,#4371,#4372);
#4370 = CARTESIAN_POINT('',(-21.,18.5,22.));
#4371 = DIRECTION('',(0.,0.,1.));
#4372 = DIRECTION('',(-1.,-0.,0.));
#4373 = DEFINITIONAL_REPRESENTATION('',(#4374),#4378);
#4374 = LINE('',#4375,#4376);
#4375 = CARTESIAN_POINT('',(1.570796326795,-0.));
#4376 = VECTOR('',#4377,1.);
#4377 = DIRECTION('',(-1.,0.));
#4378 = ( GEOMETRIC_REPRESENTATION_CONTEXT(2) 
PARAMETRIC_REPRESENTATION_CONTEXT() REPRESENTATION_CONTEXT('2D SPACE',''
  ) );
#4379 = ORIENTED_EDGE('',*,*,#4380,.T.);
#4380 = EDGE_CURVE('',#4348,#4381,#4383,.T.);
#4381 = VERTEX_POINT('',#4382);
#4382 = CARTESIAN_POINT('',(-25.17845040752,26.471232789968,22.));
#4383 = SURFACE_CURVE('',#4384,(#4389,#4400),.PCURVE_S1.);
#4384 = CIRCLE('',#4385,4.3);
#4385 = AXIS2_PLACEMENT_3D('',#4386,#4387,#4388);
#4386 = CARTESIAN_POINT('',(-29.,24.5,22.));
#4387 = DIRECTION('',(0.,0.,-1.));
#4388 = DIRECTION('',(1.,0.,0.));
#4389 = PCURVE('',#3992,#4390);
#4390 = DEFINITIONAL_REPRESENTATION('',(#4391),#4399);
#4391 = ( BOUNDED_CURVE() B_SPLINE_CURVE(2,(#4392,#4393,#4394,#4395,
#4396,#4397,#4398),.UNSPECIFIED.,.T.,.F.) B_SPLINE_CURVE_WITH_KNOTS((1,2
    ,2,2,2,1),(-2.094395102393,0.,2.094395102393,4.188790204786,
6.28318530718,8.377580409573),.UNSPECIFIED.) CURVE() 
GEOMETRIC_REPRESENTATION_ITEM() RATIONAL_B_SPLINE_CURVE((1.,0.5,1.,0.5,
1.,0.5,1.)) REPRESENTATION_ITEM('') );
#4392 = CARTESIAN_POINT('',(12.3,57.5));
#4393 = CARTESIAN_POINT('',(12.3,50.052181527454));
#4394 = CARTESIAN_POINT('',(5.85,53.776090763727));
#4395 = CARTESIAN_POINT('',(-0.6,57.5));
#4396 = CARTESIAN_POINT('',(5.85,61.223909236273));
#4397 = CARTESIAN_POINT('',(12.3,64.947818472546));
#4398 = CARTESIAN_POINT('',(12.3,57.5));
#4399 = ( GEOMETRIC_REPRESENTATION_CONTEXT(2) 
PARAMETRIC_REPRESENTATION_CONTEXT() REPRESENTATION_CONTEXT('2D SPACE',''
  ) );
#4400 = PCURVE('',#4401,#4406);
#4401 = CYLINDRICAL_SURFACE('',#4402,4.3);
#4402 = AXIS2_PLACEMENT_3D('',#4403,#4404,#4405);
#4403 = CARTESIAN_POINT('',(-29.,24.5,18.));
#4404 = DIRECTION('',(-0.,-0.,-1.));
#4405 = DIRECTION('',(1.,0.,0.));
#4406 = DEFINITIONAL_REPRESENTATION('',(#4407),#4411);
#4407 = LINE('',#4408,#4409);
#4408 = CARTESIAN_POINT('',(-6.28318530718,-4.));
#4409 = VECTOR('',#4410,1.);
#4410 = DIRECTION('',(1.,-0.));
#4411 = ( GEOMETRIC_REPRESENTATION_CONTEXT(2) 
PARAMETRIC_REPRESENTATION_CONTEXT() REPRESENTATION_CONTEXT('2D SPACE',''
  ) );
#4412 = ORIENTED_EDGE('',*,*,#4413,.T.);
#4413 = EDGE_CURVE('',#4381,#4414,#4416,.T.);
#4414 = VERTEX_POINT('',#4415);
#4415 = CARTESIAN_POINT('',(-21.,27.5,22.));
#4416 = SURFACE_CURVE('',#4417,(#4422,#4433),.PCURVE_S1.);
#4417 = CIRCLE('',#4418,9.);
#4418 = AXIS2_PLACEMENT_3D('',#4419,#4420,#4421);
#4419 = CARTESIAN_POINT('',(-21.,18.5,22.));
#4420 = DIRECTION('',(-0.,-0.,-1.));
#4421 = DIRECTION('',(0.,-1.,0.));
#4422 = PCURVE('',#3992,#4423);
#4423 = DEFINITIONAL_REPRESENTATION('',(#4424),#4432);
#4424 = ( BOUNDED_CURVE() B_SPLINE_CURVE(2,(#4425,#4426,#4427,#4428,
#4429,#4430,#4431),.UNSPECIFIED.,.T.,.F.) B_SPLINE_CURVE_WITH_KNOTS((1,2
    ,2,2,2,1),(-2.094395102393,0.,2.094395102393,4.188790204786,
6.28318530718,8.377580409573),.UNSPECIFIED.) CURVE() 
GEOMETRIC_REPRESENTATION_ITEM() RATIONAL_B_SPLINE_CURVE((1.,0.5,1.,0.5,
1.,0.5,1.)) REPRESENTATION_ITEM('') );
#4425 = CARTESIAN_POINT('',(16.,42.5));
#4426 = CARTESIAN_POINT('',(0.41154273188,42.5));
#4427 = CARTESIAN_POINT('',(8.20577136594,56.));
#4428 = CARTESIAN_POINT('',(16.,69.5));
#4429 = CARTESIAN_POINT('',(23.79422863406,56.));
#4430 = CARTESIAN_POINT('',(31.58845726812,42.5));
#4431 = CARTESIAN_POINT('',(16.,42.5));
#4432 = ( GEOMETRIC_REPRESENTATION_CONTEXT(2) 
PARAMETRIC_REPRESENTATION_CONTEXT() REPRESENTATION_CONTEXT('2D SPACE',''
  ) );
#4433 = PCURVE('',#4434,#4439);
#4434 = CYLINDRICAL_SURFACE('',#4435,9.);
#4435 = AXIS2_PLACEMENT_3D('',#4436,#4437,#4438);
#4436 = CARTESIAN_POINT('',(-21.,18.5,22.));
#4437 = DIRECTION('',(0.,0.,1.));
#4438 = DIRECTION('',(-1.,-0.,0.));
#4439 = DEFINITIONAL_REPRESENTATION('',(#4440),#4444);
#4440 = LINE('',#4441,#4442);
#4441 = CARTESIAN_POINT('',(1.570796326795,-0.));
#4442 = VECTOR('',#4443,1.);
#4443 = DIRECTION('',(-1.,0.));
#4444 = ( GEOMETRIC_REPRESENTATION_CONTEXT(2) 
PARAMETRIC_REPRESENTATION_CONTEXT() REPRESENTATION_CONTEXT('2D SPACE',''
  ) );
#4445 = ORIENTED_EDGE('',*,*,#4446,.T.);
#4446 = EDGE_CURVE('',#4414,#4447,#4449,.T.);
#4447 = VERTEX_POINT('',#4448);
#4448 = CARTESIAN_POINT('',(21.,27.5,22.));
#4449 = SURFACE_CURVE('',#4450,(#4454,#4461),.PCURVE_S1.);
#4450 = LINE('',#4451,#4452);
#4451 = CARTESIAN_POINT('',(-30.,27.5,22.));
#4452 = VECTOR('',#4453,1.);
#4453 = DIRECTION('',(1.,0.,0.));
#4454 = PCURVE('',#3992,#4455);
#4455 = DEFINITIONAL_REPRESENTATION('',(#4456),#4460);
#4456 = LINE('',#4457,#4458);
#4457 = CARTESIAN_POINT('',(7.,60.5));
#4458 = VECTOR('',#4459,1.);
#4459 = DIRECTION('',(1.,0.));
#4460 = ( GEOMETRIC_REPRESENTATION_CONTEXT(2) 
PARAMETRIC_REPRESENTATION_CONTEXT() REPRESENTATION_CONTEXT('2D SPACE',''
  ) );
#4461 = PCURVE('',#4462,#4467);
#4462 = PLANE('',#4463);
#4463 = AXIS2_PLACEMENT_3D('',#4464,#4465,#4466);
#4464 = CARTESIAN_POINT('',(-30.,27.5,22.));
#4465 = DIRECTION('',(0.,1.,0.));
#4466 = DIRECTION('',(0.,0.,1.));
#4467 = DEFINITIONAL_REPRESENTATION('',(#4468),#4472);
#4468 = LINE('',#4469,#4470);
#4469 = CARTESIAN_POINT('',(0.,0.));
#4470 = VECTOR('',#4471,1.);
#4471 = DIRECTION('',(0.,1.));
#4472 = ( GEOMETRIC_REPRESENTATION_CONTEXT(2) 
PARAMETRIC_REPRESENTATION_CONTEXT() REPRESENTATION_CONTEXT('2D SPACE',''
  ) );
#4473 = ORIENTED_EDGE('',*,*,#4474,.F.);
#4474 = EDGE_CURVE('',#4475,#4447,#4477,.T.);
#4475 = VERTEX_POINT('',#4476);
#4476 = CARTESIAN_POINT('',(25.178450407524,26.471232789968,22.));
#4477 = SURFACE_CURVE('',#4478,(#4483,#4490),.PCURVE_S1.);
#4478 = CIRCLE('',#4479,9.);
#4479 = AXIS2_PLACEMENT_3D('',#4480,#4481,#4482);
#4480 = CARTESIAN_POINT('',(21.,18.5,22.));
#4481 = DIRECTION('',(0.,0.,1.));
#4482 = DIRECTION('',(0.,-1.,0.));
#4483 = PCURVE('',#3992,#4484);
#4484 = DEFINITIONAL_REPRESENTATION('',(#4485),#4489);
#4485 = CIRCLE('',#4486,9.);
#4486 = AXIS2_PLACEMENT_2D('',#4487,#4488);
#4487 = CARTESIAN_POINT('',(58.,51.5));
#4488 = DIRECTION('',(0.,-1.));
#4489 = ( GEOMETRIC_REPRESENTATION_CONTEXT(2) 
PARAMETRIC_REPRESENTATION_CONTEXT() REPRESENTATION_CONTEXT('2D SPACE',''
  ) );
#4490 = PCURVE('',#4491,#4496);
#4491 = CYLINDRICAL_SURFACE('',#4492,9.);
#4492 = AXIS2_PLACEMENT_3D('',#4493,#4494,#4495);
#4493 = CARTESIAN_POINT('',(21.,18.5,22.));
#4494 = DIRECTION('',(0.,0.,1.));
#4495 = DIRECTION('',(1.,0.,-0.));
#4496 = DEFINITIONAL_REPRESENTATION('',(#4497),#4501);
#4497 = LINE('',#4498,#4499);
#4498 = CARTESIAN_POINT('',(-1.570796326795,0.));
#4499 = VECTOR('',#4500,1.);
#4500 = DIRECTION('',(1.,0.));
#4501 = ( GEOMETRIC_REPRESENTATION_CONTEXT(2) 
PARAMETRIC_REPRESENTATION_CONTEXT() REPRESENTATION_CONTEXT('2D SPACE',''
  ) );
#4502 = ORIENTED_EDGE('',*,*,#4503,.T.);
#4503 = EDGE_CURVE('',#4475,#4504,#4506,.T.);
#4504 = VERTEX_POINT('',#4505);
#4505 = CARTESIAN_POINT('',(33.3,24.5,22.));
#4506 = SURFACE_CURVE('',#4507,(#4512,#4523),.PCURVE_S1.);
#4507 = CIRCLE('',#4508,4.3);
#4508 = AXIS2_PLACEMENT_3D('',#4509,#4510,#4511);
#4509 = CARTESIAN_POINT('',(29.,24.5,22.));
#4510 = DIRECTION('',(0.,0.,-1.));
#4511 = DIRECTION('',(1.,0.,0.));
#4512 = PCURVE('',#3992,#4513);
#4513 = DEFINITIONAL_REPRESENTATION('',(#4514),#4522);
#4514 = ( BOUNDED_CURVE() B_SPLINE_CURVE(2,(#4515,#4516,#4517,#4518,
#4519,#4520,#4521),.UNSPECIFIED.,.T.,.F.) B_SPLINE_CURVE_WITH_KNOTS((1,2
    ,2,2,2,1),(-2.094395102393,0.,2.094395102393,4.188790204786,
6.28318530718,8.377580409573),.UNSPECIFIED.) CURVE() 
GEOMETRIC_REPRESENTATION_ITEM() RATIONAL_B_SPLINE_CURVE((1.,0.5,1.,0.5,
1.,0.5,1.)) REPRESENTATION_ITEM('') );
#4515 = CARTESIAN_POINT('',(70.3,57.5));
#4516 = CARTESIAN_POINT('',(70.3,50.052181527454));
#4517 = CARTESIAN_POINT('',(63.85,53.776090763727));
#4518 = CARTESIAN_POINT('',(57.4,57.5));
#4519 = CARTESIAN_POINT('',(63.85,61.223909236273));
#4520 = CARTESIAN_POINT('',(70.3,64.947818472546));
#4521 = CARTESIAN_POINT('',(70.3,57.5));
#4522 = ( GEOMETRIC_REPRESENTATION_CONTEXT(2) 
PARAMETRIC_REPRESENTATION_CONTEXT() REPRESENTATION_CONTEXT('2D SPACE',''
  ) );
#4523 = PCURVE('',#4524,#4529);
#4524 = CYLINDRICAL_SURFACE('',#4525,4.3);
#4525 = AXIS2_PLACEMENT_3D('',#4526,#4527,#4528);
#4526 = CARTESIAN_POINT('',(29.,24.5,18.));
#4527 = DIRECTION('',(-0.,-0.,-1.));
#4528 = DIRECTION('',(1.,0.,0.));
#4529 = DEFINITIONAL_REPRESENTATION('',(#4530),#4534);
#4530 = LINE('',#4531,#4532);
#4531 = CARTESIAN_POINT('',(-6.28318530718,-4.));
#4532 = VECTOR('',#4533,1.);
#4533 = DIRECTION('',(1.,-0.));
#4534 = ( GEOMETRIC_REPRESENTATION_CONTEXT(2) 
PARAMETRIC_REPRESENTATION_CONTEXT() REPRESENTATION_CONTEXT('2D SPACE',''
  ) );
#4535 = ORIENTED_EDGE('',*,*,#4536,.T.);
#4536 = EDGE_CURVE('',#4504,#4537,#4539,.T.);
#4537 = VERTEX_POINT('',#4538);
#4538 = CARTESIAN_POINT('',(29.822349592476,20.279367210032,22.));
#4539 = SURFACE_CURVE('',#4540,(#4545,#4556),.PCURVE_S1.);
#4540 = CIRCLE('',#4541,4.3);
#4541 = AXIS2_PLACEMENT_3D('',#4542,#4543,#4544);
#4542 = CARTESIAN_POINT('',(29.,24.5,22.));
#4543 = DIRECTION('',(0.,0.,-1.));
#4544 = DIRECTION('',(1.,0.,0.));
#4545 = PCURVE('',#3992,#4546);
#4546 = DEFINITIONAL_REPRESENTATION('',(#4547),#4555);
#4547 = ( BOUNDED_CURVE() B_SPLINE_CURVE(2,(#4548,#4549,#4550,#4551,
#4552,#4553,#4554),.UNSPECIFIED.,.T.,.F.) B_SPLINE_CURVE_WITH_KNOTS((1,2
    ,2,2,2,1),(-2.094395102393,0.,2.094395102393,4.188790204786,
6.28318530718,8.377580409573),.UNSPECIFIED.) CURVE() 
GEOMETRIC_REPRESENTATION_ITEM() RATIONAL_B_SPLINE_CURVE((1.,0.5,1.,0.5,
1.,0.5,1.)) REPRESENTATION_ITEM('') );
#4548 = CARTESIAN_POINT('',(70.3,57.5));
#4549 = CARTESIAN_POINT('',(70.3,50.052181527454));
#4550 = CARTESIAN_POINT('',(63.85,53.776090763727));
#4551 = CARTESIAN_POINT('',(57.4,57.5));
#4552 = CARTESIAN_POINT('',(63.85,61.223909236273));
#4553 = CARTESIAN_POINT('',(70.3,64.947818472546));
#4554 = CARTESIAN_POINT('',(70.3,57.5));
#4555 = ( GEOMETRIC_REPRESENTATION_CONTEXT(2) 
PARAMETRIC_REPRESENTATION_CONTEXT() REPRESENTATION_CONTEXT('2D SPACE',''
  ) );
#4556 = PCURVE('',#4524,#4557);
#4557 = DEFINITIONAL_REPRESENTATION('',(#4558),#4562);
#4558 = LINE('',#4559,#4560);
#4559 = CARTESIAN_POINT('',(-6.28318530718,-4.));
#4560 = VECTOR('',#4561,1.);
#4561 = DIRECTION('',(1.,-0.));
#4562 = ( GEOMETRIC_REPRESENTATION_CONTEXT(2) 
PARAMETRIC_REPRESENTATION_CONTEXT() REPRESENTATION_CONTEXT('2D SPACE',''
  ) );
#4563 = ORIENTED_EDGE('',*,*,#4564,.F.);
#4564 = EDGE_CURVE('',#4565,#4537,#4567,.T.);
#4565 = VERTEX_POINT('',#4566);
#4566 = CARTESIAN_POINT('',(30.,18.5,22.));
#4567 = SURFACE_CURVE('',#4568,(#4573,#4580),.PCURVE_S1.);
#4568 = CIRCLE('',#4569,9.);
#4569 = AXIS2_PLACEMENT_3D('',#4570,#4571,#4572);
#4570 = CARTESIAN_POINT('',(21.,18.5,22.));
#4571 = DIRECTION('',(0.,0.,1.));
#4572 = DIRECTION('',(0.,-1.,0.));
#4573 = PCURVE('',#3992,#4574);
#4574 = DEFINITIONAL_REPRESENTATION('',(#4575),#4579);
#4575 = CIRCLE('',#4576,9.);
#4576 = AXIS2_PLACEMENT_2D('',#4577,#4578);
#4577 = CARTESIAN_POINT('',(58.,51.5));
#4578 = DIRECTION('',(0.,-1.));
#4579 = ( GEOMETRIC_REPRESENTATION_CONTEXT(2) 
PARAMETRIC_REPRESENTATION_CONTEXT() REPRESENTATION_CONTEXT('2D SPACE',''
  ) );
#4580 = PCURVE('',#4581,#4586);
#4581 = CYLINDRICAL_SURFACE('',#4582,9.);
#4582 = AXIS2_PLACEMENT_3D('',#4583,#4584,#4585);
#4583 = CARTESIAN_POINT('',(21.,18.5,22.));
#4584 = DIRECTION('',(0.,0.,1.));
#4585 = DIRECTION('',(1.,0.,-0.));
#4586 = DEFINITIONAL_REPRESENTATION('',(#4587),#4591);
#4587 = LINE('',#4588,#4589);
#4588 = CARTESIAN_POINT('',(-1.570796326795,0.));
#4589 = VECTOR('',#4590,1.);
#4590 = DIRECTION('',(1.,0.));
#4591 = ( GEOMETRIC_REPRESENTATION_CONTEXT(2) 
PARAMETRIC_REPRESENTATION_CONTEXT() REPRESENTATION_CONTEXT('2D SPACE',''
  ) );
#4592 = ORIENTED_EDGE('',*,*,#4593,.F.);
#4593 = EDGE_CURVE('',#4594,#4565,#4596,.T.);
#4594 = VERTEX_POINT('',#4595);
#4595 = CARTESIAN_POINT('',(30.,-18.5,22.));
#4596 = SURFACE_CURVE('',#4597,(#4601,#4608),.PCURVE_S1.);
#4597 = LINE('',#4598,#4599);
#4598 = CARTESIAN_POINT('',(30.,-27.5,22.));
#4599 = VECTOR('',#4600,1.);
#4600 = DIRECTION('',(0.,1.,0.));
#4601 = PCURVE('',#3992,#4602);
#4602 = DEFINITIONAL_REPRESENTATION('',(#4603),#4607);
#4603 = LINE('',#4604,#4605);
#4604 = CARTESIAN_POINT('',(67.,5.5));
#4605 = VECTOR('',#4606,1.);
#4606 = DIRECTION('',(0.,1.));
#4607 = ( GEOMETRIC_REPRESENTATION_CONTEXT(2) 
PARAMETRIC_REPRESENTATION_CONTEXT() REPRESENTATION_CONTEXT('2D SPACE',''
  ) );
#4608 = PCURVE('',#4609,#4614);
#4609 = PLANE('',#4610);
#4610 = AXIS2_PLACEMENT_3D('',#4611,#4612,#4613);
#4611 = CARTESIAN_POINT('',(30.,-27.5,22.));
#4612 = DIRECTION('',(1.,0.,0.));
#4613 = DIRECTION('',(0.,0.,1.));
#4614 = DEFINITIONAL_REPRESENTATION('',(#4615),#4619);
#4615 = LINE('',#4616,#4617);
#4616 = CARTESIAN_POINT('',(0.,0.));
#4617 = VECTOR('',#4618,1.);
#4618 = DIRECTION('',(0.,-1.));
#4619 = ( GEOMETRIC_REPRESENTATION_CONTEXT(2) 
PARAMETRIC_REPRESENTATION_CONTEXT() REPRESENTATION_CONTEXT('2D SPACE',''
  ) );
#4620 = ORIENTED_EDGE('',*,*,#4621,.T.);
#4621 = EDGE_CURVE('',#4594,#4622,#4624,.T.);
#4622 = VERTEX_POINT('',#4623);
#4623 = CARTESIAN_POINT('',(29.822349592476,-20.27936721003,22.));
#4624 = SURFACE_CURVE('',#4625,(#4630,#4641),.PCURVE_S1.);
#4625 = CIRCLE('',#4626,9.);
#4626 = AXIS2_PLACEMENT_3D('',#4627,#4628,#4629);
#4627 = CARTESIAN_POINT('',(21.,-18.5,22.));
#4628 = DIRECTION('',(-0.,-0.,-1.));
#4629 = DIRECTION('',(0.,-1.,0.));
#4630 = PCURVE('',#3992,#4631);
#4631 = DEFINITIONAL_REPRESENTATION('',(#4632),#4640);
#4632 = ( BOUNDED_CURVE() B_SPLINE_CURVE(2,(#4633,#4634,#4635,#4636,
#4637,#4638,#4639),.UNSPECIFIED.,.T.,.F.) B_SPLINE_CURVE_WITH_KNOTS((1,2
    ,2,2,2,1),(-2.094395102393,0.,2.094395102393,4.188790204786,
6.28318530718,8.377580409573),.UNSPECIFIED.) CURVE() 
GEOMETRIC_REPRESENTATION_ITEM() RATIONAL_B_SPLINE_CURVE((1.,0.5,1.,0.5,
1.,0.5,1.)) REPRESENTATION_ITEM('') );
#4633 = CARTESIAN_POINT('',(58.,5.5));
#4634 = CARTESIAN_POINT('',(42.41154273188,5.5));
#4635 = CARTESIAN_POINT('',(50.20577136594,19.));
#4636 = CARTESIAN_POINT('',(58.,32.5));
#4637 = CARTESIAN_POINT('',(65.79422863406,19.));
#4638 = CARTESIAN_POINT('',(73.58845726812,5.5));
#4639 = CARTESIAN_POINT('',(58.,5.5));
#4640 = ( GEOMETRIC_REPRESENTATION_CONTEXT(2) 
PARAMETRIC_REPRESENTATION_CONTEXT() REPRESENTATION_CONTEXT('2D SPACE',''
  ) );
#4641 = PCURVE('',#4642,#4647);
#4642 = CYLINDRICAL_SURFACE('',#4643,9.);
#4643 = AXIS2_PLACEMENT_3D('',#4644,#4645,#4646);
#4644 = CARTESIAN_POINT('',(21.,-18.5,22.));
#4645 = DIRECTION('',(0.,0.,1.));
#4646 = DIRECTION('',(1.,0.,-0.));
#4647 = DEFINITIONAL_REPRESENTATION('',(#4648),#4652);
#4648 = LINE('',#4649,#4650);
#4649 = CARTESIAN_POINT('',(4.712388980385,-0.));
#4650 = VECTOR('',#4651,1.);
#4651 = DIRECTION('',(-1.,0.));
#4652 = ( GEOMETRIC_REPRESENTATION_CONTEXT(2) 
PARAMETRIC_REPRESENTATION_CONTEXT() REPRESENTATION_CONTEXT('2D SPACE',''
  ) );
#4653 = ORIENTED_EDGE('',*,*,#4654,.T.);
#4654 = EDGE_CURVE('',#4622,#4655,#4657,.T.);
#4655 = VERTEX_POINT('',#4656);
#4656 = CARTESIAN_POINT('',(33.3,-24.5,22.));
#4657 = SURFACE_CURVE('',#4658,(#4663,#4674),.PCURVE_S1.);
#4658 = CIRCLE('',#4659,4.3);
#4659 = AXIS2_PLACEMENT_3D('',#4660,#4661,#4662);
#4660 = CARTESIAN_POINT('',(29.,-24.5,22.));
#4661 = DIRECTION('',(0.,0.,-1.));
#4662 = DIRECTION('',(1.,0.,0.));
#4663 = PCURVE('',#3992,#4664);
#4664 = DEFINITIONAL_REPRESENTATION('',(#4665),#4673);
#4665 = ( BOUNDED_CURVE() B_SPLINE_CURVE(2,(#4666,#4667,#4668,#4669,
#4670,#4671,#4672),.UNSPECIFIED.,.T.,.F.) B_SPLINE_CURVE_WITH_KNOTS((1,2
    ,2,2,2,1),(-2.094395102393,0.,2.094395102393,4.188790204786,
6.28318530718,8.377580409573),.UNSPECIFIED.) CURVE() 
GEOMETRIC_REPRESENTATION_ITEM() RATIONAL_B_SPLINE_CURVE((1.,0.5,1.,0.5,
1.,0.5,1.)) REPRESENTATION_ITEM('') );
#4666 = CARTESIAN_POINT('',(70.3,8.5));
#4667 = CARTESIAN_POINT('',(70.3,1.052181527454));
#4668 = CARTESIAN_POINT('',(63.85,4.776090763727));
#4669 = CARTESIAN_POINT('',(57.4,8.5));
#4670 = CARTESIAN_POINT('',(63.85,12.223909236273));
#4671 = CARTESIAN_POINT('',(70.3,15.947818472546));
#4672 = CARTESIAN_POINT('',(70.3,8.5));
#4673 = ( GEOMETRIC_REPRESENTATION_CONTEXT(2) 
PARAMETRIC_REPRESENTATION_CONTEXT() REPRESENTATION_CONTEXT('2D SPACE',''
  ) );
#4674 = PCURVE('',#4675,#4680);
#4675 = CYLINDRICAL_SURFACE('',#4676,4.3);
#4676 = AXIS2_PLACEMENT_3D('',#4677,#4678,#4679);
#4677 = CARTESIAN_POINT('',(29.,-24.5,18.));
#4678 = DIRECTION('',(-0.,-0.,-1.));
#4679 = DIRECTION('',(1.,0.,0.));
#4680 = DEFINITIONAL_REPRESENTATION('',(#4681),#4685);
#4681 = LINE('',#4682,#4683);
#4682 = CARTESIAN_POINT('',(-6.28318530718,-4.));
#4683 = VECTOR('',#4684,1.);
#4684 = DIRECTION('',(1.,-0.));
#4685 = ( GEOMETRIC_REPRESENTATION_CONTEXT(2) 
PARAMETRIC_REPRESENTATION_CONTEXT() REPRESENTATION_CONTEXT('2D SPACE',''
  ) );
#4686 = ORIENTED_EDGE('',*,*,#4687,.T.);
#4687 = EDGE_CURVE('',#4655,#4688,#4690,.T.);
#4688 = VERTEX_POINT('',#4689);
#4689 = CARTESIAN_POINT('',(25.178450407524,-26.47123278996,22.));
#4690 = SURFACE_CURVE('',#4691,(#4696,#4707),.PCURVE_S1.);
#4691 = CIRCLE('',#4692,4.3);
#4692 = AXIS2_PLACEMENT_3D('',#4693,#4694,#4695);
#4693 = CARTESIAN_POINT('',(29.,-24.5,22.));
#4694 = DIRECTION('',(0.,0.,-1.));
#4695 = DIRECTION('',(1.,0.,0.));
#4696 = PCURVE('',#3992,#4697);
#4697 = DEFINITIONAL_REPRESENTATION('',(#4698),#4706);
#4698 = ( BOUNDED_CURVE() B_SPLINE_CURVE(2,(#4699,#4700,#4701,#4702,
#4703,#4704,#4705),.UNSPECIFIED.,.T.,.F.) B_SPLINE_CURVE_WITH_KNOTS((1,2
    ,2,2,2,1),(-2.094395102393,0.,2.094395102393,4.188790204786,
6.28318530718,8.377580409573),.UNSPECIFIED.) CURVE() 
GEOMETRIC_REPRESENTATION_ITEM() RATIONAL_B_SPLINE_CURVE((1.,0.5,1.,0.5,
1.,0.5,1.)) REPRESENTATION_ITEM('') );
#4699 = CARTESIAN_POINT('',(70.3,8.5));
#4700 = CARTESIAN_POINT('',(70.3,1.052181527454));
#4701 = CARTESIAN_POINT('',(63.85,4.776090763727));
#4702 = CARTESIAN_POINT('',(57.4,8.5));
#4703 = CARTESIAN_POINT('',(63.85,12.223909236273));
#4704 = CARTESIAN_POINT('',(70.3,15.947818472546));
#4705 = CARTESIAN_POINT('',(70.3,8.5));
#4706 = ( GEOMETRIC_REPRESENTATION_CONTEXT(2) 
PARAMETRIC_REPRESENTATION_CONTEXT() REPRESENTATION_CONTEXT('2D SPACE',''
  ) );
#4707 = PCURVE('',#4675,#4708);
#4708 = DEFINITIONAL_REPRESENTATION('',(#4709),#4713);
#4709 = LINE('',#4710,#4711);
#4710 = CARTESIAN_POINT('',(-6.28318530718,-4.));
#4711 = VECTOR('',#4712,1.);
#4712 = DIRECTION('',(1.,-0.));
#4713 = ( GEOMETRIC_REPRESENTATION_CONTEXT(2) 
PARAMETRIC_REPRESENTATION_CONTEXT() REPRESENTATION_CONTEXT('2D SPACE',''
  ) );
#4714 = ORIENTED_EDGE('',*,*,#4715,.T.);
#4715 = EDGE_CURVE('',#4688,#4716,#4718,.T.);
#4716 = VERTEX_POINT('',#4717);
#4717 = CARTESIAN_POINT('',(21.,-27.5,22.));
#4718 = SURFACE_CURVE('',#4719,(#4724,#4735),.PCURVE_S1.);
#4719 = CIRCLE('',#4720,9.);
#4720 = AXIS2_PLACEMENT_3D('',#4721,#4722,#4723);
#4721 = CARTESIAN_POINT('',(21.,-18.5,22.));
#4722 = DIRECTION('',(-0.,-0.,-1.));
#4723 = DIRECTION('',(0.,-1.,0.));
#4724 = PCURVE('',#3992,#4725);
#4725 = DEFINITIONAL_REPRESENTATION('',(#4726),#4734);
#4726 = ( BOUNDED_CURVE() B_SPLINE_CURVE(2,(#4727,#4728,#4729,#4730,
#4731,#4732,#4733),.UNSPECIFIED.,.T.,.F.) B_SPLINE_CURVE_WITH_KNOTS((1,2
    ,2,2,2,1),(-2.094395102393,0.,2.094395102393,4.188790204786,
6.28318530718,8.377580409573),.UNSPECIFIED.) CURVE() 
GEOMETRIC_REPRESENTATION_ITEM() RATIONAL_B_SPLINE_CURVE((1.,0.5,1.,0.5,
1.,0.5,1.)) REPRESENTATION_ITEM('') );
#4727 = CARTESIAN_POINT('',(58.,5.5));
#4728 = CARTESIAN_POINT('',(42.41154273188,5.5));
#4729 = CARTESIAN_POINT('',(50.20577136594,19.));
#4730 = CARTESIAN_POINT('',(58.,32.5));
#4731 = CARTESIAN_POINT('',(65.79422863406,19.));
#4732 = CARTESIAN_POINT('',(73.58845726812,5.5));
#4733 = CARTESIAN_POINT('',(58.,5.5));
#4734 = ( GEOMETRIC_REPRESENTATION_CONTEXT(2) 
PARAMETRIC_REPRESENTATION_CONTEXT() REPRESENTATION_CONTEXT('2D SPACE',''
  ) );
#4735 = PCURVE('',#4736,#4741);
#4736 = CYLINDRICAL_SURFACE('',#4737,9.);
#4737 = AXIS2_PLACEMENT_3D('',#4738,#4739,#4740);
#4738 = CARTESIAN_POINT('',(21.,-18.5,22.));
#4739 = DIRECTION('',(0.,0.,1.));
#4740 = DIRECTION('',(1.,0.,-0.));
#4741 = DEFINITIONAL_REPRESENTATION('',(#4742),#4746);
#4742 = LINE('',#4743,#4744);
#4743 = CARTESIAN_POINT('',(4.712388980385,-0.));
#4744 = VECTOR('',#4745,1.);
#4745 = DIRECTION('',(-1.,0.));
#4746 = ( GEOMETRIC_REPRESENTATION_CONTEXT(2) 
PARAMETRIC_REPRESENTATION_CONTEXT() REPRESENTATION_CONTEXT('2D SPACE',''
  ) );
#4747 = ORIENTED_EDGE('',*,*,#4748,.F.);
#4748 = EDGE_CURVE('',#4749,#4716,#4751,.T.);
#4749 = VERTEX_POINT('',#4750);
#4750 = CARTESIAN_POINT('',(-21.,-27.5,22.));
#4751 = SURFACE_CURVE('',#4752,(#4756,#4763),.PCURVE_S1.);
#4752 = LINE('',#4753,#4754);
#4753 = CARTESIAN_POINT('',(-30.,-27.5,22.));
#4754 = VECTOR('',#4755,1.);
#4755 = DIRECTION('',(1.,0.,0.));
#4756 = PCURVE('',#3992,#4757);
#4757 = DEFINITIONAL_REPRESENTATION('',(#4758),#4762);
#4758 = LINE('',#4759,#4760);
#4759 = CARTESIAN_POINT('',(7.,5.5));
#4760 = VECTOR('',#4761,1.);
#4761 = DIRECTION('',(1.,0.));
#4762 = ( GEOMETRIC_REPRESENTATION_CONTEXT(2) 
PARAMETRIC_REPRESENTATION_CONTEXT() REPRESENTATION_CONTEXT('2D SPACE',''
  ) );
#4763 = PCURVE('',#4764,#4769);
#4764 = PLANE('',#4765);
#4765 = AXIS2_PLACEMENT_3D('',#4766,#4767,#4768);
#4766 = CARTESIAN_POINT('',(-30.,-27.5,22.));
#4767 = DIRECTION('',(0.,1.,0.));
#4768 = DIRECTION('',(0.,0.,1.));
#4769 = DEFINITIONAL_REPRESENTATION('',(#4770),#4774);
#4770 = LINE('',#4771,#4772);
#4771 = CARTESIAN_POINT('',(0.,0.));
#4772 = VECTOR('',#4773,1.);
#4773 = DIRECTION('',(0.,1.));
#4774 = ( GEOMETRIC_REPRESENTATION_CONTEXT(2) 
PARAMETRIC_REPRESENTATION_CONTEXT() REPRESENTATION_CONTEXT('2D SPACE',''
  ) );
#4775 = ORIENTED_EDGE('',*,*,#4776,.F.);
#4776 = EDGE_CURVE('',#4777,#4749,#4779,.T.);
#4777 = VERTEX_POINT('',#4778);
#4778 = CARTESIAN_POINT('',(-25.17845040752,-26.47123278996,22.));
#4779 = SURFACE_CURVE('',#4780,(#4785,#4792),.PCURVE_S1.);
#4780 = CIRCLE('',#4781,9.);
#4781 = AXIS2_PLACEMENT_3D('',#4782,#4783,#4784);
#4782 = CARTESIAN_POINT('',(-21.,-18.5,22.));
#4783 = DIRECTION('',(0.,0.,1.));
#4784 = DIRECTION('',(0.,-1.,0.));
#4785 = PCURVE('',#3992,#4786);
#4786 = DEFINITIONAL_REPRESENTATION('',(#4787),#4791);
#4787 = CIRCLE('',#4788,9.);
#4788 = AXIS2_PLACEMENT_2D('',#4789,#4790);
#4789 = CARTESIAN_POINT('',(16.,14.5));
#4790 = DIRECTION('',(0.,-1.));
#4791 = ( GEOMETRIC_REPRESENTATION_CONTEXT(2) 
PARAMETRIC_REPRESENTATION_CONTEXT() REPRESENTATION_CONTEXT('2D SPACE',''
  ) );
#4792 = PCURVE('',#4793,#4798);
#4793 = CYLINDRICAL_SURFACE('',#4794,9.);
#4794 = AXIS2_PLACEMENT_3D('',#4795,#4796,#4797);
#4795 = CARTESIAN_POINT('',(-21.,-18.5,22.));
#4796 = DIRECTION('',(0.,0.,1.));
#4797 = DIRECTION('',(-1.,-0.,0.));
#4798 = DEFINITIONAL_REPRESENTATION('',(#4799),#4803);
#4799 = LINE('',#4800,#4801);
#4800 = CARTESIAN_POINT('',(-4.712388980385,0.));
#4801 = VECTOR('',#4802,1.);
#4802 = DIRECTION('',(1.,0.));
#4803 = ( GEOMETRIC_REPRESENTATION_CONTEXT(2) 
PARAMETRIC_REPRESENTATION_CONTEXT() REPRESENTATION_CONTEXT('2D SPACE',''
  ) );
#4804 = ORIENTED_EDGE('',*,*,#4805,.T.);
#4805 = EDGE_CURVE('',#4777,#4291,#4806,.T.);
#4806 = SURFACE_CURVE('',#4807,(#4812,#4823),.PCURVE_S1.);
#4807 = CIRCLE('',#4808,4.3);
#4808 = AXIS2_PLACEMENT_3D('',#4809,#4810,#4811);
#4809 = CARTESIAN_POINT('',(-29.,-24.5,22.));
#4810 = DIRECTION('',(0.,0.,-1.));
#4811 = DIRECTION('',(1.,0.,0.));
#4812 = PCURVE('',#3992,#4813);
#4813 = DEFINITIONAL_REPRESENTATION('',(#4814),#4822);
#4814 = ( BOUNDED_CURVE() B_SPLINE_CURVE(2,(#4815,#4816,#4817,#4818,
#4819,#4820,#4821),.UNSPECIFIED.,.T.,.F.) B_SPLINE_CURVE_WITH_KNOTS((1,2
    ,2,2,2,1),(-2.094395102393,0.,2.094395102393,4.188790204786,
6.28318530718,8.377580409573),.UNSPECIFIED.) CURVE() 
GEOMETRIC_REPRESENTATION_ITEM() RATIONAL_B_SPLINE_CURVE((1.,0.5,1.,0.5,
1.,0.5,1.)) REPRESENTATION_ITEM('') );
#4815 = CARTESIAN_POINT('',(12.3,8.5));
#4816 = CARTESIAN_POINT('',(12.3,1.052181527454));
#4817 = CARTESIAN_POINT('',(5.85,4.776090763727));
#4818 = CARTESIAN_POINT('',(-0.6,8.5));
#4819 = CARTESIAN_POINT('',(5.85,12.223909236273));
#4820 = CARTESIAN_POINT('',(12.3,15.947818472546));
#4821 = CARTESIAN_POINT('',(12.3,8.5));
#4822 = ( GEOMETRIC_REPRESENTATION_CONTEXT(2) 
PARAMETRIC_REPRESENTATION_CONTEXT() REPRESENTATION_CONTEXT('2D SPACE',''
  ) );
#4823 = PCURVE('',#4824,#4829);
#4824 = CYLINDRICAL_SURFACE('',#4825,4.3);
#4825 = AXIS2_PLACEMENT_3D('',#4826,#4827,#4828);
#4826 = CARTESIAN_POINT('',(-29.,-24.5,18.));
#4827 = DIRECTION('',(-0.,-0.,-1.));
#4828 = DIRECTION('',(1.,0.,0.));
#4829 = DEFINITIONAL_REPRESENTATION('',(#4830),#4834);
#4830 = LINE('',#4831,#4832);
#4831 = CARTESIAN_POINT('',(-6.28318530718,-4.));
#4832 = VECTOR('',#4833,1.);
#4833 = DIRECTION('',(1.,-0.));
#4834 = ( GEOMETRIC_REPRESENTATION_CONTEXT(2) 
PARAMETRIC_REPRESENTATION_CONTEXT() REPRESENTATION_CONTEXT('2D SPACE',''
  ) );
#4835 = ADVANCED_FACE('',(#4836),#4020,.T.);
#4836 = FACE_BOUND('',#4837,.T.);
#4837 = EDGE_LOOP('',(#4838,#4862,#4883,#4884));
#4838 = ORIENTED_EDGE('',*,*,#4839,.T.);
#4839 = EDGE_CURVE('',#4005,#4840,#4842,.T.);
#4840 = VERTEX_POINT('',#4841);
#4841 = CARTESIAN_POINT('',(-30.,-33.,18.));
#4842 = SURFACE_CURVE('',#4843,(#4848,#4855),.PCURVE_S1.);
#4843 = CIRCLE('',#4844,7.);
#4844 = AXIS2_PLACEMENT_3D('',#4845,#4846,#4847);
#4845 = CARTESIAN_POINT('',(-30.,-26.,18.));
#4846 = DIRECTION('',(0.,0.,1.));
#4847 = DIRECTION('',(0.,-1.,0.));
#4848 = PCURVE('',#4020,#4849);
#4849 = DEFINITIONAL_REPRESENTATION('',(#4850),#4854);
#4850 = LINE('',#4851,#4852);
#4851 = CARTESIAN_POINT('',(-4.712388980385,0.));
#4852 = VECTOR('',#4853,1.);
#4853 = DIRECTION('',(1.,0.));
#4854 = ( GEOMETRIC_REPRESENTATION_CONTEXT(2) 
PARAMETRIC_REPRESENTATION_CONTEXT() REPRESENTATION_CONTEXT('2D SPACE',''
  ) );
#4855 = PCURVE('',#4048,#4856);
#4856 = DEFINITIONAL_REPRESENTATION('',(#4857),#4861);
#4857 = CIRCLE('',#4858,7.);
#4858 = AXIS2_PLACEMENT_2D('',#4859,#4860);
#4859 = CARTESIAN_POINT('',(7.,7.));
#4860 = DIRECTION('',(0.,-1.));
#4861 = ( GEOMETRIC_REPRESENTATION_CONTEXT(2) 
PARAMETRIC_REPRESENTATION_CONTEXT() REPRESENTATION_CONTEXT('2D SPACE',''
  ) );
#4862 = ORIENTED_EDGE('',*,*,#4863,.T.);
#4863 = EDGE_CURVE('',#4840,#4091,#4864,.T.);
#4864 = SURFACE_CURVE('',#4865,(#4869,#4876),.PCURVE_S1.);
#4865 = LINE('',#4866,#4867);
#4866 = CARTESIAN_POINT('',(-30.,-33.,18.));
#4867 = VECTOR('',#4868,1.);
#4868 = DIRECTION('',(0.,0.,1.));
#4869 = PCURVE('',#4020,#4870);
#4870 = DEFINITIONAL_REPRESENTATION('',(#4871),#4875);
#4871 = LINE('',#4872,#4873);
#4872 = CARTESIAN_POINT('',(1.570796326795,0.));
#4873 = VECTOR('',#4874,1.);
#4874 = DIRECTION('',(0.,1.));
#4875 = ( GEOMETRIC_REPRESENTATION_CONTEXT(2) 
PARAMETRIC_REPRESENTATION_CONTEXT() REPRESENTATION_CONTEXT('2D SPACE',''
  ) );
#4876 = PCURVE('',#4130,#4877);
#4877 = DEFINITIONAL_REPRESENTATION('',(#4878),#4882);
#4878 = LINE('',#4879,#4880);
#4879 = CARTESIAN_POINT('',(0.,7.));
#4880 = VECTOR('',#4881,1.);
#4881 = DIRECTION('',(1.,0.));
#4882 = ( GEOMETRIC_REPRESENTATION_CONTEXT(2) 
PARAMETRIC_REPRESENTATION_CONTEXT() REPRESENTATION_CONTEXT('2D SPACE',''
  ) );
#4883 = ORIENTED_EDGE('',*,*,#4090,.F.);
#4884 = ORIENTED_EDGE('',*,*,#4004,.F.);
#4885 = ADVANCED_FACE('',(#4886),#4074,.T.);
#4886 = FACE_BOUND('',#4887,.F.);
#4887 = EDGE_LOOP('',(#4888,#4916,#4937,#4938));
#4888 = ORIENTED_EDGE('',*,*,#4889,.T.);
#4889 = EDGE_CURVE('',#4033,#4890,#4892,.T.);
#4890 = VERTEX_POINT('',#4891);
#4891 = CARTESIAN_POINT('',(-30.,33.,18.));
#4892 = SURFACE_CURVE('',#4893,(#4898,#4905),.PCURVE_S1.);
#4893 = CIRCLE('',#4894,7.);
#4894 = AXIS2_PLACEMENT_3D('',#4895,#4896,#4897);
#4895 = CARTESIAN_POINT('',(-30.,26.,18.));
#4896 = DIRECTION('',(-0.,-0.,-1.));
#4897 = DIRECTION('',(0.,-1.,0.));
#4898 = PCURVE('',#4074,#4899);
#4899 = DEFINITIONAL_REPRESENTATION('',(#4900),#4904);
#4900 = LINE('',#4901,#4902);
#4901 = CARTESIAN_POINT('',(1.570796326795,-0.));
#4902 = VECTOR('',#4903,1.);
#4903 = DIRECTION('',(-1.,0.));
#4904 = ( GEOMETRIC_REPRESENTATION_CONTEXT(2) 
PARAMETRIC_REPRESENTATION_CONTEXT() REPRESENTATION_CONTEXT('2D SPACE',''
  ) );
#4905 = PCURVE('',#4048,#4906);
#4906 = DEFINITIONAL_REPRESENTATION('',(#4907),#4915);
#4907 = ( BOUNDED_CURVE() B_SPLINE_CURVE(2,(#4908,#4909,#4910,#4911,
#4912,#4913,#4914),.UNSPECIFIED.,.T.,.F.) B_SPLINE_CURVE_WITH_KNOTS((1,2
    ,2,2,2,1),(-2.094395102393,0.,2.094395102393,4.188790204786,
6.28318530718,8.377580409573),.UNSPECIFIED.) CURVE() 
GEOMETRIC_REPRESENTATION_ITEM() RATIONAL_B_SPLINE_CURVE((1.,0.5,1.,0.5,
1.,0.5,1.)) REPRESENTATION_ITEM('') );
#4908 = CARTESIAN_POINT('',(7.,52.));
#4909 = CARTESIAN_POINT('',(-5.124355652982,52.));
#4910 = CARTESIAN_POINT('',(0.937822173509,62.5));
#4911 = CARTESIAN_POINT('',(7.,73.));
#4912 = CARTESIAN_POINT('',(13.062177826491,62.5));
#4913 = CARTESIAN_POINT('',(19.124355652982,52.));
#4914 = CARTESIAN_POINT('',(7.,52.));
#4915 = ( GEOMETRIC_REPRESENTATION_CONTEXT(2) 
PARAMETRIC_REPRESENTATION_CONTEXT() REPRESENTATION_CONTEXT('2D SPACE',''
  ) );
#4916 = ORIENTED_EDGE('',*,*,#4917,.T.);
#4917 = EDGE_CURVE('',#4890,#4233,#4918,.T.);
#4918 = SURFACE_CURVE('',#4919,(#4923,#4930),.PCURVE_S1.);
#4919 = LINE('',#4920,#4921);
#4920 = CARTESIAN_POINT('',(-30.,33.,18.));
#4921 = VECTOR('',#4922,1.);
#4922 = DIRECTION('',(0.,0.,1.));
#4923 = PCURVE('',#4074,#4924);
#4924 = DEFINITIONAL_REPRESENTATION('',(#4925),#4929);
#4925 = LINE('',#4926,#4927);
#4926 = CARTESIAN_POINT('',(-1.570796326795,0.));
#4927 = VECTOR('',#4928,1.);
#4928 = DIRECTION('',(-0.,1.));
#4929 = ( GEOMETRIC_REPRESENTATION_CONTEXT(2) 
PARAMETRIC_REPRESENTATION_CONTEXT() REPRESENTATION_CONTEXT('2D SPACE',''
  ) );
#4930 = PCURVE('',#4248,#4931);
#4931 = DEFINITIONAL_REPRESENTATION('',(#4932),#4936);
#4932 = LINE('',#4933,#4934);
#4933 = CARTESIAN_POINT('',(0.,7.));
#4934 = VECTOR('',#4935,1.);
#4935 = DIRECTION('',(1.,0.));
#4936 = ( GEOMETRIC_REPRESENTATION_CONTEXT(2) 
PARAMETRIC_REPRESENTATION_CONTEXT() REPRESENTATION_CONTEXT('2D SPACE',''
  ) );
#4937 = ORIENTED_EDGE('',*,*,#4260,.F.);
#4938 = ORIENTED_EDGE('',*,*,#4060,.F.);
#4939 = ADVANCED_FACE('',(#4940,#5064,#5090,#5116,#5240,#5266,#5390,
    #5514),#4048,.F.);
#4940 = FACE_BOUND('',#4941,.F.);
#4941 = EDGE_LOOP('',(#4942,#4943,#4944,#4967,#4995,#5018,#5042,#5063));
#4942 = ORIENTED_EDGE('',*,*,#4032,.F.);
#4943 = ORIENTED_EDGE('',*,*,#4839,.T.);
#4944 = ORIENTED_EDGE('',*,*,#4945,.T.);
#4945 = EDGE_CURVE('',#4840,#4946,#4948,.T.);
#4946 = VERTEX_POINT('',#4947);
#4947 = CARTESIAN_POINT('',(30.,-33.,18.));
#4948 = SURFACE_CURVE('',#4949,(#4953,#4960),.PCURVE_S1.);
#4949 = LINE('',#4950,#4951);
#4950 = CARTESIAN_POINT('',(-37.,-33.,18.));
#4951 = VECTOR('',#4952,1.);
#4952 = DIRECTION('',(1.,0.,0.));
#4953 = PCURVE('',#4048,#4954);
#4954 = DEFINITIONAL_REPRESENTATION('',(#4955),#4959);
#4955 = LINE('',#4956,#4957);
#4956 = CARTESIAN_POINT('',(0.,0.));
#4957 = VECTOR('',#4958,1.);
#4958 = DIRECTION('',(1.,0.));
#4959 = ( GEOMETRIC_REPRESENTATION_CONTEXT(2) 
PARAMETRIC_REPRESENTATION_CONTEXT() REPRESENTATION_CONTEXT('2D SPACE',''
  ) );
#4960 = PCURVE('',#4130,#4961);
#4961 = DEFINITIONAL_REPRESENTATION('',(#4962),#4966);
#4962 = LINE('',#4963,#4964);
#4963 = CARTESIAN_POINT('',(0.,0.));
#4964 = VECTOR('',#4965,1.);
#4965 = DIRECTION('',(0.,1.));
#4966 = ( GEOMETRIC_REPRESENTATION_CONTEXT(2) 
PARAMETRIC_REPRESENTATION_CONTEXT() REPRESENTATION_CONTEXT('2D SPACE',''
  ) );
#4967 = ORIENTED_EDGE('',*,*,#4968,.F.);
#4968 = EDGE_CURVE('',#4969,#4946,#4971,.T.);
#4969 = VERTEX_POINT('',#4970);
#4970 = CARTESIAN_POINT('',(37.,-26.,18.));
#4971 = SURFACE_CURVE('',#4972,(#4977,#4988),.PCURVE_S1.);
#4972 = CIRCLE('',#4973,7.);
#4973 = AXIS2_PLACEMENT_3D('',#4974,#4975,#4976);
#4974 = CARTESIAN_POINT('',(30.,-26.,18.));
#4975 = DIRECTION('',(-0.,-0.,-1.));
#4976 = DIRECTION('',(0.,-1.,0.));
#4977 = PCURVE('',#4048,#4978);
#4978 = DEFINITIONAL_REPRESENTATION('',(#4979),#4987);
#4979 = ( BOUNDED_CURVE() B_SPLINE_CURVE(2,(#4980,#4981,#4982,#4983,
#4984,#4985,#4986),.UNSPECIFIED.,.T.,.F.) B_SPLINE_CURVE_WITH_KNOTS((1,2
    ,2,2,2,1),(-2.094395102393,0.,2.094395102393,4.188790204786,
6.28318530718,8.377580409573),.UNSPECIFIED.) CURVE() 
GEOMETRIC_REPRESENTATION_ITEM() RATIONAL_B_SPLINE_CURVE((1.,0.5,1.,0.5,
1.,0.5,1.)) REPRESENTATION_ITEM('') );
#4980 = CARTESIAN_POINT('',(67.,0.));
#4981 = CARTESIAN_POINT('',(54.875644347018,0.));
#4982 = CARTESIAN_POINT('',(60.937822173509,10.5));
#4983 = CARTESIAN_POINT('',(67.,21.));
#4984 = CARTESIAN_POINT('',(73.062177826491,10.5));
#4985 = CARTESIAN_POINT('',(79.124355652982,1.06581410364E-14));
#4986 = CARTESIAN_POINT('',(67.,0.));
#4987 = ( GEOMETRIC_REPRESENTATION_CONTEXT(2) 
PARAMETRIC_REPRESENTATION_CONTEXT() REPRESENTATION_CONTEXT('2D SPACE',''
  ) );
#4988 = PCURVE('',#4163,#4989);
#4989 = DEFINITIONAL_REPRESENTATION('',(#4990),#4994);
#4990 = LINE('',#4991,#4992);
#4991 = CARTESIAN_POINT('',(4.712388980385,-0.));
#4992 = VECTOR('',#4993,1.);
#4993 = DIRECTION('',(-1.,0.));
#4994 = ( GEOMETRIC_REPRESENTATION_CONTEXT(2) 
PARAMETRIC_REPRESENTATION_CONTEXT() REPRESENTATION_CONTEXT('2D SPACE',''
  ) );
#4995 = ORIENTED_EDGE('',*,*,#4996,.T.);
#4996 = EDGE_CURVE('',#4969,#4997,#4999,.T.);
#4997 = VERTEX_POINT('',#4998);
#4998 = CARTESIAN_POINT('',(37.,26.,18.));
#4999 = SURFACE_CURVE('',#5000,(#5004,#5011),.PCURVE_S1.);
#5000 = LINE('',#5001,#5002);
#5001 = CARTESIAN_POINT('',(37.,-33.,18.));
#5002 = VECTOR('',#5003,1.);
#5003 = DIRECTION('',(0.,1.,0.));
#5004 = PCURVE('',#4048,#5005);
#5005 = DEFINITIONAL_REPRESENTATION('',(#5006),#5010);
#5006 = LINE('',#5007,#5008);
#5007 = CARTESIAN_POINT('',(74.,0.));
#5008 = VECTOR('',#5009,1.);
#5009 = DIRECTION('',(0.,1.));
#5010 = ( GEOMETRIC_REPRESENTATION_CONTEXT(2) 
PARAMETRIC_REPRESENTATION_CONTEXT() REPRESENTATION_CONTEXT('2D SPACE',''
  ) );
#5011 = PCURVE('',#4191,#5012);
#5012 = DEFINITIONAL_REPRESENTATION('',(#5013),#5017);
#5013 = LINE('',#5014,#5015);
#5014 = CARTESIAN_POINT('',(0.,0.));
#5015 = VECTOR('',#5016,1.);
#5016 = DIRECTION('',(0.,-1.));
#5017 = ( GEOMETRIC_REPRESENTATION_CONTEXT(2) 
PARAMETRIC_REPRESENTATION_CONTEXT() REPRESENTATION_CONTEXT('2D SPACE',''
  ) );
#5018 = ORIENTED_EDGE('',*,*,#5019,.T.);
#5019 = EDGE_CURVE('',#4997,#5020,#5022,.T.);
#5020 = VERTEX_POINT('',#5021);
#5021 = CARTESIAN_POINT('',(30.,33.,18.));
#5022 = SURFACE_CURVE('',#5023,(#5028,#5035),.PCURVE_S1.);
#5023 = CIRCLE('',#5024,7.);
#5024 = AXIS2_PLACEMENT_3D('',#5025,#5026,#5027);
#5025 = CARTESIAN_POINT('',(30.,26.,18.));
#5026 = DIRECTION('',(0.,0.,1.));
#5027 = DIRECTION('',(0.,-1.,0.));
#5028 = PCURVE('',#4048,#5029);
#5029 = DEFINITIONAL_REPRESENTATION('',(#5030),#5034);
#5030 = CIRCLE('',#5031,7.);
#5031 = AXIS2_PLACEMENT_2D('',#5032,#5033);
#5032 = CARTESIAN_POINT('',(67.,59.));
#5033 = DIRECTION('',(0.,-1.));
#5034 = ( GEOMETRIC_REPRESENTATION_CONTEXT(2) 
PARAMETRIC_REPRESENTATION_CONTEXT() REPRESENTATION_CONTEXT('2D SPACE',''
  ) );
#5035 = PCURVE('',#4220,#5036);
#5036 = DEFINITIONAL_REPRESENTATION('',(#5037),#5041);
#5037 = LINE('',#5038,#5039);
#5038 = CARTESIAN_POINT('',(-1.570796326795,0.));
#5039 = VECTOR('',#5040,1.);
#5040 = DIRECTION('',(1.,0.));
#5041 = ( GEOMETRIC_REPRESENTATION_CONTEXT(2) 
PARAMETRIC_REPRESENTATION_CONTEXT() REPRESENTATION_CONTEXT('2D SPACE',''
  ) );
#5042 = ORIENTED_EDGE('',*,*,#5043,.F.);
#5043 = EDGE_CURVE('',#4890,#5020,#5044,.T.);
#5044 = SURFACE_CURVE('',#5045,(#5049,#5056),.PCURVE_S1.);
#5045 = LINE('',#5046,#5047);
#5046 = CARTESIAN_POINT('',(-37.,33.,18.));
#5047 = VECTOR('',#5048,1.);
#5048 = DIRECTION('',(1.,0.,0.));
#5049 = PCURVE('',#4048,#5050);
#5050 = DEFINITIONAL_REPRESENTATION('',(#5051),#5055);
#5051 = LINE('',#5052,#5053);
#5052 = CARTESIAN_POINT('',(0.,66.));
#5053 = VECTOR('',#5054,1.);
#5054 = DIRECTION('',(1.,0.));
#5055 = ( GEOMETRIC_REPRESENTATION_CONTEXT(2) 
PARAMETRIC_REPRESENTATION_CONTEXT() REPRESENTATION_CONTEXT('2D SPACE',''
  ) );
#5056 = PCURVE('',#4248,#5057);
#5057 = DEFINITIONAL_REPRESENTATION('',(#5058),#5062);
#5058 = LINE('',#5059,#5060);
#5059 = CARTESIAN_POINT('',(0.,0.));
#5060 = VECTOR('',#5061,1.);
#5061 = DIRECTION('',(0.,1.));
#5062 = ( GEOMETRIC_REPRESENTATION_CONTEXT(2) 
PARAMETRIC_REPRESENTATION_CONTEXT() REPRESENTATION_CONTEXT('2D SPACE',''
  ) );
#5063 = ORIENTED_EDGE('',*,*,#4889,.F.);
#5064 = FACE_BOUND('',#5065,.F.);
#5065 = EDGE_LOOP('',(#5066));
#5066 = ORIENTED_EDGE('',*,*,#5067,.F.);
#5067 = EDGE_CURVE('',#5068,#5068,#5070,.T.);
#5068 = VERTEX_POINT('',#5069);
#5069 = CARTESIAN_POINT('',(-24.7,-24.5,18.));
#5070 = SURFACE_CURVE('',#5071,(#5076,#5083),.PCURVE_S1.);
#5071 = CIRCLE('',#5072,4.3);
#5072 = AXIS2_PLACEMENT_3D('',#5073,#5074,#5075);
#5073 = CARTESIAN_POINT('',(-29.,-24.5,18.));
#5074 = DIRECTION('',(0.,0.,1.));
#5075 = DIRECTION('',(1.,0.,0.));
#5076 = PCURVE('',#4048,#5077);
#5077 = DEFINITIONAL_REPRESENTATION('',(#5078),#5082);
#5078 = CIRCLE('',#5079,4.3);
#5079 = AXIS2_PLACEMENT_2D('',#5080,#5081);
#5080 = CARTESIAN_POINT('',(8.,8.5));
#5081 = DIRECTION('',(1.,0.));
#5082 = ( GEOMETRIC_REPRESENTATION_CONTEXT(2) 
PARAMETRIC_REPRESENTATION_CONTEXT() REPRESENTATION_CONTEXT('2D SPACE',''
  ) );
#5083 = PCURVE('',#4824,#5084);
#5084 = DEFINITIONAL_REPRESENTATION('',(#5085),#5089);
#5085 = LINE('',#5086,#5087);
#5086 = CARTESIAN_POINT('',(-0.,0.));
#5087 = VECTOR('',#5088,1.);
#5088 = DIRECTION('',(-1.,0.));
#5089 = ( GEOMETRIC_REPRESENTATION_CONTEXT(2) 
PARAMETRIC_REPRESENTATION_CONTEXT() REPRESENTATION_CONTEXT('2D SPACE',''
  ) );
#5090 = FACE_BOUND('',#5091,.F.);
#5091 = EDGE_LOOP('',(#5092));
#5092 = ORIENTED_EDGE('',*,*,#5093,.F.);
#5093 = EDGE_CURVE('',#5094,#5094,#5096,.T.);
#5094 = VERTEX_POINT('',#5095);
#5095 = CARTESIAN_POINT('',(33.3,-24.5,18.));
#5096 = SURFACE_CURVE('',#5097,(#5102,#5109),.PCURVE_S1.);
#5097 = CIRCLE('',#5098,4.3);
#5098 = AXIS2_PLACEMENT_3D('',#5099,#5100,#5101);
#5099 = CARTESIAN_POINT('',(29.,-24.5,18.));
#5100 = DIRECTION('',(0.,0.,1.));
#5101 = DIRECTION('',(1.,0.,0.));
#5102 = PCURVE('',#4048,#5103);
#5103 = DEFINITIONAL_REPRESENTATION('',(#5104),#5108);
#5104 = CIRCLE('',#5105,4.3);
#5105 = AXIS2_PLACEMENT_2D('',#5106,#5107);
#5106 = CARTESIAN_POINT('',(66.,8.5));
#5107 = DIRECTION('',(1.,0.));
#5108 = ( GEOMETRIC_REPRESENTATION_CONTEXT(2) 
PARAMETRIC_REPRESENTATION_CONTEXT() REPRESENTATION_CONTEXT('2D SPACE',''
  ) );
#5109 = PCURVE('',#4675,#5110);
#5110 = DEFINITIONAL_REPRESENTATION('',(#5111),#5115);
#5111 = LINE('',#5112,#5113);
#5112 = CARTESIAN_POINT('',(-0.,0.));
#5113 = VECTOR('',#5114,1.);
#5114 = DIRECTION('',(-1.,0.));
#5115 = ( GEOMETRIC_REPRESENTATION_CONTEXT(2) 
PARAMETRIC_REPRESENTATION_CONTEXT() REPRESENTATION_CONTEXT('2D SPACE',''
  ) );
#5116 = FACE_BOUND('',#5117,.F.);
#5117 = EDGE_LOOP('',(#5118,#5153,#5181,#5214));
#5118 = ORIENTED_EDGE('',*,*,#5119,.T.);
#5119 = EDGE_CURVE('',#5120,#5122,#5124,.T.);
#5120 = VERTEX_POINT('',#5121);
#5121 = CARTESIAN_POINT('',(-21.5,-6.,18.));
#5122 = VERTEX_POINT('',#5123);
#5123 = CARTESIAN_POINT('',(-24.5,-6.,18.));
#5124 = SURFACE_CURVE('',#5125,(#5130,#5141),.PCURVE_S1.);
#5125 = CIRCLE('',#5126,1.5);
#5126 = AXIS2_PLACEMENT_3D('',#5127,#5128,#5129);
#5127 = CARTESIAN_POINT('',(-23.,-6.,18.));
#5128 = DIRECTION('',(0.,-0.,-1.));
#5129 = DIRECTION('',(1.,-1.110223024625E-16,0.));
#5130 = PCURVE('',#4048,#5131);
#5131 = DEFINITIONAL_REPRESENTATION('',(#5132),#5140);
#5132 = ( BOUNDED_CURVE() B_SPLINE_CURVE(2,(#5133,#5134,#5135,#5136,
#5137,#5138,#5139),.UNSPECIFIED.,.T.,.F.) B_SPLINE_CURVE_WITH_KNOTS((1,2
    ,2,2,2,1),(-2.094395102393,0.,2.094395102393,4.188790204786,
6.28318530718,8.377580409573),.UNSPECIFIED.) CURVE() 
GEOMETRIC_REPRESENTATION_ITEM() RATIONAL_B_SPLINE_CURVE((1.,0.5,1.,0.5,
1.,0.5,1.)) REPRESENTATION_ITEM('') );
#5133 = CARTESIAN_POINT('',(15.5,27.));
#5134 = CARTESIAN_POINT('',(15.5,24.401923788647));
#5135 = CARTESIAN_POINT('',(13.25,25.700961894323));
#5136 = CARTESIAN_POINT('',(11.,27.));
#5137 = CARTESIAN_POINT('',(13.25,28.299038105677));
#5138 = CARTESIAN_POINT('',(15.5,29.598076211353));
#5139 = CARTESIAN_POINT('',(15.5,27.));
#5140 = ( GEOMETRIC_REPRESENTATION_CONTEXT(2) 
PARAMETRIC_REPRESENTATION_CONTEXT() REPRESENTATION_CONTEXT('2D SPACE',''
  ) );
#5141 = PCURVE('',#5142,#5147);
#5142 = CYLINDRICAL_SURFACE('',#5143,1.5);
#5143 = AXIS2_PLACEMENT_3D('',#5144,#5145,#5146);
#5144 = CARTESIAN_POINT('',(-23.,-6.,18.));
#5145 = DIRECTION('',(0.,-0.,-1.));
#5146 = DIRECTION('',(1.,-1.110223024625E-16,0.));
#5147 = DEFINITIONAL_REPRESENTATION('',(#5148),#5152);
#5148 = LINE('',#5149,#5150);
#5149 = CARTESIAN_POINT('',(0.,0.));
#5150 = VECTOR('',#5151,1.);
#5151 = DIRECTION('',(1.,0.));
#5152 = ( GEOMETRIC_REPRESENTATION_CONTEXT(2) 
PARAMETRIC_REPRESENTATION_CONTEXT() REPRESENTATION_CONTEXT('2D SPACE',''
  ) );
#5153 = ORIENTED_EDGE('',*,*,#5154,.T.);
#5154 = EDGE_CURVE('',#5122,#5155,#5157,.T.);
#5155 = VERTEX_POINT('',#5156);
#5156 = CARTESIAN_POINT('',(-24.5,6.,18.));
#5157 = SURFACE_CURVE('',#5158,(#5162,#5169),.PCURVE_S1.);
#5158 = LINE('',#5159,#5160);
#5159 = CARTESIAN_POINT('',(-24.5,-6.,18.));
#5160 = VECTOR('',#5161,1.);
#5161 = DIRECTION('',(1.110223024625E-16,1.,0.));
#5162 = PCURVE('',#4048,#5163);
#5163 = DEFINITIONAL_REPRESENTATION('',(#5164),#5168);
#5164 = LINE('',#5165,#5166);
#5165 = CARTESIAN_POINT('',(12.5,27.));
#5166 = VECTOR('',#5167,1.);
#5167 = DIRECTION('',(1.110223024625E-16,1.));
#5168 = ( GEOMETRIC_REPRESENTATION_CONTEXT(2) 
PARAMETRIC_REPRESENTATION_CONTEXT() REPRESENTATION_CONTEXT('2D SPACE',''
  ) );
#5169 = PCURVE('',#5170,#5175);
#5170 = PLANE('',#5171);
#5171 = AXIS2_PLACEMENT_3D('',#5172,#5173,#5174);
#5172 = CARTESIAN_POINT('',(-24.5,-6.,18.));
#5173 = DIRECTION('',(-1.,1.110223024625E-16,0.));
#5174 = DIRECTION('',(1.110223024625E-16,1.,0.));
#5175 = DEFINITIONAL_REPRESENTATION('',(#5176),#5180);
#5176 = LINE('',#5177,#5178);
#5177 = CARTESIAN_POINT('',(0.,0.));
#5178 = VECTOR('',#5179,1.);
#5179 = DIRECTION('',(1.,0.));
#5180 = ( GEOMETRIC_REPRESENTATION_CONTEXT(2) 
PARAMETRIC_REPRESENTATION_CONTEXT() REPRESENTATION_CONTEXT('2D SPACE',''
  ) );
#5181 = ORIENTED_EDGE('',*,*,#5182,.T.);
#5182 = EDGE_CURVE('',#5155,#5183,#5185,.T.);
#5183 = VERTEX_POINT('',#5184);
#5184 = CARTESIAN_POINT('',(-21.5,6.,18.));
#5185 = SURFACE_CURVE('',#5186,(#5191,#5202),.PCURVE_S1.);
#5186 = CIRCLE('',#5187,1.5);
#5187 = AXIS2_PLACEMENT_3D('',#5188,#5189,#5190);
#5188 = CARTESIAN_POINT('',(-23.,6.,18.));
#5189 = DIRECTION('',(0.,0.,-1.));
#5190 = DIRECTION('',(-1.,1.110223024625E-16,0.));
#5191 = PCURVE('',#4048,#5192);
#5192 = DEFINITIONAL_REPRESENTATION('',(#5193),#5201);
#5193 = ( BOUNDED_CURVE() B_SPLINE_CURVE(2,(#5194,#5195,#5196,#5197,
#5198,#5199,#5200),.UNSPECIFIED.,.T.,.F.) B_SPLINE_CURVE_WITH_KNOTS((1,2
    ,2,2,2,1),(-2.094395102393,0.,2.094395102393,4.188790204786,
6.28318530718,8.377580409573),.UNSPECIFIED.) CURVE() 
GEOMETRIC_REPRESENTATION_ITEM() RATIONAL_B_SPLINE_CURVE((1.,0.5,1.,0.5,
1.,0.5,1.)) REPRESENTATION_ITEM('') );
#5194 = CARTESIAN_POINT('',(12.5,39.));
#5195 = CARTESIAN_POINT('',(12.5,41.598076211353));
#5196 = CARTESIAN_POINT('',(14.75,40.299038105677));
#5197 = CARTESIAN_POINT('',(17.,39.));
#5198 = CARTESIAN_POINT('',(14.75,37.700961894323));
#5199 = CARTESIAN_POINT('',(12.5,36.401923788647));
#5200 = CARTESIAN_POINT('',(12.5,39.));
#5201 = ( GEOMETRIC_REPRESENTATION_CONTEXT(2) 
PARAMETRIC_REPRESENTATION_CONTEXT() REPRESENTATION_CONTEXT('2D SPACE',''
  ) );
#5202 = PCURVE('',#5203,#5208);
#5203 = CYLINDRICAL_SURFACE('',#5204,1.5);
#5204 = AXIS2_PLACEMENT_3D('',#5205,#5206,#5207);
#5205 = CARTESIAN_POINT('',(-23.,6.,18.));
#5206 = DIRECTION('',(0.,0.,-1.));
#5207 = DIRECTION('',(-1.,1.110223024625E-16,0.));
#5208 = DEFINITIONAL_REPRESENTATION('',(#5209),#5213);
#5209 = LINE('',#5210,#5211);
#5210 = CARTESIAN_POINT('',(0.,0.));
#5211 = VECTOR('',#5212,1.);
#5212 = DIRECTION('',(1.,0.));
#5213 = ( GEOMETRIC_REPRESENTATION_CONTEXT(2) 
PARAMETRIC_REPRESENTATION_CONTEXT() REPRESENTATION_CONTEXT('2D SPACE',''
  ) );
#5214 = ORIENTED_EDGE('',*,*,#5215,.T.);
#5215 = EDGE_CURVE('',#5183,#5120,#5216,.T.);
#5216 = SURFACE_CURVE('',#5217,(#5221,#5228),.PCURVE_S1.);
#5217 = LINE('',#5218,#5219);
#5218 = CARTESIAN_POINT('',(-21.5,6.,18.));
#5219 = VECTOR('',#5220,1.);
#5220 = DIRECTION('',(-1.110223024625E-16,-1.,0.));
#5221 = PCURVE('',#4048,#5222);
#5222 = DEFINITIONAL_REPRESENTATION('',(#5223),#5227);
#5223 = LINE('',#5224,#5225);
#5224 = CARTESIAN_POINT('',(15.5,39.));
#5225 = VECTOR('',#5226,1.);
#5226 = DIRECTION('',(-1.110223024625E-16,-1.));
#5227 = ( GEOMETRIC_REPRESENTATION_CONTEXT(2) 
PARAMETRIC_REPRESENTATION_CONTEXT() REPRESENTATION_CONTEXT('2D SPACE',''
  ) );
#5228 = PCURVE('',#5229,#5234);
#5229 = PLANE('',#5230);
#5230 = AXIS2_PLACEMENT_3D('',#5231,#5232,#5233);
#5231 = CARTESIAN_POINT('',(-21.5,6.,18.));
#5232 = DIRECTION('',(1.,-1.110223024625E-16,0.));
#5233 = DIRECTION('',(-1.110223024625E-16,-1.,0.));
#5234 = DEFINITIONAL_REPRESENTATION('',(#5235),#5239);
#5235 = LINE('',#5236,#5237);
#5236 = CARTESIAN_POINT('',(0.,0.));
#5237 = VECTOR('',#5238,1.);
#5238 = DIRECTION('',(1.,0.));
#5239 = ( GEOMETRIC_REPRESENTATION_CONTEXT(2) 
PARAMETRIC_REPRESENTATION_CONTEXT() REPRESENTATION_CONTEXT('2D SPACE',''
  ) );
#5240 = FACE_BOUND('',#5241,.F.);
#5241 = EDGE_LOOP('',(#5242));
#5242 = ORIENTED_EDGE('',*,*,#5243,.F.);
#5243 = EDGE_CURVE('',#5244,#5244,#5246,.T.);
#5244 = VERTEX_POINT('',#5245);
#5245 = CARTESIAN_POINT('',(-24.7,24.5,18.));
#5246 = SURFACE_CURVE('',#5247,(#5252,#5259),.PCURVE_S1.);
#5247 = CIRCLE('',#5248,4.3);
#5248 = AXIS2_PLACEMENT_3D('',#5249,#5250,#5251);
#5249 = CARTESIAN_POINT('',(-29.,24.5,18.));
#5250 = DIRECTION('',(0.,0.,1.));
#5251 = DIRECTION('',(1.,0.,0.));
#5252 = PCURVE('',#4048,#5253);
#5253 = DEFINITIONAL_REPRESENTATION('',(#5254),#5258);
#5254 = CIRCLE('',#5255,4.3);
#5255 = AXIS2_PLACEMENT_2D('',#5256,#5257);
#5256 = CARTESIAN_POINT('',(8.,57.5));
#5257 = DIRECTION('',(1.,0.));
#5258 = ( GEOMETRIC_REPRESENTATION_CONTEXT(2) 
PARAMETRIC_REPRESENTATION_CONTEXT() REPRESENTATION_CONTEXT('2D SPACE',''
  ) );
#5259 = PCURVE('',#4401,#5260);
#5260 = DEFINITIONAL_REPRESENTATION('',(#5261),#5265);
#5261 = LINE('',#5262,#5263);
#5262 = CARTESIAN_POINT('',(-0.,0.));
#5263 = VECTOR('',#5264,1.);
#5264 = DIRECTION('',(-1.,0.));
#5265 = ( GEOMETRIC_REPRESENTATION_CONTEXT(2) 
PARAMETRIC_REPRESENTATION_CONTEXT() REPRESENTATION_CONTEXT('2D SPACE',''
  ) );
#5266 = FACE_BOUND('',#5267,.F.);
#5267 = EDGE_LOOP('',(#5268,#5303,#5331,#5364));
#5268 = ORIENTED_EDGE('',*,*,#5269,.T.);
#5269 = EDGE_CURVE('',#5270,#5272,#5274,.T.);
#5270 = VERTEX_POINT('',#5271);
#5271 = CARTESIAN_POINT('',(-4.5,-5.5,18.));
#5272 = VERTEX_POINT('',#5273);
#5273 = CARTESIAN_POINT('',(-4.5,5.5,18.));
#5274 = SURFACE_CURVE('',#5275,(#5280,#5291),.PCURVE_S1.);
#5275 = CIRCLE('',#5276,5.5);
#5276 = AXIS2_PLACEMENT_3D('',#5277,#5278,#5279);
#5277 = CARTESIAN_POINT('',(-4.5,0.,18.));
#5278 = DIRECTION('',(0.,0.,-1.));
#5279 = DIRECTION('',(0.,-1.,0.));
#5280 = PCURVE('',#4048,#5281);
#5281 = DEFINITIONAL_REPRESENTATION('',(#5282),#5290);
#5282 = ( BOUNDED_CURVE() B_SPLINE_CURVE(2,(#5283,#5284,#5285,#5286,
#5287,#5288,#5289),.UNSPECIFIED.,.T.,.F.) B_SPLINE_CURVE_WITH_KNOTS((1,2
    ,2,2,2,1),(-2.094395102393,0.,2.094395102393,4.188790204786,
6.28318530718,8.377580409573),.UNSPECIFIED.) CURVE() 
GEOMETRIC_REPRESENTATION_ITEM() RATIONAL_B_SPLINE_CURVE((1.,0.5,1.,0.5,
1.,0.5,1.)) REPRESENTATION_ITEM('') );
#5283 = CARTESIAN_POINT('',(32.5,27.5));
#5284 = CARTESIAN_POINT('',(22.973720558371,27.5));
#5285 = CARTESIAN_POINT('',(27.736860279186,35.75));
#5286 = CARTESIAN_POINT('',(32.5,44.));
#5287 = CARTESIAN_POINT('',(37.263139720814,35.75));
#5288 = CARTESIAN_POINT('',(42.026279441629,27.5));
#5289 = CARTESIAN_POINT('',(32.5,27.5));
#5290 = ( GEOMETRIC_REPRESENTATION_CONTEXT(2) 
PARAMETRIC_REPRESENTATION_CONTEXT() REPRESENTATION_CONTEXT('2D SPACE',''
  ) );
#5291 = PCURVE('',#5292,#5297);
#5292 = CYLINDRICAL_SURFACE('',#5293,5.5);
#5293 = AXIS2_PLACEMENT_3D('',#5294,#5295,#5296);
#5294 = CARTESIAN_POINT('',(-4.5,0.,18.));
#5295 = DIRECTION('',(0.,0.,-1.));
#5296 = DIRECTION('',(0.,-1.,0.));
#5297 = DEFINITIONAL_REPRESENTATION('',(#5298),#5302);
#5298 = LINE('',#5299,#5300);
#5299 = CARTESIAN_POINT('',(0.,0.));
#5300 = VECTOR('',#5301,1.);
#5301 = DIRECTION('',(1.,0.));
#5302 = ( GEOMETRIC_REPRESENTATION_CONTEXT(2) 
PARAMETRIC_REPRESENTATION_CONTEXT() REPRESENTATION_CONTEXT('2D SPACE',''
  ) );
#5303 = ORIENTED_EDGE('',*,*,#5304,.T.);
#5304 = EDGE_CURVE('',#5272,#5305,#5307,.T.);
#5305 = VERTEX_POINT('',#5306);
#5306 = CARTESIAN_POINT('',(4.5,5.5,18.));
#5307 = SURFACE_CURVE('',#5308,(#5312,#5319),.PCURVE_S1.);
#5308 = LINE('',#5309,#5310);
#5309 = CARTESIAN_POINT('',(-4.5,5.5,18.));
#5310 = VECTOR('',#5311,1.);
#5311 = DIRECTION('',(1.,0.,0.));
#5312 = PCURVE('',#4048,#5313);
#5313 = DEFINITIONAL_REPRESENTATION('',(#5314),#5318);
#5314 = LINE('',#5315,#5316);
#5315 = CARTESIAN_POINT('',(32.5,38.5));
#5316 = VECTOR('',#5317,1.);
#5317 = DIRECTION('',(1.,0.));
#5318 = ( GEOMETRIC_REPRESENTATION_CONTEXT(2) 
PARAMETRIC_REPRESENTATION_CONTEXT() REPRESENTATION_CONTEXT('2D SPACE',''
  ) );
#5319 = PCURVE('',#5320,#5325);
#5320 = PLANE('',#5321);
#5321 = AXIS2_PLACEMENT_3D('',#5322,#5323,#5324);
#5322 = CARTESIAN_POINT('',(-4.5,5.5,18.));
#5323 = DIRECTION('',(0.,1.,0.));
#5324 = DIRECTION('',(1.,0.,0.));
#5325 = DEFINITIONAL_REPRESENTATION('',(#5326),#5330);
#5326 = LINE('',#5327,#5328);
#5327 = CARTESIAN_POINT('',(0.,0.));
#5328 = VECTOR('',#5329,1.);
#5329 = DIRECTION('',(1.,0.));
#5330 = ( GEOMETRIC_REPRESENTATION_CONTEXT(2) 
PARAMETRIC_REPRESENTATION_CONTEXT() REPRESENTATION_CONTEXT('2D SPACE',''
  ) );
#5331 = ORIENTED_EDGE('',*,*,#5332,.T.);
#5332 = EDGE_CURVE('',#5305,#5333,#5335,.T.);
#5333 = VERTEX_POINT('',#5334);
#5334 = CARTESIAN_POINT('',(4.5,-5.5,18.));
#5335 = SURFACE_CURVE('',#5336,(#5341,#5352),.PCURVE_S1.);
#5336 = CIRCLE('',#5337,5.5);
#5337 = AXIS2_PLACEMENT_3D('',#5338,#5339,#5340);
#5338 = CARTESIAN_POINT('',(4.5,0.,18.));
#5339 = DIRECTION('',(0.,0.,-1.));
#5340 = DIRECTION('',(0.,1.,0.));
#5341 = PCURVE('',#4048,#5342);
#5342 = DEFINITIONAL_REPRESENTATION('',(#5343),#5351);
#5343 = ( BOUNDED_CURVE() B_SPLINE_CURVE(2,(#5344,#5345,#5346,#5347,
#5348,#5349,#5350),.UNSPECIFIED.,.T.,.F.) B_SPLINE_CURVE_WITH_KNOTS((1,2
    ,2,2,2,1),(-2.094395102393,0.,2.094395102393,4.188790204786,
6.28318530718,8.377580409573),.UNSPECIFIED.) CURVE() 
GEOMETRIC_REPRESENTATION_ITEM() RATIONAL_B_SPLINE_CURVE((1.,0.5,1.,0.5,
1.,0.5,1.)) REPRESENTATION_ITEM('') );
#5344 = CARTESIAN_POINT('',(41.5,38.5));
#5345 = CARTESIAN_POINT('',(51.026279441629,38.5));
#5346 = CARTESIAN_POINT('',(46.263139720814,30.25));
#5347 = CARTESIAN_POINT('',(41.5,22.));
#5348 = CARTESIAN_POINT('',(36.736860279186,30.25));
#5349 = CARTESIAN_POINT('',(31.973720558371,38.5));
#5350 = CARTESIAN_POINT('',(41.5,38.5));
#5351 = ( GEOMETRIC_REPRESENTATION_CONTEXT(2) 
PARAMETRIC_REPRESENTATION_CONTEXT() REPRESENTATION_CONTEXT('2D SPACE',''
  ) );
#5352 = PCURVE('',#5353,#5358);
#5353 = CYLINDRICAL_SURFACE('',#5354,5.5);
#5354 = AXIS2_PLACEMENT_3D('',#5355,#5356,#5357);
#5355 = CARTESIAN_POINT('',(4.5,0.,18.));
#5356 = DIRECTION('',(0.,0.,-1.));
#5357 = DIRECTION('',(0.,1.,0.));
#5358 = DEFINITIONAL_REPRESENTATION('',(#5359),#5363);
#5359 = LINE('',#5360,#5361);
#5360 = CARTESIAN_POINT('',(0.,0.));
#5361 = VECTOR('',#5362,1.);
#5362 = DIRECTION('',(1.,0.));
#5363 = ( GEOMETRIC_REPRESENTATION_CONTEXT(2) 
PARAMETRIC_REPRESENTATION_CONTEXT() REPRESENTATION_CONTEXT('2D SPACE',''
  ) );
#5364 = ORIENTED_EDGE('',*,*,#5365,.T.);
#5365 = EDGE_CURVE('',#5333,#5270,#5366,.T.);
#5366 = SURFACE_CURVE('',#5367,(#5371,#5378),.PCURVE_S1.);
#5367 = LINE('',#5368,#5369);
#5368 = CARTESIAN_POINT('',(4.5,-5.5,18.));
#5369 = VECTOR('',#5370,1.);
#5370 = DIRECTION('',(-1.,0.,0.));
#5371 = PCURVE('',#4048,#5372);
#5372 = DEFINITIONAL_REPRESENTATION('',(#5373),#5377);
#5373 = LINE('',#5374,#5375);
#5374 = CARTESIAN_POINT('',(41.5,27.5));
#5375 = VECTOR('',#5376,1.);
#5376 = DIRECTION('',(-1.,0.));
#5377 = ( GEOMETRIC_REPRESENTATION_CONTEXT(2) 
PARAMETRIC_REPRESENTATION_CONTEXT() REPRESENTATION_CONTEXT('2D SPACE',''
  ) );
#5378 = PCURVE('',#5379,#5384);
#5379 = PLANE('',#5380);
#5380 = AXIS2_PLACEMENT_3D('',#5381,#5382,#5383);
#5381 = CARTESIAN_POINT('',(4.5,-5.5,18.));
#5382 = DIRECTION('',(0.,-1.,0.));
#5383 = DIRECTION('',(-1.,0.,0.));
#5384 = DEFINITIONAL_REPRESENTATION('',(#5385),#5389);
#5385 = LINE('',#5386,#5387);
#5386 = CARTESIAN_POINT('',(0.,-0.));
#5387 = VECTOR('',#5388,1.);
#5388 = DIRECTION('',(1.,0.));
#5389 = ( GEOMETRIC_REPRESENTATION_CONTEXT(2) 
PARAMETRIC_REPRESENTATION_CONTEXT() REPRESENTATION_CONTEXT('2D SPACE',''
  ) );
#5390 = FACE_BOUND('',#5391,.F.);
#5391 = EDGE_LOOP('',(#5392,#5427,#5455,#5488));
#5392 = ORIENTED_EDGE('',*,*,#5393,.T.);
#5393 = EDGE_CURVE('',#5394,#5396,#5398,.T.);
#5394 = VERTEX_POINT('',#5395);
#5395 = CARTESIAN_POINT('',(24.5,-6.,18.));
#5396 = VERTEX_POINT('',#5397);
#5397 = CARTESIAN_POINT('',(21.5,-6.,18.));
#5398 = SURFACE_CURVE('',#5399,(#5404,#5415),.PCURVE_S1.);
#5399 = CIRCLE('',#5400,1.5);
#5400 = AXIS2_PLACEMENT_3D('',#5401,#5402,#5403);
#5401 = CARTESIAN_POINT('',(23.,-6.,18.));
#5402 = DIRECTION('',(0.,-0.,-1.));
#5403 = DIRECTION('',(1.,-1.110223024625E-16,0.));
#5404 = PCURVE('',#4048,#5405);
#5405 = DEFINITIONAL_REPRESENTATION('',(#5406),#5414);
#5406 = ( BOUNDED_CURVE() B_SPLINE_CURVE(2,(#5407,#5408,#5409,#5410,
#5411,#5412,#5413),.UNSPECIFIED.,.T.,.F.) B_SPLINE_CURVE_WITH_KNOTS((1,2
    ,2,2,2,1),(-2.094395102393,0.,2.094395102393,4.188790204786,
6.28318530718,8.377580409573),.UNSPECIFIED.) CURVE() 
GEOMETRIC_REPRESENTATION_ITEM() RATIONAL_B_SPLINE_CURVE((1.,0.5,1.,0.5,
1.,0.5,1.)) REPRESENTATION_ITEM('') );
#5407 = CARTESIAN_POINT('',(61.5,27.));
#5408 = CARTESIAN_POINT('',(61.5,24.401923788647));
#5409 = CARTESIAN_POINT('',(59.25,25.700961894323));
#5410 = CARTESIAN_POINT('',(57.,27.));
#5411 = CARTESIAN_POINT('',(59.25,28.299038105677));
#5412 = CARTESIAN_POINT('',(61.5,29.598076211353));
#5413 = CARTESIAN_POINT('',(61.5,27.));
#5414 = ( GEOMETRIC_REPRESENTATION_CONTEXT(2) 
PARAMETRIC_REPRESENTATION_CONTEXT() REPRESENTATION_CONTEXT('2D SPACE',''
  ) );
#5415 = PCURVE('',#5416,#5421);
#5416 = CYLINDRICAL_SURFACE('',#5417,1.5);
#5417 = AXIS2_PLACEMENT_3D('',#5418,#5419,#5420);
#5418 = CARTESIAN_POINT('',(23.,-6.,18.));
#5419 = DIRECTION('',(0.,-0.,-1.));
#5420 = DIRECTION('',(1.,-1.110223024625E-16,0.));
#5421 = DEFINITIONAL_REPRESENTATION('',(#5422),#5426);
#5422 = LINE('',#5423,#5424);
#5423 = CARTESIAN_POINT('',(0.,0.));
#5424 = VECTOR('',#5425,1.);
#5425 = DIRECTION('',(1.,0.));
#5426 = ( GEOMETRIC_REPRESENTATION_CONTEXT(2) 
PARAMETRIC_REPRESENTATION_CONTEXT() REPRESENTATION_CONTEXT('2D SPACE',''
  ) );
#5427 = ORIENTED_EDGE('',*,*,#5428,.T.);
#5428 = EDGE_CURVE('',#5396,#5429,#5431,.T.);
#5429 = VERTEX_POINT('',#5430);
#5430 = CARTESIAN_POINT('',(21.5,6.,18.));
#5431 = SURFACE_CURVE('',#5432,(#5436,#5443),.PCURVE_S1.);
#5432 = LINE('',#5433,#5434);
#5433 = CARTESIAN_POINT('',(21.5,-6.,18.));
#5434 = VECTOR('',#5435,1.);
#5435 = DIRECTION('',(1.110223024625E-16,1.,0.));
#5436 = PCURVE('',#4048,#5437);
#5437 = DEFINITIONAL_REPRESENTATION('',(#5438),#5442);
#5438 = LINE('',#5439,#5440);
#5439 = CARTESIAN_POINT('',(58.5,27.));
#5440 = VECTOR('',#5441,1.);
#5441 = DIRECTION('',(1.110223024625E-16,1.));
#5442 = ( GEOMETRIC_REPRESENTATION_CONTEXT(2) 
PARAMETRIC_REPRESENTATION_CONTEXT() REPRESENTATION_CONTEXT('2D SPACE',''
  ) );
#5443 = PCURVE('',#5444,#5449);
#5444 = PLANE('',#5445);
#5445 = AXIS2_PLACEMENT_3D('',#5446,#5447,#5448);
#5446 = CARTESIAN_POINT('',(21.5,-6.,18.));
#5447 = DIRECTION('',(-1.,1.110223024625E-16,0.));
#5448 = DIRECTION('',(1.110223024625E-16,1.,0.));
#5449 = DEFINITIONAL_REPRESENTATION('',(#5450),#5454);
#5450 = LINE('',#5451,#5452);
#5451 = CARTESIAN_POINT('',(0.,0.));
#5452 = VECTOR('',#5453,1.);
#5453 = DIRECTION('',(1.,0.));
#5454 = ( GEOMETRIC_REPRESENTATION_CONTEXT(2) 
PARAMETRIC_REPRESENTATION_CONTEXT() REPRESENTATION_CONTEXT('2D SPACE',''
  ) );
#5455 = ORIENTED_EDGE('',*,*,#5456,.T.);
#5456 = EDGE_CURVE('',#5429,#5457,#5459,.T.);
#5457 = VERTEX_POINT('',#5458);
#5458 = CARTESIAN_POINT('',(24.5,6.,18.));
#5459 = SURFACE_CURVE('',#5460,(#5465,#5476),.PCURVE_S1.);
#5460 = CIRCLE('',#5461,1.5);
#5461 = AXIS2_PLACEMENT_3D('',#5462,#5463,#5464);
#5462 = CARTESIAN_POINT('',(23.,6.,18.));
#5463 = DIRECTION('',(0.,0.,-1.));
#5464 = DIRECTION('',(-1.,1.110223024625E-16,0.));
#5465 = PCURVE('',#4048,#5466);
#5466 = DEFINITIONAL_REPRESENTATION('',(#5467),#5475);
#5467 = ( BOUNDED_CURVE() B_SPLINE_CURVE(2,(#5468,#5469,#5470,#5471,
#5472,#5473,#5474),.UNSPECIFIED.,.T.,.F.) B_SPLINE_CURVE_WITH_KNOTS((1,2
    ,2,2,2,1),(-2.094395102393,0.,2.094395102393,4.188790204786,
6.28318530718,8.377580409573),.UNSPECIFIED.) CURVE() 
GEOMETRIC_REPRESENTATION_ITEM() RATIONAL_B_SPLINE_CURVE((1.,0.5,1.,0.5,
1.,0.5,1.)) REPRESENTATION_ITEM('') );
#5468 = CARTESIAN_POINT('',(58.5,39.));
#5469 = CARTESIAN_POINT('',(58.5,41.598076211353));
#5470 = CARTESIAN_POINT('',(60.75,40.299038105677));
#5471 = CARTESIAN_POINT('',(63.,39.));
#5472 = CARTESIAN_POINT('',(60.75,37.700961894323));
#5473 = CARTESIAN_POINT('',(58.5,36.401923788647));
#5474 = CARTESIAN_POINT('',(58.5,39.));
#5475 = ( GEOMETRIC_REPRESENTATION_CONTEXT(2) 
PARAMETRIC_REPRESENTATION_CONTEXT() REPRESENTATION_CONTEXT('2D SPACE',''
  ) );
#5476 = PCURVE('',#5477,#5482);
#5477 = CYLINDRICAL_SURFACE('',#5478,1.5);
#5478 = AXIS2_PLACEMENT_3D('',#5479,#5480,#5481);
#5479 = CARTESIAN_POINT('',(23.,6.,18.));
#5480 = DIRECTION('',(0.,0.,-1.));
#5481 = DIRECTION('',(-1.,1.110223024625E-16,0.));
#5482 = DEFINITIONAL_REPRESENTATION('',(#5483),#5487);
#5483 = LINE('',#5484,#5485);
#5484 = CARTESIAN_POINT('',(0.,0.));
#5485 = VECTOR('',#5486,1.);
#5486 = DIRECTION('',(1.,0.));
#5487 = ( GEOMETRIC_REPRESENTATION_CONTEXT(2) 
PARAMETRIC_REPRESENTATION_CONTEXT() REPRESENTATION_CONTEXT('2D SPACE',''
  ) );
#5488 = ORIENTED_EDGE('',*,*,#5489,.T.);
#5489 = EDGE_CURVE('',#5457,#5394,#5490,.T.);
#5490 = SURFACE_CURVE('',#5491,(#5495,#5502),.PCURVE_S1.);
#5491 = LINE('',#5492,#5493);
#5492 = CARTESIAN_POINT('',(24.5,6.,18.));
#5493 = VECTOR('',#5494,1.);
#5494 = DIRECTION('',(-1.110223024625E-16,-1.,0.));
#5495 = PCURVE('',#4048,#5496);
#5496 = DEFINITIONAL_REPRESENTATION('',(#5497),#5501);
#5497 = LINE('',#5498,#5499);
#5498 = CARTESIAN_POINT('',(61.5,39.));
#5499 = VECTOR('',#5500,1.);
#5500 = DIRECTION('',(-1.110223024625E-16,-1.));
#5501 = ( GEOMETRIC_REPRESENTATION_CONTEXT(2) 
PARAMETRIC_REPRESENTATION_CONTEXT() REPRESENTATION_CONTEXT('2D SPACE',''
  ) );
#5502 = PCURVE('',#5503,#5508);
#5503 = PLANE('',#5504);
#5504 = AXIS2_PLACEMENT_3D('',#5505,#5506,#5507);
#5505 = CARTESIAN_POINT('',(24.5,6.,18.));
#5506 = DIRECTION('',(1.,-1.110223024625E-16,0.));
#5507 = DIRECTION('',(-1.110223024625E-16,-1.,0.));
#5508 = DEFINITIONAL_REPRESENTATION('',(#5509),#5513);
#5509 = LINE('',#5510,#5511);
#5510 = CARTESIAN_POINT('',(0.,0.));
#5511 = VECTOR('',#5512,1.);
#5512 = DIRECTION('',(1.,0.));
#5513 = ( GEOMETRIC_REPRESENTATION_CONTEXT(2) 
PARAMETRIC_REPRESENTATION_CONTEXT() REPRESENTATION_CONTEXT('2D SPACE',''
  ) );
#5514 = FACE_BOUND('',#5515,.F.);
#5515 = EDGE_LOOP('',(#5516));
#5516 = ORIENTED_EDGE('',*,*,#5517,.F.);
#5517 = EDGE_CURVE('',#5518,#5518,#5520,.T.);
#5518 = VERTEX_POINT('',#5519);
#5519 = CARTESIAN_POINT('',(33.3,24.5,18.));
#5520 = SURFACE_CURVE('',#5521,(#5526,#5533),.PCURVE_S1.);
#5521 = CIRCLE('',#5522,4.3);
#5522 = AXIS2_PLACEMENT_3D('',#5523,#5524,#5525);
#5523 = CARTESIAN_POINT('',(29.,24.5,18.));
#5524 = DIRECTION('',(0.,0.,1.));
#5525 = DIRECTION('',(1.,0.,0.));
#5526 = PCURVE('',#4048,#5527);
#5527 = DEFINITIONAL_REPRESENTATION('',(#5528),#5532);
#5528 = CIRCLE('',#5529,4.3);
#5529 = AXIS2_PLACEMENT_2D('',#5530,#5531);
#5530 = CARTESIAN_POINT('',(66.,57.5));
#5531 = DIRECTION('',(1.,0.));
#5532 = ( GEOMETRIC_REPRESENTATION_CONTEXT(2) 
PARAMETRIC_REPRESENTATION_CONTEXT() REPRESENTATION_CONTEXT('2D SPACE',''
  ) );
#5533 = PCURVE('',#4524,#5534);
#5534 = DEFINITIONAL_REPRESENTATION('',(#5535),#5539);
#5535 = LINE('',#5536,#5537);
#5536 = CARTESIAN_POINT('',(-0.,0.));
#5537 = VECTOR('',#5538,1.);
#5538 = DIRECTION('',(-1.,0.));
#5539 = ( GEOMETRIC_REPRESENTATION_CONTEXT(2) 
PARAMETRIC_REPRESENTATION_CONTEXT() REPRESENTATION_CONTEXT('2D SPACE',''
  ) );
#5540 = ADVANCED_FACE('',(#5541),#4130,.F.);
#5541 = FACE_BOUND('',#5542,.F.);
#5542 = EDGE_LOOP('',(#5543,#5544,#5545,#5546));
#5543 = ORIENTED_EDGE('',*,*,#4945,.F.);
#5544 = ORIENTED_EDGE('',*,*,#4863,.T.);
#5545 = ORIENTED_EDGE('',*,*,#4114,.T.);
#5546 = ORIENTED_EDGE('',*,*,#5547,.F.);
#5547 = EDGE_CURVE('',#4946,#4115,#5548,.T.);
#5548 = SURFACE_CURVE('',#5549,(#5553,#5560),.PCURVE_S1.);
#5549 = LINE('',#5550,#5551);
#5550 = CARTESIAN_POINT('',(30.,-33.,18.));
#5551 = VECTOR('',#5552,1.);
#5552 = DIRECTION('',(0.,0.,1.));
#5553 = PCURVE('',#4130,#5554);
#5554 = DEFINITIONAL_REPRESENTATION('',(#5555),#5559);
#5555 = LINE('',#5556,#5557);
#5556 = CARTESIAN_POINT('',(0.,67.));
#5557 = VECTOR('',#5558,1.);
#5558 = DIRECTION('',(1.,0.));
#5559 = ( GEOMETRIC_REPRESENTATION_CONTEXT(2) 
PARAMETRIC_REPRESENTATION_CONTEXT() REPRESENTATION_CONTEXT('2D SPACE',''
  ) );
#5560 = PCURVE('',#4163,#5561);
#5561 = DEFINITIONAL_REPRESENTATION('',(#5562),#5566);
#5562 = LINE('',#5563,#5564);
#5563 = CARTESIAN_POINT('',(-1.570796326795,0.));
#5564 = VECTOR('',#5565,1.);
#5565 = DIRECTION('',(-0.,1.));
#5566 = ( GEOMETRIC_REPRESENTATION_CONTEXT(2) 
PARAMETRIC_REPRESENTATION_CONTEXT() REPRESENTATION_CONTEXT('2D SPACE',''
  ) );
#5567 = ADVANCED_FACE('',(#5568),#4248,.T.);
#5568 = FACE_BOUND('',#5569,.T.);
#5569 = EDGE_LOOP('',(#5570,#5571,#5572,#5573));
#5570 = ORIENTED_EDGE('',*,*,#5043,.F.);
#5571 = ORIENTED_EDGE('',*,*,#4917,.T.);
#5572 = ORIENTED_EDGE('',*,*,#4232,.T.);
#5573 = ORIENTED_EDGE('',*,*,#5574,.F.);
#5574 = EDGE_CURVE('',#5020,#4204,#5575,.T.);
#5575 = SURFACE_CURVE('',#5576,(#5580,#5587),.PCURVE_S1.);
#5576 = LINE('',#5577,#5578);
#5577 = CARTESIAN_POINT('',(30.,33.,18.));
#5578 = VECTOR('',#5579,1.);
#5579 = DIRECTION('',(0.,0.,1.));
#5580 = PCURVE('',#4248,#5581);
#5581 = DEFINITIONAL_REPRESENTATION('',(#5582),#5586);
#5582 = LINE('',#5583,#5584);
#5583 = CARTESIAN_POINT('',(0.,67.));
#5584 = VECTOR('',#5585,1.);
#5585 = DIRECTION('',(1.,0.));
#5586 = ( GEOMETRIC_REPRESENTATION_CONTEXT(2) 
PARAMETRIC_REPRESENTATION_CONTEXT() REPRESENTATION_CONTEXT('2D SPACE',''
  ) );
#5587 = PCURVE('',#4220,#5588);
#5588 = DEFINITIONAL_REPRESENTATION('',(#5589),#5593);
#5589 = LINE('',#5590,#5591);
#5590 = CARTESIAN_POINT('',(1.570796326795,0.));
#5591 = VECTOR('',#5592,1.);
#5592 = DIRECTION('',(0.,1.));
#5593 = ( GEOMETRIC_REPRESENTATION_CONTEXT(2) 
PARAMETRIC_REPRESENTATION_CONTEXT() REPRESENTATION_CONTEXT('2D SPACE',''
  ) );
#5594 = ADVANCED_FACE('',(#5595),#4163,.T.);
#5595 = FACE_BOUND('',#5596,.F.);
#5596 = EDGE_LOOP('',(#5597,#5598,#5599,#5600));
#5597 = ORIENTED_EDGE('',*,*,#4968,.T.);
#5598 = ORIENTED_EDGE('',*,*,#5547,.T.);
#5599 = ORIENTED_EDGE('',*,*,#4142,.F.);
#5600 = ORIENTED_EDGE('',*,*,#5601,.F.);
#5601 = EDGE_CURVE('',#4969,#4143,#5602,.T.);
#5602 = SURFACE_CURVE('',#5603,(#5607,#5614),.PCURVE_S1.);
#5603 = LINE('',#5604,#5605);
#5604 = CARTESIAN_POINT('',(37.,-26.,18.));
#5605 = VECTOR('',#5606,1.);
#5606 = DIRECTION('',(0.,0.,1.));
#5607 = PCURVE('',#4163,#5608);
#5608 = DEFINITIONAL_REPRESENTATION('',(#5609),#5613);
#5609 = LINE('',#5610,#5611);
#5610 = CARTESIAN_POINT('',(-0.,0.));
#5611 = VECTOR('',#5612,1.);
#5612 = DIRECTION('',(-0.,1.));
#5613 = ( GEOMETRIC_REPRESENTATION_CONTEXT(2) 
PARAMETRIC_REPRESENTATION_CONTEXT() REPRESENTATION_CONTEXT('2D SPACE',''
  ) );
#5614 = PCURVE('',#4191,#5615);
#5615 = DEFINITIONAL_REPRESENTATION('',(#5616),#5620);
#5616 = LINE('',#5617,#5618);
#5617 = CARTESIAN_POINT('',(0.,-7.));
#5618 = VECTOR('',#5619,1.);
#5619 = DIRECTION('',(1.,0.));
#5620 = ( GEOMETRIC_REPRESENTATION_CONTEXT(2) 
PARAMETRIC_REPRESENTATION_CONTEXT() REPRESENTATION_CONTEXT('2D SPACE',''
  ) );
#5621 = ADVANCED_FACE('',(#5622),#4220,.T.);
#5622 = FACE_BOUND('',#5623,.T.);
#5623 = EDGE_LOOP('',(#5624,#5625,#5626,#5627));
#5624 = ORIENTED_EDGE('',*,*,#5019,.T.);
#5625 = ORIENTED_EDGE('',*,*,#5574,.T.);
#5626 = ORIENTED_EDGE('',*,*,#4203,.F.);
#5627 = ORIENTED_EDGE('',*,*,#5628,.F.);
#5628 = EDGE_CURVE('',#4997,#4176,#5629,.T.);
#5629 = SURFACE_CURVE('',#5630,(#5634,#5641),.PCURVE_S1.);
#5630 = LINE('',#5631,#5632);
#5631 = CARTESIAN_POINT('',(37.,26.,18.));
#5632 = VECTOR('',#5633,1.);
#5633 = DIRECTION('',(0.,0.,1.));
#5634 = PCURVE('',#4220,#5635);
#5635 = DEFINITIONAL_REPRESENTATION('',(#5636),#5640);
#5636 = LINE('',#5637,#5638);
#5637 = CARTESIAN_POINT('',(0.,0.));
#5638 = VECTOR('',#5639,1.);
#5639 = DIRECTION('',(0.,1.));
#5640 = ( GEOMETRIC_REPRESENTATION_CONTEXT(2) 
PARAMETRIC_REPRESENTATION_CONTEXT() REPRESENTATION_CONTEXT('2D SPACE',''
  ) );
#5641 = PCURVE('',#4191,#5642);
#5642 = DEFINITIONAL_REPRESENTATION('',(#5643),#5647);
#5643 = LINE('',#5644,#5645);
#5644 = CARTESIAN_POINT('',(0.,-59.));
#5645 = VECTOR('',#5646,1.);
#5646 = DIRECTION('',(1.,0.));
#5647 = ( GEOMETRIC_REPRESENTATION_CONTEXT(2) 
PARAMETRIC_REPRESENTATION_CONTEXT() REPRESENTATION_CONTEXT('2D SPACE',''
  ) );
#5648 = ADVANCED_FACE('',(#5649),#4191,.T.);
#5649 = FACE_BOUND('',#5650,.T.);
#5650 = EDGE_LOOP('',(#5651,#5652,#5653,#5654));
#5651 = ORIENTED_EDGE('',*,*,#4175,.F.);
#5652 = ORIENTED_EDGE('',*,*,#5601,.F.);
#5653 = ORIENTED_EDGE('',*,*,#4996,.T.);
#5654 = ORIENTED_EDGE('',*,*,#5628,.T.);
#5655 = ADVANCED_FACE('',(#5656),#4307,.T.);
#5656 = FACE_BOUND('',#5657,.T.);
#5657 = EDGE_LOOP('',(#5658,#5681,#5682,#5705));
#5658 = ORIENTED_EDGE('',*,*,#5659,.F.);
#5659 = EDGE_CURVE('',#4289,#5660,#5662,.T.);
#5660 = VERTEX_POINT('',#5661);
#5661 = CARTESIAN_POINT('',(-30.,-18.5,26.));
#5662 = SURFACE_CURVE('',#5663,(#5667,#5674),.PCURVE_S1.);
#5663 = LINE('',#5664,#5665);
#5664 = CARTESIAN_POINT('',(-30.,-18.5,22.));
#5665 = VECTOR('',#5666,1.);
#5666 = DIRECTION('',(0.,0.,1.));
#5667 = PCURVE('',#4307,#5668);
#5668 = DEFINITIONAL_REPRESENTATION('',(#5669),#5673);
#5669 = LINE('',#5670,#5671);
#5670 = CARTESIAN_POINT('',(0.,0.));
#5671 = VECTOR('',#5672,1.);
#5672 = DIRECTION('',(0.,1.));
#5673 = ( GEOMETRIC_REPRESENTATION_CONTEXT(2) 
PARAMETRIC_REPRESENTATION_CONTEXT() REPRESENTATION_CONTEXT('2D SPACE',''
  ) );
#5674 = PCURVE('',#4335,#5675);
#5675 = DEFINITIONAL_REPRESENTATION('',(#5676),#5680);
#5676 = LINE('',#5677,#5678);
#5677 = CARTESIAN_POINT('',(0.,-9.));
#5678 = VECTOR('',#5679,1.);
#5679 = DIRECTION('',(1.,0.));
#5680 = ( GEOMETRIC_REPRESENTATION_CONTEXT(2) 
PARAMETRIC_REPRESENTATION_CONTEXT() REPRESENTATION_CONTEXT('2D SPACE',''
  ) );
#5681 = ORIENTED_EDGE('',*,*,#4288,.T.);
#5682 = ORIENTED_EDGE('',*,*,#5683,.T.);
#5683 = EDGE_CURVE('',#4291,#5684,#5686,.T.);
#5684 = VERTEX_POINT('',#5685);
#5685 = CARTESIAN_POINT('',(-29.82234959247,-20.27936721003,26.));
#5686 = SURFACE_CURVE('',#5687,(#5691,#5698),.PCURVE_S1.);
#5687 = LINE('',#5688,#5689);
#5688 = CARTESIAN_POINT('',(-29.82234959247,-20.27936721003,22.));
#5689 = VECTOR('',#5690,1.);
#5690 = DIRECTION('',(0.,0.,1.));
#5691 = PCURVE('',#4307,#5692);
#5692 = DEFINITIONAL_REPRESENTATION('',(#5693),#5697);
#5693 = LINE('',#5694,#5695);
#5694 = CARTESIAN_POINT('',(0.199018671252,0.));
#5695 = VECTOR('',#5696,1.);
#5696 = DIRECTION('',(0.,1.));
#5697 = ( GEOMETRIC_REPRESENTATION_CONTEXT(2) 
PARAMETRIC_REPRESENTATION_CONTEXT() REPRESENTATION_CONTEXT('2D SPACE',''
  ) );
#5698 = PCURVE('',#4824,#5699);
#5699 = DEFINITIONAL_REPRESENTATION('',(#5700),#5704);
#5700 = LINE('',#5701,#5702);
#5701 = CARTESIAN_POINT('',(-1.763225803079,-4.));
#5702 = VECTOR('',#5703,1.);
#5703 = DIRECTION('',(-0.,-1.));
#5704 = ( GEOMETRIC_REPRESENTATION_CONTEXT(2) 
PARAMETRIC_REPRESENTATION_CONTEXT() REPRESENTATION_CONTEXT('2D SPACE',''
  ) );
#5705 = ORIENTED_EDGE('',*,*,#5706,.F.);
#5706 = EDGE_CURVE('',#5660,#5684,#5707,.T.);
#5707 = SURFACE_CURVE('',#5708,(#5713,#5720),.PCURVE_S1.);
#5708 = CIRCLE('',#5709,9.);
#5709 = AXIS2_PLACEMENT_3D('',#5710,#5711,#5712);
#5710 = CARTESIAN_POINT('',(-21.,-18.5,26.));
#5711 = DIRECTION('',(0.,0.,1.));
#5712 = DIRECTION('',(0.,-1.,0.));
#5713 = PCURVE('',#4307,#5714);
#5714 = DEFINITIONAL_REPRESENTATION('',(#5715),#5719);
#5715 = LINE('',#5716,#5717);
#5716 = CARTESIAN_POINT('',(-4.712388980385,4.));
#5717 = VECTOR('',#5718,1.);
#5718 = DIRECTION('',(1.,0.));
#5719 = ( GEOMETRIC_REPRESENTATION_CONTEXT(2) 
PARAMETRIC_REPRESENTATION_CONTEXT() REPRESENTATION_CONTEXT('2D SPACE',''
  ) );
#5720 = PCURVE('',#5721,#5726);
#5721 = PLANE('',#5722);
#5722 = AXIS2_PLACEMENT_3D('',#5723,#5724,#5725);
#5723 = CARTESIAN_POINT('',(-30.,-27.5,26.));
#5724 = DIRECTION('',(0.,0.,1.));
#5725 = DIRECTION('',(1.,0.,0.));
#5726 = DEFINITIONAL_REPRESENTATION('',(#5727),#5731);
#5727 = CIRCLE('',#5728,9.);
#5728 = AXIS2_PLACEMENT_2D('',#5729,#5730);
#5729 = CARTESIAN_POINT('',(9.,9.));
#5730 = DIRECTION('',(0.,-1.));
#5731 = ( GEOMETRIC_REPRESENTATION_CONTEXT(2) 
PARAMETRIC_REPRESENTATION_CONTEXT() REPRESENTATION_CONTEXT('2D SPACE',''
  ) );
#5732 = ADVANCED_FACE('',(#5733),#4824,.F.);
#5733 = FACE_BOUND('',#5734,.T.);
#5734 = EDGE_LOOP('',(#5735,#5736,#5759,#5785,#5786,#5787,#5810,#5836));
#5735 = ORIENTED_EDGE('',*,*,#5067,.F.);
#5736 = ORIENTED_EDGE('',*,*,#5737,.T.);
#5737 = EDGE_CURVE('',#5068,#5738,#5740,.T.);
#5738 = VERTEX_POINT('',#5739);
#5739 = CARTESIAN_POINT('',(-24.7,-24.5,26.));
#5740 = SEAM_CURVE('',#5741,(#5745,#5752),.PCURVE_S1.);
#5741 = LINE('',#5742,#5743);
#5742 = CARTESIAN_POINT('',(-24.7,-24.5,18.));
#5743 = VECTOR('',#5744,1.);
#5744 = DIRECTION('',(0.,0.,1.));
#5745 = PCURVE('',#4824,#5746);
#5746 = DEFINITIONAL_REPRESENTATION('',(#5747),#5751);
#5747 = LINE('',#5748,#5749);
#5748 = CARTESIAN_POINT('',(-6.28318530718,0.));
#5749 = VECTOR('',#5750,1.);
#5750 = DIRECTION('',(-0.,-1.));
#5751 = ( GEOMETRIC_REPRESENTATION_CONTEXT(2) 
PARAMETRIC_REPRESENTATION_CONTEXT() REPRESENTATION_CONTEXT('2D SPACE',''
  ) );
#5752 = PCURVE('',#4824,#5753);
#5753 = DEFINITIONAL_REPRESENTATION('',(#5754),#5758);
#5754 = LINE('',#5755,#5756);
#5755 = CARTESIAN_POINT('',(-0.,0.));
#5756 = VECTOR('',#5757,1.);
#5757 = DIRECTION('',(-0.,-1.));
#5758 = ( GEOMETRIC_REPRESENTATION_CONTEXT(2) 
PARAMETRIC_REPRESENTATION_CONTEXT() REPRESENTATION_CONTEXT('2D SPACE',''
  ) );
#5759 = ORIENTED_EDGE('',*,*,#5760,.F.);
#5760 = EDGE_CURVE('',#5684,#5738,#5761,.T.);
#5761 = SURFACE_CURVE('',#5762,(#5767,#5774),.PCURVE_S1.);
#5762 = CIRCLE('',#5763,4.3);
#5763 = AXIS2_PLACEMENT_3D('',#5764,#5765,#5766);
#5764 = CARTESIAN_POINT('',(-29.,-24.5,26.));
#5765 = DIRECTION('',(0.,0.,-1.));
#5766 = DIRECTION('',(1.,0.,0.));
#5767 = PCURVE('',#4824,#5768);
#5768 = DEFINITIONAL_REPRESENTATION('',(#5769),#5773);
#5769 = LINE('',#5770,#5771);
#5770 = CARTESIAN_POINT('',(-6.28318530718,-8.));
#5771 = VECTOR('',#5772,1.);
#5772 = DIRECTION('',(1.,-0.));
#5773 = ( GEOMETRIC_REPRESENTATION_CONTEXT(2) 
PARAMETRIC_REPRESENTATION_CONTEXT() REPRESENTATION_CONTEXT('2D SPACE',''
  ) );
#5774 = PCURVE('',#5721,#5775);
#5775 = DEFINITIONAL_REPRESENTATION('',(#5776),#5784);
#5776 = ( BOUNDED_CURVE() B_SPLINE_CURVE(2,(#5777,#5778,#5779,#5780,
#5781,#5782,#5783),.UNSPECIFIED.,.T.,.F.) B_SPLINE_CURVE_WITH_KNOTS((1,2
    ,2,2,2,1),(-2.094395102393,0.,2.094395102393,4.188790204786,
6.28318530718,8.377580409573),.UNSPECIFIED.) CURVE() 
GEOMETRIC_REPRESENTATION_ITEM() RATIONAL_B_SPLINE_CURVE((1.,0.5,1.,0.5,
1.,0.5,1.)) REPRESENTATION_ITEM('') );
#5777 = CARTESIAN_POINT('',(5.3,3.));
#5778 = CARTESIAN_POINT('',(5.3,-4.447818472546));
#5779 = CARTESIAN_POINT('',(-1.15,-0.723909236273));
#5780 = CARTESIAN_POINT('',(-7.6,3.));
#5781 = CARTESIAN_POINT('',(-1.15,6.723909236273));
#5782 = CARTESIAN_POINT('',(5.3,10.447818472546));
#5783 = CARTESIAN_POINT('',(5.3,3.));
#5784 = ( GEOMETRIC_REPRESENTATION_CONTEXT(2) 
PARAMETRIC_REPRESENTATION_CONTEXT() REPRESENTATION_CONTEXT('2D SPACE',''
  ) );
#5785 = ORIENTED_EDGE('',*,*,#5683,.F.);
#5786 = ORIENTED_EDGE('',*,*,#4805,.F.);
#5787 = ORIENTED_EDGE('',*,*,#5788,.T.);
#5788 = EDGE_CURVE('',#4777,#5789,#5791,.T.);
#5789 = VERTEX_POINT('',#5790);
#5790 = CARTESIAN_POINT('',(-25.17845040752,-26.47123278996,26.));
#5791 = SURFACE_CURVE('',#5792,(#5796,#5803),.PCURVE_S1.);
#5792 = LINE('',#5793,#5794);
#5793 = CARTESIAN_POINT('',(-25.17845040752,-26.47123278996,22.));
#5794 = VECTOR('',#5795,1.);
#5795 = DIRECTION('',(0.,0.,1.));
#5796 = PCURVE('',#4824,#5797);
#5797 = DEFINITIONAL_REPRESENTATION('',(#5798),#5802);
#5798 = LINE('',#5799,#5800);
#5799 = CARTESIAN_POINT('',(-5.806961721687,-4.));
#5800 = VECTOR('',#5801,1.);
#5801 = DIRECTION('',(-0.,-1.));
#5802 = ( GEOMETRIC_REPRESENTATION_CONTEXT(2) 
PARAMETRIC_REPRESENTATION_CONTEXT() REPRESENTATION_CONTEXT('2D SPACE',''
  ) );
#5803 = PCURVE('',#4793,#5804);
#5804 = DEFINITIONAL_REPRESENTATION('',(#5805),#5809);
#5805 = LINE('',#5806,#5807);
#5806 = CARTESIAN_POINT('',(1.087983546335,0.));
#5807 = VECTOR('',#5808,1.);
#5808 = DIRECTION('',(0.,1.));
#5809 = ( GEOMETRIC_REPRESENTATION_CONTEXT(2) 
PARAMETRIC_REPRESENTATION_CONTEXT() REPRESENTATION_CONTEXT('2D SPACE',''
  ) );
#5810 = ORIENTED_EDGE('',*,*,#5811,.F.);
#5811 = EDGE_CURVE('',#5738,#5789,#5812,.T.);
#5812 = SURFACE_CURVE('',#5813,(#5818,#5825),.PCURVE_S1.);
#5813 = CIRCLE('',#5814,4.3);
#5814 = AXIS2_PLACEMENT_3D('',#5815,#5816,#5817);
#5815 = CARTESIAN_POINT('',(-29.,-24.5,26.));
#5816 = DIRECTION('',(0.,0.,-1.));
#5817 = DIRECTION('',(1.,0.,0.));
#5818 = PCURVE('',#4824,#5819);
#5819 = DEFINITIONAL_REPRESENTATION('',(#5820),#5824);
#5820 = LINE('',#5821,#5822);
#5821 = CARTESIAN_POINT('',(-6.28318530718,-8.));
#5822 = VECTOR('',#5823,1.);
#5823 = DIRECTION('',(1.,-0.));
#5824 = ( GEOMETRIC_REPRESENTATION_CONTEXT(2) 
PARAMETRIC_REPRESENTATION_CONTEXT() REPRESENTATION_CONTEXT('2D SPACE',''
  ) );
#5825 = PCURVE('',#5721,#5826);
#5826 = DEFINITIONAL_REPRESENTATION('',(#5827),#5835);
#5827 = ( BOUNDED_CURVE() B_SPLINE_CURVE(2,(#5828,#5829,#5830,#5831,
#5832,#5833,#5834),.UNSPECIFIED.,.T.,.F.) B_SPLINE_CURVE_WITH_KNOTS((1,2
    ,2,2,2,1),(-2.094395102393,0.,2.094395102393,4.188790204786,
6.28318530718,8.377580409573),.UNSPECIFIED.) CURVE() 
GEOMETRIC_REPRESENTATION_ITEM() RATIONAL_B_SPLINE_CURVE((1.,0.5,1.,0.5,
1.,0.5,1.)) REPRESENTATION_ITEM('') );
#5828 = CARTESIAN_POINT('',(5.3,3.));
#5829 = CARTESIAN_POINT('',(5.3,-4.447818472546));
#5830 = CARTESIAN_POINT('',(-1.15,-0.723909236273));
#5831 = CARTESIAN_POINT('',(-7.6,3.));
#5832 = CARTESIAN_POINT('',(-1.15,6.723909236273));
#5833 = CARTESIAN_POINT('',(5.3,10.447818472546));
#5834 = CARTESIAN_POINT('',(5.3,3.));
#5835 = ( GEOMETRIC_REPRESENTATION_CONTEXT(2) 
PARAMETRIC_REPRESENTATION_CONTEXT() REPRESENTATION_CONTEXT('2D SPACE',''
  ) );
#5836 = ORIENTED_EDGE('',*,*,#5737,.F.);
#5837 = ADVANCED_FACE('',(#5838),#4793,.T.);
#5838 = FACE_BOUND('',#5839,.T.);
#5839 = EDGE_LOOP('',(#5840,#5841,#5842,#5865));
#5840 = ORIENTED_EDGE('',*,*,#5788,.F.);
#5841 = ORIENTED_EDGE('',*,*,#4776,.T.);
#5842 = ORIENTED_EDGE('',*,*,#5843,.T.);
#5843 = EDGE_CURVE('',#4749,#5844,#5846,.T.);
#5844 = VERTEX_POINT('',#5845);
#5845 = CARTESIAN_POINT('',(-21.,-27.5,26.));
#5846 = SURFACE_CURVE('',#5847,(#5851,#5858),.PCURVE_S1.);
#5847 = LINE('',#5848,#5849);
#5848 = CARTESIAN_POINT('',(-21.,-27.5,22.));
#5849 = VECTOR('',#5850,1.);
#5850 = DIRECTION('',(0.,0.,1.));
#5851 = PCURVE('',#4793,#5852);
#5852 = DEFINITIONAL_REPRESENTATION('',(#5853),#5857);
#5853 = LINE('',#5854,#5855);
#5854 = CARTESIAN_POINT('',(1.570796326795,0.));
#5855 = VECTOR('',#5856,1.);
#5856 = DIRECTION('',(0.,1.));
#5857 = ( GEOMETRIC_REPRESENTATION_CONTEXT(2) 
PARAMETRIC_REPRESENTATION_CONTEXT() REPRESENTATION_CONTEXT('2D SPACE',''
  ) );
#5858 = PCURVE('',#4764,#5859);
#5859 = DEFINITIONAL_REPRESENTATION('',(#5860),#5864);
#5860 = LINE('',#5861,#5862);
#5861 = CARTESIAN_POINT('',(0.,9.));
#5862 = VECTOR('',#5863,1.);
#5863 = DIRECTION('',(1.,0.));
#5864 = ( GEOMETRIC_REPRESENTATION_CONTEXT(2) 
PARAMETRIC_REPRESENTATION_CONTEXT() REPRESENTATION_CONTEXT('2D SPACE',''
  ) );
#5865 = ORIENTED_EDGE('',*,*,#5866,.F.);
#5866 = EDGE_CURVE('',#5789,#5844,#5867,.T.);
#5867 = SURFACE_CURVE('',#5868,(#5873,#5880),.PCURVE_S1.);
#5868 = CIRCLE('',#5869,9.);
#5869 = AXIS2_PLACEMENT_3D('',#5870,#5871,#5872);
#5870 = CARTESIAN_POINT('',(-21.,-18.5,26.));
#5871 = DIRECTION('',(0.,0.,1.));
#5872 = DIRECTION('',(0.,-1.,0.));
#5873 = PCURVE('',#4793,#5874);
#5874 = DEFINITIONAL_REPRESENTATION('',(#5875),#5879);
#5875 = LINE('',#5876,#5877);
#5876 = CARTESIAN_POINT('',(-4.712388980385,4.));
#5877 = VECTOR('',#5878,1.);
#5878 = DIRECTION('',(1.,0.));
#5879 = ( GEOMETRIC_REPRESENTATION_CONTEXT(2) 
PARAMETRIC_REPRESENTATION_CONTEXT() REPRESENTATION_CONTEXT('2D SPACE',''
  ) );
#5880 = PCURVE('',#5721,#5881);
#5881 = DEFINITIONAL_REPRESENTATION('',(#5882),#5886);
#5882 = CIRCLE('',#5883,9.);
#5883 = AXIS2_PLACEMENT_2D('',#5884,#5885);
#5884 = CARTESIAN_POINT('',(9.,9.));
#5885 = DIRECTION('',(0.,-1.));
#5886 = ( GEOMETRIC_REPRESENTATION_CONTEXT(2) 
PARAMETRIC_REPRESENTATION_CONTEXT() REPRESENTATION_CONTEXT('2D SPACE',''
  ) );
#5887 = ADVANCED_FACE('',(#5888),#4764,.F.);
#5888 = FACE_BOUND('',#5889,.F.);
#5889 = EDGE_LOOP('',(#5890,#5891,#5892,#5915));
#5890 = ORIENTED_EDGE('',*,*,#4748,.F.);
#5891 = ORIENTED_EDGE('',*,*,#5843,.T.);
#5892 = ORIENTED_EDGE('',*,*,#5893,.T.);
#5893 = EDGE_CURVE('',#5844,#5894,#5896,.T.);
#5894 = VERTEX_POINT('',#5895);
#5895 = CARTESIAN_POINT('',(21.,-27.5,26.));
#5896 = SURFACE_CURVE('',#5897,(#5901,#5908),.PCURVE_S1.);
#5897 = LINE('',#5898,#5899);
#5898 = CARTESIAN_POINT('',(-30.,-27.5,26.));
#5899 = VECTOR('',#5900,1.);
#5900 = DIRECTION('',(1.,0.,0.));
#5901 = PCURVE('',#4764,#5902);
#5902 = DEFINITIONAL_REPRESENTATION('',(#5903),#5907);
#5903 = LINE('',#5904,#5905);
#5904 = CARTESIAN_POINT('',(4.,0.));
#5905 = VECTOR('',#5906,1.);
#5906 = DIRECTION('',(0.,1.));
#5907 = ( GEOMETRIC_REPRESENTATION_CONTEXT(2) 
PARAMETRIC_REPRESENTATION_CONTEXT() REPRESENTATION_CONTEXT('2D SPACE',''
  ) );
#5908 = PCURVE('',#5721,#5909);
#5909 = DEFINITIONAL_REPRESENTATION('',(#5910),#5914);
#5910 = LINE('',#5911,#5912);
#5911 = CARTESIAN_POINT('',(0.,0.));
#5912 = VECTOR('',#5913,1.);
#5913 = DIRECTION('',(1.,0.));
#5914 = ( GEOMETRIC_REPRESENTATION_CONTEXT(2) 
PARAMETRIC_REPRESENTATION_CONTEXT() REPRESENTATION_CONTEXT('2D SPACE',''
  ) );
#5915 = ORIENTED_EDGE('',*,*,#5916,.F.);
#5916 = EDGE_CURVE('',#4716,#5894,#5917,.T.);
#5917 = SURFACE_CURVE('',#5918,(#5922,#5929),.PCURVE_S1.);
#5918 = LINE('',#5919,#5920);
#5919 = CARTESIAN_POINT('',(21.,-27.5,22.));
#5920 = VECTOR('',#5921,1.);
#5921 = DIRECTION('',(0.,0.,1.));
#5922 = PCURVE('',#4764,#5923);
#5923 = DEFINITIONAL_REPRESENTATION('',(#5924),#5928);
#5924 = LINE('',#5925,#5926);
#5925 = CARTESIAN_POINT('',(0.,51.));
#5926 = VECTOR('',#5927,1.);
#5927 = DIRECTION('',(1.,0.));
#5928 = ( GEOMETRIC_REPRESENTATION_CONTEXT(2) 
PARAMETRIC_REPRESENTATION_CONTEXT() REPRESENTATION_CONTEXT('2D SPACE',''
  ) );
#5929 = PCURVE('',#4736,#5930);
#5930 = DEFINITIONAL_REPRESENTATION('',(#5931),#5935);
#5931 = LINE('',#5932,#5933);
#5932 = CARTESIAN_POINT('',(-1.570796326795,0.));
#5933 = VECTOR('',#5934,1.);
#5934 = DIRECTION('',(-0.,1.));
#5935 = ( GEOMETRIC_REPRESENTATION_CONTEXT(2) 
PARAMETRIC_REPRESENTATION_CONTEXT() REPRESENTATION_CONTEXT('2D SPACE',''
  ) );
#5936 = ADVANCED_FACE('',(#5937),#4736,.T.);
#5937 = FACE_BOUND('',#5938,.F.);
#5938 = EDGE_LOOP('',(#5939,#5962,#5963,#5964));
#5939 = ORIENTED_EDGE('',*,*,#5940,.F.);
#5940 = EDGE_CURVE('',#4688,#5941,#5943,.T.);
#5941 = VERTEX_POINT('',#5942);
#5942 = CARTESIAN_POINT('',(25.178450407524,-26.47123278996,26.));
#5943 = SURFACE_CURVE('',#5944,(#5948,#5955),.PCURVE_S1.);
#5944 = LINE('',#5945,#5946);
#5945 = CARTESIAN_POINT('',(25.178450407524,-26.47123278996,22.));
#5946 = VECTOR('',#5947,1.);
#5947 = DIRECTION('',(0.,0.,1.));
#5948 = PCURVE('',#4736,#5949);
#5949 = DEFINITIONAL_REPRESENTATION('',(#5950),#5954);
#5950 = LINE('',#5951,#5952);
#5951 = CARTESIAN_POINT('',(-1.087983546335,0.));
#5952 = VECTOR('',#5953,1.);
#5953 = DIRECTION('',(-0.,1.));
#5954 = ( GEOMETRIC_REPRESENTATION_CONTEXT(2) 
PARAMETRIC_REPRESENTATION_CONTEXT() REPRESENTATION_CONTEXT('2D SPACE',''
  ) );
#5955 = PCURVE('',#4675,#5956);
#5956 = DEFINITIONAL_REPRESENTATION('',(#5957),#5961);
#5957 = LINE('',#5958,#5959);
#5958 = CARTESIAN_POINT('',(-3.617816239082,-4.));
#5959 = VECTOR('',#5960,1.);
#5960 = DIRECTION('',(-0.,-1.));
#5961 = ( GEOMETRIC_REPRESENTATION_CONTEXT(2) 
PARAMETRIC_REPRESENTATION_CONTEXT() REPRESENTATION_CONTEXT('2D SPACE',''
  ) );
#5962 = ORIENTED_EDGE('',*,*,#4715,.T.);
#5963 = ORIENTED_EDGE('',*,*,#5916,.T.);
#5964 = ORIENTED_EDGE('',*,*,#5965,.F.);
#5965 = EDGE_CURVE('',#5941,#5894,#5966,.T.);
#5966 = SURFACE_CURVE('',#5967,(#5972,#5979),.PCURVE_S1.);
#5967 = CIRCLE('',#5968,9.);
#5968 = AXIS2_PLACEMENT_3D('',#5969,#5970,#5971);
#5969 = CARTESIAN_POINT('',(21.,-18.5,26.));
#5970 = DIRECTION('',(-0.,-0.,-1.));
#5971 = DIRECTION('',(0.,-1.,0.));
#5972 = PCURVE('',#4736,#5973);
#5973 = DEFINITIONAL_REPRESENTATION('',(#5974),#5978);
#5974 = LINE('',#5975,#5976);
#5975 = CARTESIAN_POINT('',(4.712388980385,4.));
#5976 = VECTOR('',#5977,1.);
#5977 = DIRECTION('',(-1.,0.));
#5978 = ( GEOMETRIC_REPRESENTATION_CONTEXT(2) 
PARAMETRIC_REPRESENTATION_CONTEXT() REPRESENTATION_CONTEXT('2D SPACE',''
  ) );
#5979 = PCURVE('',#5721,#5980);
#5980 = DEFINITIONAL_REPRESENTATION('',(#5981),#5989);
#5981 = ( BOUNDED_CURVE() B_SPLINE_CURVE(2,(#5982,#5983,#5984,#5985,
#5986,#5987,#5988),.UNSPECIFIED.,.T.,.F.) B_SPLINE_CURVE_WITH_KNOTS((1,2
    ,2,2,2,1),(-2.094395102393,0.,2.094395102393,4.188790204786,
6.28318530718,8.377580409573),.UNSPECIFIED.) CURVE() 
GEOMETRIC_REPRESENTATION_ITEM() RATIONAL_B_SPLINE_CURVE((1.,0.5,1.,0.5,
1.,0.5,1.)) REPRESENTATION_ITEM('') );
#5982 = CARTESIAN_POINT('',(51.,0.));
#5983 = CARTESIAN_POINT('',(35.41154273188,0.));
#5984 = CARTESIAN_POINT('',(43.20577136594,13.5));
#5985 = CARTESIAN_POINT('',(51.,27.));
#5986 = CARTESIAN_POINT('',(58.79422863406,13.5));
#5987 = CARTESIAN_POINT('',(66.58845726812,1.42108547152E-14));
#5988 = CARTESIAN_POINT('',(51.,0.));
#5989 = ( GEOMETRIC_REPRESENTATION_CONTEXT(2) 
PARAMETRIC_REPRESENTATION_CONTEXT() REPRESENTATION_CONTEXT('2D SPACE',''
  ) );
#5990 = ADVANCED_FACE('',(#5991),#4675,.F.);
#5991 = FACE_BOUND('',#5992,.T.);
#5992 = EDGE_LOOP('',(#5993,#5994,#6015,#6016,#6039,#6065,#6066,#6067));
#5993 = ORIENTED_EDGE('',*,*,#5093,.F.);
#5994 = ORIENTED_EDGE('',*,*,#5995,.T.);
#5995 = EDGE_CURVE('',#5094,#4655,#5996,.T.);
#5996 = SEAM_CURVE('',#5997,(#6001,#6008),.PCURVE_S1.);
#5997 = LINE('',#5998,#5999);
#5998 = CARTESIAN_POINT('',(33.3,-24.5,18.));
#5999 = VECTOR('',#6000,1.);
#6000 = DIRECTION('',(0.,0.,1.));
#6001 = PCURVE('',#4675,#6002);
#6002 = DEFINITIONAL_REPRESENTATION('',(#6003),#6007);
#6003 = LINE('',#6004,#6005);
#6004 = CARTESIAN_POINT('',(-6.28318530718,0.));
#6005 = VECTOR('',#6006,1.);
#6006 = DIRECTION('',(-0.,-1.));
#6007 = ( GEOMETRIC_REPRESENTATION_CONTEXT(2) 
PARAMETRIC_REPRESENTATION_CONTEXT() REPRESENTATION_CONTEXT('2D SPACE',''
  ) );
#6008 = PCURVE('',#4675,#6009);
#6009 = DEFINITIONAL_REPRESENTATION('',(#6010),#6014);
#6010 = LINE('',#6011,#6012);
#6011 = CARTESIAN_POINT('',(-0.,0.));
#6012 = VECTOR('',#6013,1.);
#6013 = DIRECTION('',(-0.,-1.));
#6014 = ( GEOMETRIC_REPRESENTATION_CONTEXT(2) 
PARAMETRIC_REPRESENTATION_CONTEXT() REPRESENTATION_CONTEXT('2D SPACE',''
  ) );
#6015 = ORIENTED_EDGE('',*,*,#4654,.F.);
#6016 = ORIENTED_EDGE('',*,*,#6017,.T.);
#6017 = EDGE_CURVE('',#4622,#6018,#6020,.T.);
#6018 = VERTEX_POINT('',#6019);
#6019 = CARTESIAN_POINT('',(29.822349592476,-20.27936721003,26.));
#6020 = SURFACE_CURVE('',#6021,(#6025,#6032),.PCURVE_S1.);
#6021 = LINE('',#6022,#6023);
#6022 = CARTESIAN_POINT('',(29.822349592476,-20.27936721003,22.));
#6023 = VECTOR('',#6024,1.);
#6024 = DIRECTION('',(0.,0.,1.));
#6025 = PCURVE('',#4675,#6026);
#6026 = DEFINITIONAL_REPRESENTATION('',(#6027),#6031);
#6027 = LINE('',#6028,#6029);
#6028 = CARTESIAN_POINT('',(-1.378366850511,-4.));
#6029 = VECTOR('',#6030,1.);
#6030 = DIRECTION('',(-0.,-1.));
#6031 = ( GEOMETRIC_REPRESENTATION_CONTEXT(2) 
PARAMETRIC_REPRESENTATION_CONTEXT() REPRESENTATION_CONTEXT('2D SPACE',''
  ) );
#6032 = PCURVE('',#4642,#6033);
#6033 = DEFINITIONAL_REPRESENTATION('',(#6034),#6038);
#6034 = LINE('',#6035,#6036);
#6035 = CARTESIAN_POINT('',(-0.199018671252,0.));
#6036 = VECTOR('',#6037,1.);
#6037 = DIRECTION('',(-0.,1.));
#6038 = ( GEOMETRIC_REPRESENTATION_CONTEXT(2) 
PARAMETRIC_REPRESENTATION_CONTEXT() REPRESENTATION_CONTEXT('2D SPACE',''
  ) );
#6039 = ORIENTED_EDGE('',*,*,#6040,.F.);
#6040 = EDGE_CURVE('',#5941,#6018,#6041,.T.);
#6041 = SURFACE_CURVE('',#6042,(#6047,#6054),.PCURVE_S1.);
#6042 = CIRCLE('',#6043,4.3);
#6043 = AXIS2_PLACEMENT_3D('',#6044,#6045,#6046);
#6044 = CARTESIAN_POINT('',(29.,-24.5,26.));
#6045 = DIRECTION('',(0.,0.,-1.));
#6046 = DIRECTION('',(1.,0.,0.));
#6047 = PCURVE('',#4675,#6048);
#6048 = DEFINITIONAL_REPRESENTATION('',(#6049),#6053);
#6049 = LINE('',#6050,#6051);
#6050 = CARTESIAN_POINT('',(-6.28318530718,-8.));
#6051 = VECTOR('',#6052,1.);
#6052 = DIRECTION('',(1.,-0.));
#6053 = ( GEOMETRIC_REPRESENTATION_CONTEXT(2) 
PARAMETRIC_REPRESENTATION_CONTEXT() REPRESENTATION_CONTEXT('2D SPACE',''
  ) );
#6054 = PCURVE('',#5721,#6055);
#6055 = DEFINITIONAL_REPRESENTATION('',(#6056),#6064);
#6056 = ( BOUNDED_CURVE() B_SPLINE_CURVE(2,(#6057,#6058,#6059,#6060,
#6061,#6062,#6063),.UNSPECIFIED.,.T.,.F.) B_SPLINE_CURVE_WITH_KNOTS((1,2
    ,2,2,2,1),(-2.094395102393,0.,2.094395102393,4.188790204786,
6.28318530718,8.377580409573),.UNSPECIFIED.) CURVE() 
GEOMETRIC_REPRESENTATION_ITEM() RATIONAL_B_SPLINE_CURVE((1.,0.5,1.,0.5,
1.,0.5,1.)) REPRESENTATION_ITEM('') );
#6057 = CARTESIAN_POINT('',(63.3,3.));
#6058 = CARTESIAN_POINT('',(63.3,-4.447818472546));
#6059 = CARTESIAN_POINT('',(56.85,-0.723909236273));
#6060 = CARTESIAN_POINT('',(50.4,3.));
#6061 = CARTESIAN_POINT('',(56.85,6.723909236273));
#6062 = CARTESIAN_POINT('',(63.3,10.447818472546));
#6063 = CARTESIAN_POINT('',(63.3,3.));
#6064 = ( GEOMETRIC_REPRESENTATION_CONTEXT(2) 
PARAMETRIC_REPRESENTATION_CONTEXT() REPRESENTATION_CONTEXT('2D SPACE',''
  ) );
#6065 = ORIENTED_EDGE('',*,*,#5940,.F.);
#6066 = ORIENTED_EDGE('',*,*,#4687,.F.);
#6067 = ORIENTED_EDGE('',*,*,#5995,.F.);
#6068 = ADVANCED_FACE('',(#6069),#4642,.T.);
#6069 = FACE_BOUND('',#6070,.F.);
#6070 = EDGE_LOOP('',(#6071,#6094,#6095,#6096));
#6071 = ORIENTED_EDGE('',*,*,#6072,.F.);
#6072 = EDGE_CURVE('',#4594,#6073,#6075,.T.);
#6073 = VERTEX_POINT('',#6074);
#6074 = CARTESIAN_POINT('',(30.,-18.5,26.));
#6075 = SURFACE_CURVE('',#6076,(#6080,#6087),.PCURVE_S1.);
#6076 = LINE('',#6077,#6078);
#6077 = CARTESIAN_POINT('',(30.,-18.5,22.));
#6078 = VECTOR('',#6079,1.);
#6079 = DIRECTION('',(0.,0.,1.));
#6080 = PCURVE('',#4642,#6081);
#6081 = DEFINITIONAL_REPRESENTATION('',(#6082),#6086);
#6082 = LINE('',#6083,#6084);
#6083 = CARTESIAN_POINT('',(-0.,0.));
#6084 = VECTOR('',#6085,1.);
#6085 = DIRECTION('',(-0.,1.));
#6086 = ( GEOMETRIC_REPRESENTATION_CONTEXT(2) 
PARAMETRIC_REPRESENTATION_CONTEXT() REPRESENTATION_CONTEXT('2D SPACE',''
  ) );
#6087 = PCURVE('',#4609,#6088);
#6088 = DEFINITIONAL_REPRESENTATION('',(#6089),#6093);
#6089 = LINE('',#6090,#6091);
#6090 = CARTESIAN_POINT('',(0.,-9.));
#6091 = VECTOR('',#6092,1.);
#6092 = DIRECTION('',(1.,0.));
#6093 = ( GEOMETRIC_REPRESENTATION_CONTEXT(2) 
PARAMETRIC_REPRESENTATION_CONTEXT() REPRESENTATION_CONTEXT('2D SPACE',''
  ) );
#6094 = ORIENTED_EDGE('',*,*,#4621,.T.);
#6095 = ORIENTED_EDGE('',*,*,#6017,.T.);
#6096 = ORIENTED_EDGE('',*,*,#6097,.F.);
#6097 = EDGE_CURVE('',#6073,#6018,#6098,.T.);
#6098 = SURFACE_CURVE('',#6099,(#6104,#6111),.PCURVE_S1.);
#6099 = CIRCLE('',#6100,9.);
#6100 = AXIS2_PLACEMENT_3D('',#6101,#6102,#6103);
#6101 = CARTESIAN_POINT('',(21.,-18.5,26.));
#6102 = DIRECTION('',(-0.,-0.,-1.));
#6103 = DIRECTION('',(0.,-1.,0.));
#6104 = PCURVE('',#4642,#6105);
#6105 = DEFINITIONAL_REPRESENTATION('',(#6106),#6110);
#6106 = LINE('',#6107,#6108);
#6107 = CARTESIAN_POINT('',(4.712388980385,4.));
#6108 = VECTOR('',#6109,1.);
#6109 = DIRECTION('',(-1.,0.));
#6110 = ( GEOMETRIC_REPRESENTATION_CONTEXT(2) 
PARAMETRIC_REPRESENTATION_CONTEXT() REPRESENTATION_CONTEXT('2D SPACE',''
  ) );
#6111 = PCURVE('',#5721,#6112);
#6112 = DEFINITIONAL_REPRESENTATION('',(#6113),#6121);
#6113 = ( BOUNDED_CURVE() B_SPLINE_CURVE(2,(#6114,#6115,#6116,#6117,
#6118,#6119,#6120),.UNSPECIFIED.,.T.,.F.) B_SPLINE_CURVE_WITH_KNOTS((1,2
    ,2,2,2,1),(-2.094395102393,0.,2.094395102393,4.188790204786,
6.28318530718,8.377580409573),.UNSPECIFIED.) CURVE() 
GEOMETRIC_REPRESENTATION_ITEM() RATIONAL_B_SPLINE_CURVE((1.,0.5,1.,0.5,
1.,0.5,1.)) REPRESENTATION_ITEM('') );
#6114 = CARTESIAN_POINT('',(51.,0.));
#6115 = CARTESIAN_POINT('',(35.41154273188,0.));
#6116 = CARTESIAN_POINT('',(43.20577136594,13.5));
#6117 = CARTESIAN_POINT('',(51.,27.));
#6118 = CARTESIAN_POINT('',(58.79422863406,13.5));
#6119 = CARTESIAN_POINT('',(66.58845726812,1.42108547152E-14));
#6120 = CARTESIAN_POINT('',(51.,0.));
#6121 = ( GEOMETRIC_REPRESENTATION_CONTEXT(2) 
PARAMETRIC_REPRESENTATION_CONTEXT() REPRESENTATION_CONTEXT('2D SPACE',''
  ) );
#6122 = ADVANCED_FACE('',(#6123),#4609,.T.);
#6123 = FACE_BOUND('',#6124,.T.);
#6124 = EDGE_LOOP('',(#6125,#6148,#6149,#6150));
#6125 = ORIENTED_EDGE('',*,*,#6126,.F.);
#6126 = EDGE_CURVE('',#6073,#6127,#6129,.T.);
#6127 = VERTEX_POINT('',#6128);
#6128 = CARTESIAN_POINT('',(30.,18.5,26.));
#6129 = SURFACE_CURVE('',#6130,(#6134,#6141),.PCURVE_S1.);
#6130 = LINE('',#6131,#6132);
#6131 = CARTESIAN_POINT('',(30.,-27.5,26.));
#6132 = VECTOR('',#6133,1.);
#6133 = DIRECTION('',(0.,1.,0.));
#6134 = PCURVE('',#4609,#6135);
#6135 = DEFINITIONAL_REPRESENTATION('',(#6136),#6140);
#6136 = LINE('',#6137,#6138);
#6137 = CARTESIAN_POINT('',(4.,0.));
#6138 = VECTOR('',#6139,1.);
#6139 = DIRECTION('',(0.,-1.));
#6140 = ( GEOMETRIC_REPRESENTATION_CONTEXT(2) 
PARAMETRIC_REPRESENTATION_CONTEXT() REPRESENTATION_CONTEXT('2D SPACE',''
  ) );
#6141 = PCURVE('',#5721,#6142);
#6142 = DEFINITIONAL_REPRESENTATION('',(#6143),#6147);
#6143 = LINE('',#6144,#6145);
#6144 = CARTESIAN_POINT('',(60.,0.));
#6145 = VECTOR('',#6146,1.);
#6146 = DIRECTION('',(0.,1.));
#6147 = ( GEOMETRIC_REPRESENTATION_CONTEXT(2) 
PARAMETRIC_REPRESENTATION_CONTEXT() REPRESENTATION_CONTEXT('2D SPACE',''
  ) );
#6148 = ORIENTED_EDGE('',*,*,#6072,.F.);
#6149 = ORIENTED_EDGE('',*,*,#4593,.T.);
#6150 = ORIENTED_EDGE('',*,*,#6151,.T.);
#6151 = EDGE_CURVE('',#4565,#6127,#6152,.T.);
#6152 = SURFACE_CURVE('',#6153,(#6157,#6164),.PCURVE_S1.);
#6153 = LINE('',#6154,#6155);
#6154 = CARTESIAN_POINT('',(30.,18.5,22.));
#6155 = VECTOR('',#6156,1.);
#6156 = DIRECTION('',(0.,0.,1.));
#6157 = PCURVE('',#4609,#6158);
#6158 = DEFINITIONAL_REPRESENTATION('',(#6159),#6163);
#6159 = LINE('',#6160,#6161);
#6160 = CARTESIAN_POINT('',(0.,-46.));
#6161 = VECTOR('',#6162,1.);
#6162 = DIRECTION('',(1.,0.));
#6163 = ( GEOMETRIC_REPRESENTATION_CONTEXT(2) 
PARAMETRIC_REPRESENTATION_CONTEXT() REPRESENTATION_CONTEXT('2D SPACE',''
  ) );
#6164 = PCURVE('',#4581,#6165);
#6165 = DEFINITIONAL_REPRESENTATION('',(#6166),#6170);
#6166 = LINE('',#6167,#6168);
#6167 = CARTESIAN_POINT('',(0.,0.));
#6168 = VECTOR('',#6169,1.);
#6169 = DIRECTION('',(0.,1.));
#6170 = ( GEOMETRIC_REPRESENTATION_CONTEXT(2) 
PARAMETRIC_REPRESENTATION_CONTEXT() REPRESENTATION_CONTEXT('2D SPACE',''
  ) );
#6171 = ADVANCED_FACE('',(#6172),#4581,.T.);
#6172 = FACE_BOUND('',#6173,.T.);
#6173 = EDGE_LOOP('',(#6174,#6175,#6176,#6199));
#6174 = ORIENTED_EDGE('',*,*,#6151,.F.);
#6175 = ORIENTED_EDGE('',*,*,#4564,.T.);
#6176 = ORIENTED_EDGE('',*,*,#6177,.T.);
#6177 = EDGE_CURVE('',#4537,#6178,#6180,.T.);
#6178 = VERTEX_POINT('',#6179);
#6179 = CARTESIAN_POINT('',(29.822349592476,20.279367210032,26.));
#6180 = SURFACE_CURVE('',#6181,(#6185,#6192),.PCURVE_S1.);
#6181 = LINE('',#6182,#6183);
#6182 = CARTESIAN_POINT('',(29.822349592476,20.279367210032,22.));
#6183 = VECTOR('',#6184,1.);
#6184 = DIRECTION('',(0.,0.,1.));
#6185 = PCURVE('',#4581,#6186);
#6186 = DEFINITIONAL_REPRESENTATION('',(#6187),#6191);
#6187 = LINE('',#6188,#6189);
#6188 = CARTESIAN_POINT('',(0.199018671252,0.));
#6189 = VECTOR('',#6190,1.);
#6190 = DIRECTION('',(0.,1.));
#6191 = ( GEOMETRIC_REPRESENTATION_CONTEXT(2) 
PARAMETRIC_REPRESENTATION_CONTEXT() REPRESENTATION_CONTEXT('2D SPACE',''
  ) );
#6192 = PCURVE('',#4524,#6193);
#6193 = DEFINITIONAL_REPRESENTATION('',(#6194),#6198);
#6194 = LINE('',#6195,#6196);
#6195 = CARTESIAN_POINT('',(-4.904818456668,-4.));
#6196 = VECTOR('',#6197,1.);
#6197 = DIRECTION('',(-0.,-1.));
#6198 = ( GEOMETRIC_REPRESENTATION_CONTEXT(2) 
PARAMETRIC_REPRESENTATION_CONTEXT() REPRESENTATION_CONTEXT('2D SPACE',''
  ) );
#6199 = ORIENTED_EDGE('',*,*,#6200,.F.);
#6200 = EDGE_CURVE('',#6127,#6178,#6201,.T.);
#6201 = SURFACE_CURVE('',#6202,(#6207,#6214),.PCURVE_S1.);
#6202 = CIRCLE('',#6203,9.);
#6203 = AXIS2_PLACEMENT_3D('',#6204,#6205,#6206);
#6204 = CARTESIAN_POINT('',(21.,18.5,26.));
#6205 = DIRECTION('',(0.,0.,1.));
#6206 = DIRECTION('',(0.,-1.,0.));
#6207 = PCURVE('',#4581,#6208);
#6208 = DEFINITIONAL_REPRESENTATION('',(#6209),#6213);
#6209 = LINE('',#6210,#6211);
#6210 = CARTESIAN_POINT('',(-1.570796326795,4.));
#6211 = VECTOR('',#6212,1.);
#6212 = DIRECTION('',(1.,0.));
#6213 = ( GEOMETRIC_REPRESENTATION_CONTEXT(2) 
PARAMETRIC_REPRESENTATION_CONTEXT() REPRESENTATION_CONTEXT('2D SPACE',''
  ) );
#6214 = PCURVE('',#5721,#6215);
#6215 = DEFINITIONAL_REPRESENTATION('',(#6216),#6220);
#6216 = CIRCLE('',#6217,9.);
#6217 = AXIS2_PLACEMENT_2D('',#6218,#6219);
#6218 = CARTESIAN_POINT('',(51.,46.));
#6219 = DIRECTION('',(0.,-1.));
#6220 = ( GEOMETRIC_REPRESENTATION_CONTEXT(2) 
PARAMETRIC_REPRESENTATION_CONTEXT() REPRESENTATION_CONTEXT('2D SPACE',''
  ) );
#6221 = ADVANCED_FACE('',(#6222),#4524,.F.);
#6222 = FACE_BOUND('',#6223,.T.);
#6223 = EDGE_LOOP('',(#6224,#6225,#6246,#6247,#6270,#6296,#6297,#6298));
#6224 = ORIENTED_EDGE('',*,*,#5517,.F.);
#6225 = ORIENTED_EDGE('',*,*,#6226,.T.);
#6226 = EDGE_CURVE('',#5518,#4504,#6227,.T.);
#6227 = SEAM_CURVE('',#6228,(#6232,#6239),.PCURVE_S1.);
#6228 = LINE('',#6229,#6230);
#6229 = CARTESIAN_POINT('',(33.3,24.5,18.));
#6230 = VECTOR('',#6231,1.);
#6231 = DIRECTION('',(0.,0.,1.));
#6232 = PCURVE('',#4524,#6233);
#6233 = DEFINITIONAL_REPRESENTATION('',(#6234),#6238);
#6234 = LINE('',#6235,#6236);
#6235 = CARTESIAN_POINT('',(-6.28318530718,0.));
#6236 = VECTOR('',#6237,1.);
#6237 = DIRECTION('',(-0.,-1.));
#6238 = ( GEOMETRIC_REPRESENTATION_CONTEXT(2) 
PARAMETRIC_REPRESENTATION_CONTEXT() REPRESENTATION_CONTEXT('2D SPACE',''
  ) );
#6239 = PCURVE('',#4524,#6240);
#6240 = DEFINITIONAL_REPRESENTATION('',(#6241),#6245);
#6241 = LINE('',#6242,#6243);
#6242 = CARTESIAN_POINT('',(-0.,0.));
#6243 = VECTOR('',#6244,1.);
#6244 = DIRECTION('',(-0.,-1.));
#6245 = ( GEOMETRIC_REPRESENTATION_CONTEXT(2) 
PARAMETRIC_REPRESENTATION_CONTEXT() REPRESENTATION_CONTEXT('2D SPACE',''
  ) );
#6246 = ORIENTED_EDGE('',*,*,#4503,.F.);
#6247 = ORIENTED_EDGE('',*,*,#6248,.T.);
#6248 = EDGE_CURVE('',#4475,#6249,#6251,.T.);
#6249 = VERTEX_POINT('',#6250);
#6250 = CARTESIAN_POINT('',(25.178450407524,26.471232789968,26.));
#6251 = SURFACE_CURVE('',#6252,(#6256,#6263),.PCURVE_S1.);
#6252 = LINE('',#6253,#6254);
#6253 = CARTESIAN_POINT('',(25.178450407524,26.471232789968,22.));
#6254 = VECTOR('',#6255,1.);
#6255 = DIRECTION('',(0.,0.,1.));
#6256 = PCURVE('',#4524,#6257);
#6257 = DEFINITIONAL_REPRESENTATION('',(#6258),#6262);
#6258 = LINE('',#6259,#6260);
#6259 = CARTESIAN_POINT('',(-2.665369068098,-4.));
#6260 = VECTOR('',#6261,1.);
#6261 = DIRECTION('',(-0.,-1.));
#6262 = ( GEOMETRIC_REPRESENTATION_CONTEXT(2) 
PARAMETRIC_REPRESENTATION_CONTEXT() REPRESENTATION_CONTEXT('2D SPACE',''
  ) );
#6263 = PCURVE('',#4491,#6264);
#6264 = DEFINITIONAL_REPRESENTATION('',(#6265),#6269);
#6265 = LINE('',#6266,#6267);
#6266 = CARTESIAN_POINT('',(1.087983546335,0.));
#6267 = VECTOR('',#6268,1.);
#6268 = DIRECTION('',(0.,1.));
#6269 = ( GEOMETRIC_REPRESENTATION_CONTEXT(2) 
PARAMETRIC_REPRESENTATION_CONTEXT() REPRESENTATION_CONTEXT('2D SPACE',''
  ) );
#6270 = ORIENTED_EDGE('',*,*,#6271,.F.);
#6271 = EDGE_CURVE('',#6178,#6249,#6272,.T.);
#6272 = SURFACE_CURVE('',#6273,(#6278,#6285),.PCURVE_S1.);
#6273 = CIRCLE('',#6274,4.3);
#6274 = AXIS2_PLACEMENT_3D('',#6275,#6276,#6277);
#6275 = CARTESIAN_POINT('',(29.,24.5,26.));
#6276 = DIRECTION('',(0.,0.,-1.));
#6277 = DIRECTION('',(1.,0.,0.));
#6278 = PCURVE('',#4524,#6279);
#6279 = DEFINITIONAL_REPRESENTATION('',(#6280),#6284);
#6280 = LINE('',#6281,#6282);
#6281 = CARTESIAN_POINT('',(-6.28318530718,-8.));
#6282 = VECTOR('',#6283,1.);
#6283 = DIRECTION('',(1.,-0.));
#6284 = ( GEOMETRIC_REPRESENTATION_CONTEXT(2) 
PARAMETRIC_REPRESENTATION_CONTEXT() REPRESENTATION_CONTEXT('2D SPACE',''
  ) );
#6285 = PCURVE('',#5721,#6286);
#6286 = DEFINITIONAL_REPRESENTATION('',(#6287),#6295);
#6287 = ( BOUNDED_CURVE() B_SPLINE_CURVE(2,(#6288,#6289,#6290,#6291,
#6292,#6293,#6294),.UNSPECIFIED.,.T.,.F.) B_SPLINE_CURVE_WITH_KNOTS((1,2
    ,2,2,2,1),(-2.094395102393,0.,2.094395102393,4.188790204786,
6.28318530718,8.377580409573),.UNSPECIFIED.) CURVE() 
GEOMETRIC_REPRESENTATION_ITEM() RATIONAL_B_SPLINE_CURVE((1.,0.5,1.,0.5,
1.,0.5,1.)) REPRESENTATION_ITEM('') );
#6288 = CARTESIAN_POINT('',(63.3,52.));
#6289 = CARTESIAN_POINT('',(63.3,44.552181527454));
#6290 = CARTESIAN_POINT('',(56.85,48.276090763727));
#6291 = CARTESIAN_POINT('',(50.4,52.));
#6292 = CARTESIAN_POINT('',(56.85,55.723909236273));
#6293 = CARTESIAN_POINT('',(63.3,59.447818472546));
#6294 = CARTESIAN_POINT('',(63.3,52.));
#6295 = ( GEOMETRIC_REPRESENTATION_CONTEXT(2) 
PARAMETRIC_REPRESENTATION_CONTEXT() REPRESENTATION_CONTEXT('2D SPACE',''
  ) );
#6296 = ORIENTED_EDGE('',*,*,#6177,.F.);
#6297 = ORIENTED_EDGE('',*,*,#4536,.F.);
#6298 = ORIENTED_EDGE('',*,*,#6226,.F.);
#6299 = ADVANCED_FACE('',(#6300),#4491,.T.);
#6300 = FACE_BOUND('',#6301,.T.);
#6301 = EDGE_LOOP('',(#6302,#6303,#6304,#6327));
#6302 = ORIENTED_EDGE('',*,*,#6248,.F.);
#6303 = ORIENTED_EDGE('',*,*,#4474,.T.);
#6304 = ORIENTED_EDGE('',*,*,#6305,.T.);
#6305 = EDGE_CURVE('',#4447,#6306,#6308,.T.);
#6306 = VERTEX_POINT('',#6307);
#6307 = CARTESIAN_POINT('',(21.,27.5,26.));
#6308 = SURFACE_CURVE('',#6309,(#6313,#6320),.PCURVE_S1.);
#6309 = LINE('',#6310,#6311);
#6310 = CARTESIAN_POINT('',(21.,27.5,22.));
#6311 = VECTOR('',#6312,1.);
#6312 = DIRECTION('',(0.,0.,1.));
#6313 = PCURVE('',#4491,#6314);
#6314 = DEFINITIONAL_REPRESENTATION('',(#6315),#6319);
#6315 = LINE('',#6316,#6317);
#6316 = CARTESIAN_POINT('',(1.570796326795,0.));
#6317 = VECTOR('',#6318,1.);
#6318 = DIRECTION('',(0.,1.));
#6319 = ( GEOMETRIC_REPRESENTATION_CONTEXT(2) 
PARAMETRIC_REPRESENTATION_CONTEXT() REPRESENTATION_CONTEXT('2D SPACE',''
  ) );
#6320 = PCURVE('',#4462,#6321);
#6321 = DEFINITIONAL_REPRESENTATION('',(#6322),#6326);
#6322 = LINE('',#6323,#6324);
#6323 = CARTESIAN_POINT('',(0.,51.));
#6324 = VECTOR('',#6325,1.);
#6325 = DIRECTION('',(1.,0.));
#6326 = ( GEOMETRIC_REPRESENTATION_CONTEXT(2) 
PARAMETRIC_REPRESENTATION_CONTEXT() REPRESENTATION_CONTEXT('2D SPACE',''
  ) );
#6327 = ORIENTED_EDGE('',*,*,#6328,.F.);
#6328 = EDGE_CURVE('',#6249,#6306,#6329,.T.);
#6329 = SURFACE_CURVE('',#6330,(#6335,#6342),.PCURVE_S1.);
#6330 = CIRCLE('',#6331,9.);
#6331 = AXIS2_PLACEMENT_3D('',#6332,#6333,#6334);
#6332 = CARTESIAN_POINT('',(21.,18.5,26.));
#6333 = DIRECTION('',(0.,0.,1.));
#6334 = DIRECTION('',(0.,-1.,0.));
#6335 = PCURVE('',#4491,#6336);
#6336 = DEFINITIONAL_REPRESENTATION('',(#6337),#6341);
#6337 = LINE('',#6338,#6339);
#6338 = CARTESIAN_POINT('',(-1.570796326795,4.));
#6339 = VECTOR('',#6340,1.);
#6340 = DIRECTION('',(1.,0.));
#6341 = ( GEOMETRIC_REPRESENTATION_CONTEXT(2) 
PARAMETRIC_REPRESENTATION_CONTEXT() REPRESENTATION_CONTEXT('2D SPACE',''
  ) );
#6342 = PCURVE('',#5721,#6343);
#6343 = DEFINITIONAL_REPRESENTATION('',(#6344),#6348);
#6344 = CIRCLE('',#6345,9.);
#6345 = AXIS2_PLACEMENT_2D('',#6346,#6347);
#6346 = CARTESIAN_POINT('',(51.,46.));
#6347 = DIRECTION('',(0.,-1.));
#6348 = ( GEOMETRIC_REPRESENTATION_CONTEXT(2) 
PARAMETRIC_REPRESENTATION_CONTEXT() REPRESENTATION_CONTEXT('2D SPACE',''
  ) );
#6349 = ADVANCED_FACE('',(#6350),#4462,.T.);
#6350 = FACE_BOUND('',#6351,.T.);
#6351 = EDGE_LOOP('',(#6352,#6353,#6376,#6397));
#6352 = ORIENTED_EDGE('',*,*,#4446,.F.);
#6353 = ORIENTED_EDGE('',*,*,#6354,.T.);
#6354 = EDGE_CURVE('',#4414,#6355,#6357,.T.);
#6355 = VERTEX_POINT('',#6356);
#6356 = CARTESIAN_POINT('',(-21.,27.5,26.));
#6357 = SURFACE_CURVE('',#6358,(#6362,#6369),.PCURVE_S1.);
#6358 = LINE('',#6359,#6360);
#6359 = CARTESIAN_POINT('',(-21.,27.5,22.));
#6360 = VECTOR('',#6361,1.);
#6361 = DIRECTION('',(0.,0.,1.));
#6362 = PCURVE('',#4462,#6363);
#6363 = DEFINITIONAL_REPRESENTATION('',(#6364),#6368);
#6364 = LINE('',#6365,#6366);
#6365 = CARTESIAN_POINT('',(0.,9.));
#6366 = VECTOR('',#6367,1.);
#6367 = DIRECTION('',(1.,0.));
#6368 = ( GEOMETRIC_REPRESENTATION_CONTEXT(2) 
PARAMETRIC_REPRESENTATION_CONTEXT() REPRESENTATION_CONTEXT('2D SPACE',''
  ) );
#6369 = PCURVE('',#4434,#6370);
#6370 = DEFINITIONAL_REPRESENTATION('',(#6371),#6375);
#6371 = LINE('',#6372,#6373);
#6372 = CARTESIAN_POINT('',(-1.570796326795,0.));
#6373 = VECTOR('',#6374,1.);
#6374 = DIRECTION('',(-0.,1.));
#6375 = ( GEOMETRIC_REPRESENTATION_CONTEXT(2) 
PARAMETRIC_REPRESENTATION_CONTEXT() REPRESENTATION_CONTEXT('2D SPACE',''
  ) );
#6376 = ORIENTED_EDGE('',*,*,#6377,.T.);
#6377 = EDGE_CURVE('',#6355,#6306,#6378,.T.);
#6378 = SURFACE_CURVE('',#6379,(#6383,#6390),.PCURVE_S1.);
#6379 = LINE('',#6380,#6381);
#6380 = CARTESIAN_POINT('',(-30.,27.5,26.));
#6381 = VECTOR('',#6382,1.);
#6382 = DIRECTION('',(1.,0.,0.));
#6383 = PCURVE('',#4462,#6384);
#6384 = DEFINITIONAL_REPRESENTATION('',(#6385),#6389);
#6385 = LINE('',#6386,#6387);
#6386 = CARTESIAN_POINT('',(4.,0.));
#6387 = VECTOR('',#6388,1.);
#6388 = DIRECTION('',(0.,1.));
#6389 = ( GEOMETRIC_REPRESENTATION_CONTEXT(2) 
PARAMETRIC_REPRESENTATION_CONTEXT() REPRESENTATION_CONTEXT('2D SPACE',''
  ) );
#6390 = PCURVE('',#5721,#6391);
#6391 = DEFINITIONAL_REPRESENTATION('',(#6392),#6396);
#6392 = LINE('',#6393,#6394);
#6393 = CARTESIAN_POINT('',(0.,55.));
#6394 = VECTOR('',#6395,1.);
#6395 = DIRECTION('',(1.,0.));
#6396 = ( GEOMETRIC_REPRESENTATION_CONTEXT(2) 
PARAMETRIC_REPRESENTATION_CONTEXT() REPRESENTATION_CONTEXT('2D SPACE',''
  ) );
#6397 = ORIENTED_EDGE('',*,*,#6305,.F.);
#6398 = ADVANCED_FACE('',(#6399),#4434,.T.);
#6399 = FACE_BOUND('',#6400,.F.);
#6400 = EDGE_LOOP('',(#6401,#6424,#6425,#6426));
#6401 = ORIENTED_EDGE('',*,*,#6402,.F.);
#6402 = EDGE_CURVE('',#4381,#6403,#6405,.T.);
#6403 = VERTEX_POINT('',#6404);
#6404 = CARTESIAN_POINT('',(-25.17845040752,26.471232789968,26.));
#6405 = SURFACE_CURVE('',#6406,(#6410,#6417),.PCURVE_S1.);
#6406 = LINE('',#6407,#6408);
#6407 = CARTESIAN_POINT('',(-25.17845040752,26.471232789968,22.));
#6408 = VECTOR('',#6409,1.);
#6409 = DIRECTION('',(0.,0.,1.));
#6410 = PCURVE('',#4434,#6411);
#6411 = DEFINITIONAL_REPRESENTATION('',(#6412),#6416);
#6412 = LINE('',#6413,#6414);
#6413 = CARTESIAN_POINT('',(-1.087983546335,0.));
#6414 = VECTOR('',#6415,1.);
#6415 = DIRECTION('',(-0.,1.));
#6416 = ( GEOMETRIC_REPRESENTATION_CONTEXT(2) 
PARAMETRIC_REPRESENTATION_CONTEXT() REPRESENTATION_CONTEXT('2D SPACE',''
  ) );
#6417 = PCURVE('',#4401,#6418);
#6418 = DEFINITIONAL_REPRESENTATION('',(#6419),#6423);
#6419 = LINE('',#6420,#6421);
#6420 = CARTESIAN_POINT('',(-0.476223585492,-4.));
#6421 = VECTOR('',#6422,1.);
#6422 = DIRECTION('',(-0.,-1.));
#6423 = ( GEOMETRIC_REPRESENTATION_CONTEXT(2) 
PARAMETRIC_REPRESENTATION_CONTEXT() REPRESENTATION_CONTEXT('2D SPACE',''
  ) );
#6424 = ORIENTED_EDGE('',*,*,#4413,.T.);
#6425 = ORIENTED_EDGE('',*,*,#6354,.T.);
#6426 = ORIENTED_EDGE('',*,*,#6427,.F.);
#6427 = EDGE_CURVE('',#6403,#6355,#6428,.T.);
#6428 = SURFACE_CURVE('',#6429,(#6434,#6441),.PCURVE_S1.);
#6429 = CIRCLE('',#6430,9.);
#6430 = AXIS2_PLACEMENT_3D('',#6431,#6432,#6433);
#6431 = CARTESIAN_POINT('',(-21.,18.5,26.));
#6432 = DIRECTION('',(-0.,-0.,-1.));
#6433 = DIRECTION('',(0.,-1.,0.));
#6434 = PCURVE('',#4434,#6435);
#6435 = DEFINITIONAL_REPRESENTATION('',(#6436),#6440);
#6436 = LINE('',#6437,#6438);
#6437 = CARTESIAN_POINT('',(1.570796326795,4.));
#6438 = VECTOR('',#6439,1.);
#6439 = DIRECTION('',(-1.,0.));
#6440 = ( GEOMETRIC_REPRESENTATION_CONTEXT(2) 
PARAMETRIC_REPRESENTATION_CONTEXT() REPRESENTATION_CONTEXT('2D SPACE',''
  ) );
#6441 = PCURVE('',#5721,#6442);
#6442 = DEFINITIONAL_REPRESENTATION('',(#6443),#6451);
#6443 = ( BOUNDED_CURVE() B_SPLINE_CURVE(2,(#6444,#6445,#6446,#6447,
#6448,#6449,#6450),.UNSPECIFIED.,.T.,.F.) B_SPLINE_CURVE_WITH_KNOTS((1,2
    ,2,2,2,1),(-2.094395102393,0.,2.094395102393,4.188790204786,
6.28318530718,8.377580409573),.UNSPECIFIED.) CURVE() 
GEOMETRIC_REPRESENTATION_ITEM() RATIONAL_B_SPLINE_CURVE((1.,0.5,1.,0.5,
1.,0.5,1.)) REPRESENTATION_ITEM('') );
#6444 = CARTESIAN_POINT('',(9.,37.));
#6445 = CARTESIAN_POINT('',(-6.58845726812,37.));
#6446 = CARTESIAN_POINT('',(1.20577136594,50.5));
#6447 = CARTESIAN_POINT('',(9.,64.));
#6448 = CARTESIAN_POINT('',(16.79422863406,50.5));
#6449 = CARTESIAN_POINT('',(24.58845726812,37.));
#6450 = CARTESIAN_POINT('',(9.,37.));
#6451 = ( GEOMETRIC_REPRESENTATION_CONTEXT(2) 
PARAMETRIC_REPRESENTATION_CONTEXT() REPRESENTATION_CONTEXT('2D SPACE',''
  ) );
#6452 = ADVANCED_FACE('',(#6453),#4401,.F.);
#6453 = FACE_BOUND('',#6454,.T.);
#6454 = EDGE_LOOP('',(#6455,#6456,#6479,#6505,#6506,#6507,#6530,#6556));
#6455 = ORIENTED_EDGE('',*,*,#5243,.F.);
#6456 = ORIENTED_EDGE('',*,*,#6457,.T.);
#6457 = EDGE_CURVE('',#5244,#6458,#6460,.T.);
#6458 = VERTEX_POINT('',#6459);
#6459 = CARTESIAN_POINT('',(-24.7,24.5,26.));
#6460 = SEAM_CURVE('',#6461,(#6465,#6472),.PCURVE_S1.);
#6461 = LINE('',#6462,#6463);
#6462 = CARTESIAN_POINT('',(-24.7,24.5,18.));
#6463 = VECTOR('',#6464,1.);
#6464 = DIRECTION('',(0.,0.,1.));
#6465 = PCURVE('',#4401,#6466);
#6466 = DEFINITIONAL_REPRESENTATION('',(#6467),#6471);
#6467 = LINE('',#6468,#6469);
#6468 = CARTESIAN_POINT('',(-6.28318530718,0.));
#6469 = VECTOR('',#6470,1.);
#6470 = DIRECTION('',(-0.,-1.));
#6471 = ( GEOMETRIC_REPRESENTATION_CONTEXT(2) 
PARAMETRIC_REPRESENTATION_CONTEXT() REPRESENTATION_CONTEXT('2D SPACE',''
  ) );
#6472 = PCURVE('',#4401,#6473);
#6473 = DEFINITIONAL_REPRESENTATION('',(#6474),#6478);
#6474 = LINE('',#6475,#6476);
#6475 = CARTESIAN_POINT('',(-0.,0.));
#6476 = VECTOR('',#6477,1.);
#6477 = DIRECTION('',(-0.,-1.));
#6478 = ( GEOMETRIC_REPRESENTATION_CONTEXT(2) 
PARAMETRIC_REPRESENTATION_CONTEXT() REPRESENTATION_CONTEXT('2D SPACE',''
  ) );
#6479 = ORIENTED_EDGE('',*,*,#6480,.F.);
#6480 = EDGE_CURVE('',#6403,#6458,#6481,.T.);
#6481 = SURFACE_CURVE('',#6482,(#6487,#6494),.PCURVE_S1.);
#6482 = CIRCLE('',#6483,4.3);
#6483 = AXIS2_PLACEMENT_3D('',#6484,#6485,#6486);
#6484 = CARTESIAN_POINT('',(-29.,24.5,26.));
#6485 = DIRECTION('',(0.,0.,-1.));
#6486 = DIRECTION('',(1.,0.,0.));
#6487 = PCURVE('',#4401,#6488);
#6488 = DEFINITIONAL_REPRESENTATION('',(#6489),#6493);
#6489 = LINE('',#6490,#6491);
#6490 = CARTESIAN_POINT('',(-6.28318530718,-8.));
#6491 = VECTOR('',#6492,1.);
#6492 = DIRECTION('',(1.,-0.));
#6493 = ( GEOMETRIC_REPRESENTATION_CONTEXT(2) 
PARAMETRIC_REPRESENTATION_CONTEXT() REPRESENTATION_CONTEXT('2D SPACE',''
  ) );
#6494 = PCURVE('',#5721,#6495);
#6495 = DEFINITIONAL_REPRESENTATION('',(#6496),#6504);
#6496 = ( BOUNDED_CURVE() B_SPLINE_CURVE(2,(#6497,#6498,#6499,#6500,
#6501,#6502,#6503),.UNSPECIFIED.,.T.,.F.) B_SPLINE_CURVE_WITH_KNOTS((1,2
    ,2,2,2,1),(-2.094395102393,0.,2.094395102393,4.188790204786,
6.28318530718,8.377580409573),.UNSPECIFIED.) CURVE() 
GEOMETRIC_REPRESENTATION_ITEM() RATIONAL_B_SPLINE_CURVE((1.,0.5,1.,0.5,
1.,0.5,1.)) REPRESENTATION_ITEM('') );
#6497 = CARTESIAN_POINT('',(5.3,52.));
#6498 = CARTESIAN_POINT('',(5.3,44.552181527454));
#6499 = CARTESIAN_POINT('',(-1.15,48.276090763727));
#6500 = CARTESIAN_POINT('',(-7.6,52.));
#6501 = CARTESIAN_POINT('',(-1.15,55.723909236273));
#6502 = CARTESIAN_POINT('',(5.3,59.447818472546));
#6503 = CARTESIAN_POINT('',(5.3,52.));
#6504 = ( GEOMETRIC_REPRESENTATION_CONTEXT(2) 
PARAMETRIC_REPRESENTATION_CONTEXT() REPRESENTATION_CONTEXT('2D SPACE',''
  ) );
#6505 = ORIENTED_EDGE('',*,*,#6402,.F.);
#6506 = ORIENTED_EDGE('',*,*,#4380,.F.);
#6507 = ORIENTED_EDGE('',*,*,#6508,.T.);
#6508 = EDGE_CURVE('',#4348,#6509,#6511,.T.);
#6509 = VERTEX_POINT('',#6510);
#6510 = CARTESIAN_POINT('',(-29.82234959247,20.279367210032,26.));
#6511 = SURFACE_CURVE('',#6512,(#6516,#6523),.PCURVE_S1.);
#6512 = LINE('',#6513,#6514);
#6513 = CARTESIAN_POINT('',(-29.82234959247,20.279367210032,22.));
#6514 = VECTOR('',#6515,1.);
#6515 = DIRECTION('',(0.,0.,1.));
#6516 = PCURVE('',#4401,#6517);
#6517 = DEFINITIONAL_REPRESENTATION('',(#6518),#6522);
#6518 = LINE('',#6519,#6520);
#6519 = CARTESIAN_POINT('',(-4.519959504101,-4.));
#6520 = VECTOR('',#6521,1.);
#6521 = DIRECTION('',(-0.,-1.));
#6522 = ( GEOMETRIC_REPRESENTATION_CONTEXT(2) 
PARAMETRIC_REPRESENTATION_CONTEXT() REPRESENTATION_CONTEXT('2D SPACE',''
  ) );
#6523 = PCURVE('',#4368,#6524);
#6524 = DEFINITIONAL_REPRESENTATION('',(#6525),#6529);
#6525 = LINE('',#6526,#6527);
#6526 = CARTESIAN_POINT('',(-0.199018671252,0.));
#6527 = VECTOR('',#6528,1.);
#6528 = DIRECTION('',(-0.,1.));
#6529 = ( GEOMETRIC_REPRESENTATION_CONTEXT(2) 
PARAMETRIC_REPRESENTATION_CONTEXT() REPRESENTATION_CONTEXT('2D SPACE',''
  ) );
#6530 = ORIENTED_EDGE('',*,*,#6531,.F.);
#6531 = EDGE_CURVE('',#6458,#6509,#6532,.T.);
#6532 = SURFACE_CURVE('',#6533,(#6538,#6545),.PCURVE_S1.);
#6533 = CIRCLE('',#6534,4.3);
#6534 = AXIS2_PLACEMENT_3D('',#6535,#6536,#6537);
#6535 = CARTESIAN_POINT('',(-29.,24.5,26.));
#6536 = DIRECTION('',(0.,0.,-1.));
#6537 = DIRECTION('',(1.,0.,0.));
#6538 = PCURVE('',#4401,#6539);
#6539 = DEFINITIONAL_REPRESENTATION('',(#6540),#6544);
#6540 = LINE('',#6541,#6542);
#6541 = CARTESIAN_POINT('',(-6.28318530718,-8.));
#6542 = VECTOR('',#6543,1.);
#6543 = DIRECTION('',(1.,-0.));
#6544 = ( GEOMETRIC_REPRESENTATION_CONTEXT(2) 
PARAMETRIC_REPRESENTATION_CONTEXT() REPRESENTATION_CONTEXT('2D SPACE',''
  ) );
#6545 = PCURVE('',#5721,#6546);
#6546 = DEFINITIONAL_REPRESENTATION('',(#6547),#6555);
#6547 = ( BOUNDED_CURVE() B_SPLINE_CURVE(2,(#6548,#6549,#6550,#6551,
#6552,#6553,#6554),.UNSPECIFIED.,.T.,.F.) B_SPLINE_CURVE_WITH_KNOTS((1,2
    ,2,2,2,1),(-2.094395102393,0.,2.094395102393,4.188790204786,
6.28318530718,8.377580409573),.UNSPECIFIED.) CURVE() 
GEOMETRIC_REPRESENTATION_ITEM() RATIONAL_B_SPLINE_CURVE((1.,0.5,1.,0.5,
1.,0.5,1.)) REPRESENTATION_ITEM('') );
#6548 = CARTESIAN_POINT('',(5.3,52.));
#6549 = CARTESIAN_POINT('',(5.3,44.552181527454));
#6550 = CARTESIAN_POINT('',(-1.15,48.276090763727));
#6551 = CARTESIAN_POINT('',(-7.6,52.));
#6552 = CARTESIAN_POINT('',(-1.15,55.723909236273));
#6553 = CARTESIAN_POINT('',(5.3,59.447818472546));
#6554 = CARTESIAN_POINT('',(5.3,52.));
#6555 = ( GEOMETRIC_REPRESENTATION_CONTEXT(2) 
PARAMETRIC_REPRESENTATION_CONTEXT() REPRESENTATION_CONTEXT('2D SPACE',''
  ) );
#6556 = ORIENTED_EDGE('',*,*,#6457,.F.);
#6557 = ADVANCED_FACE('',(#6558),#4368,.T.);
#6558 = FACE_BOUND('',#6559,.F.);
#6559 = EDGE_LOOP('',(#6560,#6583,#6584,#6585));
#6560 = ORIENTED_EDGE('',*,*,#6561,.F.);
#6561 = EDGE_CURVE('',#4320,#6562,#6564,.T.);
#6562 = VERTEX_POINT('',#6563);
#6563 = CARTESIAN_POINT('',(-30.,18.5,26.));
#6564 = SURFACE_CURVE('',#6565,(#6569,#6576),.PCURVE_S1.);
#6565 = LINE('',#6566,#6567);
#6566 = CARTESIAN_POINT('',(-30.,18.5,22.));
#6567 = VECTOR('',#6568,1.);
#6568 = DIRECTION('',(0.,0.,1.));
#6569 = PCURVE('',#4368,#6570);
#6570 = DEFINITIONAL_REPRESENTATION('',(#6571),#6575);
#6571 = LINE('',#6572,#6573);
#6572 = CARTESIAN_POINT('',(-0.,0.));
#6573 = VECTOR('',#6574,1.);
#6574 = DIRECTION('',(-0.,1.));
#6575 = ( GEOMETRIC_REPRESENTATION_CONTEXT(2) 
PARAMETRIC_REPRESENTATION_CONTEXT() REPRESENTATION_CONTEXT('2D SPACE',''
  ) );
#6576 = PCURVE('',#4335,#6577);
#6577 = DEFINITIONAL_REPRESENTATION('',(#6578),#6582);
#6578 = LINE('',#6579,#6580);
#6579 = CARTESIAN_POINT('',(0.,-46.));
#6580 = VECTOR('',#6581,1.);
#6581 = DIRECTION('',(1.,0.));
#6582 = ( GEOMETRIC_REPRESENTATION_CONTEXT(2) 
PARAMETRIC_REPRESENTATION_CONTEXT() REPRESENTATION_CONTEXT('2D SPACE',''
  ) );
#6583 = ORIENTED_EDGE('',*,*,#4347,.T.);
#6584 = ORIENTED_EDGE('',*,*,#6508,.T.);
#6585 = ORIENTED_EDGE('',*,*,#6586,.F.);
#6586 = EDGE_CURVE('',#6562,#6509,#6587,.T.);
#6587 = SURFACE_CURVE('',#6588,(#6593,#6600),.PCURVE_S1.);
#6588 = CIRCLE('',#6589,9.);
#6589 = AXIS2_PLACEMENT_3D('',#6590,#6591,#6592);
#6590 = CARTESIAN_POINT('',(-21.,18.5,26.));
#6591 = DIRECTION('',(-0.,-0.,-1.));
#6592 = DIRECTION('',(0.,-1.,0.));
#6593 = PCURVE('',#4368,#6594);
#6594 = DEFINITIONAL_REPRESENTATION('',(#6595),#6599);
#6595 = LINE('',#6596,#6597);
#6596 = CARTESIAN_POINT('',(1.570796326795,4.));
#6597 = VECTOR('',#6598,1.);
#6598 = DIRECTION('',(-1.,0.));
#6599 = ( GEOMETRIC_REPRESENTATION_CONTEXT(2) 
PARAMETRIC_REPRESENTATION_CONTEXT() REPRESENTATION_CONTEXT('2D SPACE',''
  ) );
#6600 = PCURVE('',#5721,#6601);
#6601 = DEFINITIONAL_REPRESENTATION('',(#6602),#6610);
#6602 = ( BOUNDED_CURVE() B_SPLINE_CURVE(2,(#6603,#6604,#6605,#6606,
#6607,#6608,#6609),.UNSPECIFIED.,.T.,.F.) B_SPLINE_CURVE_WITH_KNOTS((1,2
    ,2,2,2,1),(-2.094395102393,0.,2.094395102393,4.188790204786,
6.28318530718,8.377580409573),.UNSPECIFIED.) CURVE() 
GEOMETRIC_REPRESENTATION_ITEM() RATIONAL_B_SPLINE_CURVE((1.,0.5,1.,0.5,
1.,0.5,1.)) REPRESENTATION_ITEM('') );
#6603 = CARTESIAN_POINT('',(9.,37.));
#6604 = CARTESIAN_POINT('',(-6.58845726812,37.));
#6605 = CARTESIAN_POINT('',(1.20577136594,50.5));
#6606 = CARTESIAN_POINT('',(9.,64.));
#6607 = CARTESIAN_POINT('',(16.79422863406,50.5));
#6608 = CARTESIAN_POINT('',(24.58845726812,37.));
#6609 = CARTESIAN_POINT('',(9.,37.));
#6610 = ( GEOMETRIC_REPRESENTATION_CONTEXT(2) 
PARAMETRIC_REPRESENTATION_CONTEXT() REPRESENTATION_CONTEXT('2D SPACE',''
  ) );
#6611 = ADVANCED_FACE('',(#6612),#4335,.F.);
#6612 = FACE_BOUND('',#6613,.F.);
#6613 = EDGE_LOOP('',(#6614,#6635,#6636,#6637));
#6614 = ORIENTED_EDGE('',*,*,#6615,.F.);
#6615 = EDGE_CURVE('',#5660,#6562,#6616,.T.);
#6616 = SURFACE_CURVE('',#6617,(#6621,#6628),.PCURVE_S1.);
#6617 = LINE('',#6618,#6619);
#6618 = CARTESIAN_POINT('',(-30.,-27.5,26.));
#6619 = VECTOR('',#6620,1.);
#6620 = DIRECTION('',(0.,1.,0.));
#6621 = PCURVE('',#4335,#6622);
#6622 = DEFINITIONAL_REPRESENTATION('',(#6623),#6627);
#6623 = LINE('',#6624,#6625);
#6624 = CARTESIAN_POINT('',(4.,0.));
#6625 = VECTOR('',#6626,1.);
#6626 = DIRECTION('',(0.,-1.));
#6627 = ( GEOMETRIC_REPRESENTATION_CONTEXT(2) 
PARAMETRIC_REPRESENTATION_CONTEXT() REPRESENTATION_CONTEXT('2D SPACE',''
  ) );
#6628 = PCURVE('',#5721,#6629);
#6629 = DEFINITIONAL_REPRESENTATION('',(#6630),#6634);
#6630 = LINE('',#6631,#6632);
#6631 = CARTESIAN_POINT('',(0.,0.));
#6632 = VECTOR('',#6633,1.);
#6633 = DIRECTION('',(0.,1.));
#6634 = ( GEOMETRIC_REPRESENTATION_CONTEXT(2) 
PARAMETRIC_REPRESENTATION_CONTEXT() REPRESENTATION_CONTEXT('2D SPACE',''
  ) );
#6635 = ORIENTED_EDGE('',*,*,#5659,.F.);
#6636 = ORIENTED_EDGE('',*,*,#4319,.T.);
#6637 = ORIENTED_EDGE('',*,*,#6561,.T.);
#6638 = ADVANCED_FACE('',(#6639),#5142,.F.);
#6639 = FACE_BOUND('',#6640,.F.);
#6640 = EDGE_LOOP('',(#6641,#6642,#6665,#6698));
#6641 = ORIENTED_EDGE('',*,*,#5119,.F.);
#6642 = ORIENTED_EDGE('',*,*,#6643,.T.);
#6643 = EDGE_CURVE('',#5120,#6644,#6646,.T.);
#6644 = VERTEX_POINT('',#6645);
#6645 = CARTESIAN_POINT('',(-21.5,-6.,22.));
#6646 = SURFACE_CURVE('',#6647,(#6651,#6658),.PCURVE_S1.);
#6647 = LINE('',#6648,#6649);
#6648 = CARTESIAN_POINT('',(-21.5,-6.,18.));
#6649 = VECTOR('',#6650,1.);
#6650 = DIRECTION('',(0.,0.,1.));
#6651 = PCURVE('',#5142,#6652);
#6652 = DEFINITIONAL_REPRESENTATION('',(#6653),#6657);
#6653 = LINE('',#6654,#6655);
#6654 = CARTESIAN_POINT('',(0.,0.));
#6655 = VECTOR('',#6656,1.);
#6656 = DIRECTION('',(0.,-1.));
#6657 = ( GEOMETRIC_REPRESENTATION_CONTEXT(2) 
PARAMETRIC_REPRESENTATION_CONTEXT() REPRESENTATION_CONTEXT('2D SPACE',''
  ) );
#6658 = PCURVE('',#5229,#6659);
#6659 = DEFINITIONAL_REPRESENTATION('',(#6660),#6664);
#6660 = LINE('',#6661,#6662);
#6661 = CARTESIAN_POINT('',(12.,0.));
#6662 = VECTOR('',#6663,1.);
#6663 = DIRECTION('',(0.,-1.));
#6664 = ( GEOMETRIC_REPRESENTATION_CONTEXT(2) 
PARAMETRIC_REPRESENTATION_CONTEXT() REPRESENTATION_CONTEXT('2D SPACE',''
  ) );
#6665 = ORIENTED_EDGE('',*,*,#6666,.T.);
#6666 = EDGE_CURVE('',#6644,#6667,#6669,.T.);
#6667 = VERTEX_POINT('',#6668);
#6668 = CARTESIAN_POINT('',(-24.5,-6.,22.));
#6669 = SURFACE_CURVE('',#6670,(#6675,#6682),.PCURVE_S1.);
#6670 = CIRCLE('',#6671,1.5);
#6671 = AXIS2_PLACEMENT_3D('',#6672,#6673,#6674);
#6672 = CARTESIAN_POINT('',(-23.,-6.,22.));
#6673 = DIRECTION('',(0.,-0.,-1.));
#6674 = DIRECTION('',(1.,-1.110223024625E-16,0.));
#6675 = PCURVE('',#5142,#6676);
#6676 = DEFINITIONAL_REPRESENTATION('',(#6677),#6681);
#6677 = LINE('',#6678,#6679);
#6678 = CARTESIAN_POINT('',(0.,-4.));
#6679 = VECTOR('',#6680,1.);
#6680 = DIRECTION('',(1.,0.));
#6681 = ( GEOMETRIC_REPRESENTATION_CONTEXT(2) 
PARAMETRIC_REPRESENTATION_CONTEXT() REPRESENTATION_CONTEXT('2D SPACE',''
  ) );
#6682 = PCURVE('',#6683,#6688);
#6683 = PLANE('',#6684);
#6684 = AXIS2_PLACEMENT_3D('',#6685,#6686,#6687);
#6685 = CARTESIAN_POINT('',(-37.,-33.,22.));
#6686 = DIRECTION('',(0.,0.,1.));
#6687 = DIRECTION('',(1.,0.,0.));
#6688 = DEFINITIONAL_REPRESENTATION('',(#6689),#6697);
#6689 = ( BOUNDED_CURVE() B_SPLINE_CURVE(2,(#6690,#6691,#6692,#6693,
#6694,#6695,#6696),.UNSPECIFIED.,.T.,.F.) B_SPLINE_CURVE_WITH_KNOTS((1,2
    ,2,2,2,1),(-2.094395102393,0.,2.094395102393,4.188790204786,
6.28318530718,8.377580409573),.UNSPECIFIED.) CURVE() 
GEOMETRIC_REPRESENTATION_ITEM() RATIONAL_B_SPLINE_CURVE((1.,0.5,1.,0.5,
1.,0.5,1.)) REPRESENTATION_ITEM('') );
#6690 = CARTESIAN_POINT('',(15.5,27.));
#6691 = CARTESIAN_POINT('',(15.5,24.401923788647));
#6692 = CARTESIAN_POINT('',(13.25,25.700961894323));
#6693 = CARTESIAN_POINT('',(11.,27.));
#6694 = CARTESIAN_POINT('',(13.25,28.299038105677));
#6695 = CARTESIAN_POINT('',(15.5,29.598076211353));
#6696 = CARTESIAN_POINT('',(15.5,27.));
#6697 = ( GEOMETRIC_REPRESENTATION_CONTEXT(2) 
PARAMETRIC_REPRESENTATION_CONTEXT() REPRESENTATION_CONTEXT('2D SPACE',''
  ) );
#6698 = ORIENTED_EDGE('',*,*,#6699,.F.);
#6699 = EDGE_CURVE('',#5122,#6667,#6700,.T.);
#6700 = SURFACE_CURVE('',#6701,(#6705,#6712),.PCURVE_S1.);
#6701 = LINE('',#6702,#6703);
#6702 = CARTESIAN_POINT('',(-24.5,-6.,18.));
#6703 = VECTOR('',#6704,1.);
#6704 = DIRECTION('',(0.,0.,1.));
#6705 = PCURVE('',#5142,#6706);
#6706 = DEFINITIONAL_REPRESENTATION('',(#6707),#6711);
#6707 = LINE('',#6708,#6709);
#6708 = CARTESIAN_POINT('',(3.14159265359,0.));
#6709 = VECTOR('',#6710,1.);
#6710 = DIRECTION('',(0.,-1.));
#6711 = ( GEOMETRIC_REPRESENTATION_CONTEXT(2) 
PARAMETRIC_REPRESENTATION_CONTEXT() REPRESENTATION_CONTEXT('2D SPACE',''
  ) );
#6712 = PCURVE('',#5170,#6713);
#6713 = DEFINITIONAL_REPRESENTATION('',(#6714),#6718);
#6714 = LINE('',#6715,#6716);
#6715 = CARTESIAN_POINT('',(0.,0.));
#6716 = VECTOR('',#6717,1.);
#6717 = DIRECTION('',(0.,-1.));
#6718 = ( GEOMETRIC_REPRESENTATION_CONTEXT(2) 
PARAMETRIC_REPRESENTATION_CONTEXT() REPRESENTATION_CONTEXT('2D SPACE',''
  ) );
#6719 = ADVANCED_FACE('',(#6720),#5229,.F.);
#6720 = FACE_BOUND('',#6721,.F.);
#6721 = EDGE_LOOP('',(#6722,#6723,#6746,#6767));
#6722 = ORIENTED_EDGE('',*,*,#5215,.F.);
#6723 = ORIENTED_EDGE('',*,*,#6724,.T.);
#6724 = EDGE_CURVE('',#5183,#6725,#6727,.T.);
#6725 = VERTEX_POINT('',#6726);
#6726 = CARTESIAN_POINT('',(-21.5,6.,22.));
#6727 = SURFACE_CURVE('',#6728,(#6732,#6739),.PCURVE_S1.);
#6728 = LINE('',#6729,#6730);
#6729 = CARTESIAN_POINT('',(-21.5,6.,18.));
#6730 = VECTOR('',#6731,1.);
#6731 = DIRECTION('',(0.,0.,1.));
#6732 = PCURVE('',#5229,#6733);
#6733 = DEFINITIONAL_REPRESENTATION('',(#6734),#6738);
#6734 = LINE('',#6735,#6736);
#6735 = CARTESIAN_POINT('',(0.,0.));
#6736 = VECTOR('',#6737,1.);
#6737 = DIRECTION('',(0.,-1.));
#6738 = ( GEOMETRIC_REPRESENTATION_CONTEXT(2) 
PARAMETRIC_REPRESENTATION_CONTEXT() REPRESENTATION_CONTEXT('2D SPACE',''
  ) );
#6739 = PCURVE('',#5203,#6740);
#6740 = DEFINITIONAL_REPRESENTATION('',(#6741),#6745);
#6741 = LINE('',#6742,#6743);
#6742 = CARTESIAN_POINT('',(3.14159265359,0.));
#6743 = VECTOR('',#6744,1.);
#6744 = DIRECTION('',(0.,-1.));
#6745 = ( GEOMETRIC_REPRESENTATION_CONTEXT(2) 
PARAMETRIC_REPRESENTATION_CONTEXT() REPRESENTATION_CONTEXT('2D SPACE',''
  ) );
#6746 = ORIENTED_EDGE('',*,*,#6747,.F.);
#6747 = EDGE_CURVE('',#6644,#6725,#6748,.T.);
#6748 = SURFACE_CURVE('',#6749,(#6753,#6760),.PCURVE_S1.);
#6749 = LINE('',#6750,#6751);
#6750 = CARTESIAN_POINT('',(-21.5,-13.5,22.));
#6751 = VECTOR('',#6752,1.);
#6752 = DIRECTION('',(1.110223024625E-16,1.,-0.));
#6753 = PCURVE('',#5229,#6754);
#6754 = DEFINITIONAL_REPRESENTATION('',(#6755),#6759);
#6755 = LINE('',#6756,#6757);
#6756 = CARTESIAN_POINT('',(19.5,-4.));
#6757 = VECTOR('',#6758,1.);
#6758 = DIRECTION('',(-1.,0.));
#6759 = ( GEOMETRIC_REPRESENTATION_CONTEXT(2) 
PARAMETRIC_REPRESENTATION_CONTEXT() REPRESENTATION_CONTEXT('2D SPACE',''
  ) );
#6760 = PCURVE('',#6683,#6761);
#6761 = DEFINITIONAL_REPRESENTATION('',(#6762),#6766);
#6762 = LINE('',#6763,#6764);
#6763 = CARTESIAN_POINT('',(15.5,19.5));
#6764 = VECTOR('',#6765,1.);
#6765 = DIRECTION('',(1.110223024625E-16,1.));
#6766 = ( GEOMETRIC_REPRESENTATION_CONTEXT(2) 
PARAMETRIC_REPRESENTATION_CONTEXT() REPRESENTATION_CONTEXT('2D SPACE',''
  ) );
#6767 = ORIENTED_EDGE('',*,*,#6643,.F.);
#6768 = ADVANCED_FACE('',(#6769),#5203,.F.);
#6769 = FACE_BOUND('',#6770,.F.);
#6770 = EDGE_LOOP('',(#6771,#6772,#6795,#6821));
#6771 = ORIENTED_EDGE('',*,*,#5182,.F.);
#6772 = ORIENTED_EDGE('',*,*,#6773,.T.);
#6773 = EDGE_CURVE('',#5155,#6774,#6776,.T.);
#6774 = VERTEX_POINT('',#6775);
#6775 = CARTESIAN_POINT('',(-24.5,6.,22.));
#6776 = SURFACE_CURVE('',#6777,(#6781,#6788),.PCURVE_S1.);
#6777 = LINE('',#6778,#6779);
#6778 = CARTESIAN_POINT('',(-24.5,6.,18.));
#6779 = VECTOR('',#6780,1.);
#6780 = DIRECTION('',(0.,0.,1.));
#6781 = PCURVE('',#5203,#6782);
#6782 = DEFINITIONAL_REPRESENTATION('',(#6783),#6787);
#6783 = LINE('',#6784,#6785);
#6784 = CARTESIAN_POINT('',(0.,0.));
#6785 = VECTOR('',#6786,1.);
#6786 = DIRECTION('',(0.,-1.));
#6787 = ( GEOMETRIC_REPRESENTATION_CONTEXT(2) 
PARAMETRIC_REPRESENTATION_CONTEXT() REPRESENTATION_CONTEXT('2D SPACE',''
  ) );
#6788 = PCURVE('',#5170,#6789);
#6789 = DEFINITIONAL_REPRESENTATION('',(#6790),#6794);
#6790 = LINE('',#6791,#6792);
#6791 = CARTESIAN_POINT('',(12.,0.));
#6792 = VECTOR('',#6793,1.);
#6793 = DIRECTION('',(0.,-1.));
#6794 = ( GEOMETRIC_REPRESENTATION_CONTEXT(2) 
PARAMETRIC_REPRESENTATION_CONTEXT() REPRESENTATION_CONTEXT('2D SPACE',''
  ) );
#6795 = ORIENTED_EDGE('',*,*,#6796,.T.);
#6796 = EDGE_CURVE('',#6774,#6725,#6797,.T.);
#6797 = SURFACE_CURVE('',#6798,(#6803,#6810),.PCURVE_S1.);
#6798 = CIRCLE('',#6799,1.5);
#6799 = AXIS2_PLACEMENT_3D('',#6800,#6801,#6802);
#6800 = CARTESIAN_POINT('',(-23.,6.,22.));
#6801 = DIRECTION('',(0.,0.,-1.));
#6802 = DIRECTION('',(-1.,1.110223024625E-16,0.));
#6803 = PCURVE('',#5203,#6804);
#6804 = DEFINITIONAL_REPRESENTATION('',(#6805),#6809);
#6805 = LINE('',#6806,#6807);
#6806 = CARTESIAN_POINT('',(0.,-4.));
#6807 = VECTOR('',#6808,1.);
#6808 = DIRECTION('',(1.,0.));
#6809 = ( GEOMETRIC_REPRESENTATION_CONTEXT(2) 
PARAMETRIC_REPRESENTATION_CONTEXT() REPRESENTATION_CONTEXT('2D SPACE',''
  ) );
#6810 = PCURVE('',#6683,#6811);
#6811 = DEFINITIONAL_REPRESENTATION('',(#6812),#6820);
#6812 = ( BOUNDED_CURVE() B_SPLINE_CURVE(2,(#6813,#6814,#6815,#6816,
#6817,#6818,#6819),.UNSPECIFIED.,.T.,.F.) B_SPLINE_CURVE_WITH_KNOTS((1,2
    ,2,2,2,1),(-2.094395102393,0.,2.094395102393,4.188790204786,
6.28318530718,8.377580409573),.UNSPECIFIED.) CURVE() 
GEOMETRIC_REPRESENTATION_ITEM() RATIONAL_B_SPLINE_CURVE((1.,0.5,1.,0.5,
1.,0.5,1.)) REPRESENTATION_ITEM('') );
#6813 = CARTESIAN_POINT('',(12.5,39.));
#6814 = CARTESIAN_POINT('',(12.5,41.598076211353));
#6815 = CARTESIAN_POINT('',(14.75,40.299038105677));
#6816 = CARTESIAN_POINT('',(17.,39.));
#6817 = CARTESIAN_POINT('',(14.75,37.700961894323));
#6818 = CARTESIAN_POINT('',(12.5,36.401923788647));
#6819 = CARTESIAN_POINT('',(12.5,39.));
#6820 = ( GEOMETRIC_REPRESENTATION_CONTEXT(2) 
PARAMETRIC_REPRESENTATION_CONTEXT() REPRESENTATION_CONTEXT('2D SPACE',''
  ) );
#6821 = ORIENTED_EDGE('',*,*,#6724,.F.);
#6822 = ADVANCED_FACE('',(#6823),#5170,.F.);
#6823 = FACE_BOUND('',#6824,.F.);
#6824 = EDGE_LOOP('',(#6825,#6826,#6827,#6848));
#6825 = ORIENTED_EDGE('',*,*,#5154,.F.);
#6826 = ORIENTED_EDGE('',*,*,#6699,.T.);
#6827 = ORIENTED_EDGE('',*,*,#6828,.F.);
#6828 = EDGE_CURVE('',#6774,#6667,#6829,.T.);
#6829 = SURFACE_CURVE('',#6830,(#6834,#6841),.PCURVE_S1.);
#6830 = LINE('',#6831,#6832);
#6831 = CARTESIAN_POINT('',(-24.5,-19.5,22.));
#6832 = VECTOR('',#6833,1.);
#6833 = DIRECTION('',(-1.110223024625E-16,-1.,0.));
#6834 = PCURVE('',#5170,#6835);
#6835 = DEFINITIONAL_REPRESENTATION('',(#6836),#6840);
#6836 = LINE('',#6837,#6838);
#6837 = CARTESIAN_POINT('',(-13.5,-4.));
#6838 = VECTOR('',#6839,1.);
#6839 = DIRECTION('',(-1.,-0.));
#6840 = ( GEOMETRIC_REPRESENTATION_CONTEXT(2) 
PARAMETRIC_REPRESENTATION_CONTEXT() REPRESENTATION_CONTEXT('2D SPACE',''
  ) );
#6841 = PCURVE('',#6683,#6842);
#6842 = DEFINITIONAL_REPRESENTATION('',(#6843),#6847);
#6843 = LINE('',#6844,#6845);
#6844 = CARTESIAN_POINT('',(12.5,13.5));
#6845 = VECTOR('',#6846,1.);
#6846 = DIRECTION('',(-1.110223024625E-16,-1.));
#6847 = ( GEOMETRIC_REPRESENTATION_CONTEXT(2) 
PARAMETRIC_REPRESENTATION_CONTEXT() REPRESENTATION_CONTEXT('2D SPACE',''
  ) );
#6848 = ORIENTED_EDGE('',*,*,#6773,.F.);
#6849 = ADVANCED_FACE('',(#6850),#5292,.F.);
#6850 = FACE_BOUND('',#6851,.F.);
#6851 = EDGE_LOOP('',(#6852,#6853,#6876,#6904));
#6852 = ORIENTED_EDGE('',*,*,#5269,.F.);
#6853 = ORIENTED_EDGE('',*,*,#6854,.T.);
#6854 = EDGE_CURVE('',#5270,#6855,#6857,.T.);
#6855 = VERTEX_POINT('',#6856);
#6856 = CARTESIAN_POINT('',(-4.5,-5.5,22.));
#6857 = SURFACE_CURVE('',#6858,(#6862,#6869),.PCURVE_S1.);
#6858 = LINE('',#6859,#6860);
#6859 = CARTESIAN_POINT('',(-4.5,-5.5,18.));
#6860 = VECTOR('',#6861,1.);
#6861 = DIRECTION('',(0.,0.,1.));
#6862 = PCURVE('',#5292,#6863);
#6863 = DEFINITIONAL_REPRESENTATION('',(#6864),#6868);
#6864 = LINE('',#6865,#6866);
#6865 = CARTESIAN_POINT('',(0.,0.));
#6866 = VECTOR('',#6867,1.);
#6867 = DIRECTION('',(0.,-1.));
#6868 = ( GEOMETRIC_REPRESENTATION_CONTEXT(2) 
PARAMETRIC_REPRESENTATION_CONTEXT() REPRESENTATION_CONTEXT('2D SPACE',''
  ) );
#6869 = PCURVE('',#5379,#6870);
#6870 = DEFINITIONAL_REPRESENTATION('',(#6871),#6875);
#6871 = LINE('',#6872,#6873);
#6872 = CARTESIAN_POINT('',(9.,0.));
#6873 = VECTOR('',#6874,1.);
#6874 = DIRECTION('',(0.,-1.));
#6875 = ( GEOMETRIC_REPRESENTATION_CONTEXT(2) 
PARAMETRIC_REPRESENTATION_CONTEXT() REPRESENTATION_CONTEXT('2D SPACE',''
  ) );
#6876 = ORIENTED_EDGE('',*,*,#6877,.T.);
#6877 = EDGE_CURVE('',#6855,#6878,#6880,.T.);
#6878 = VERTEX_POINT('',#6879);
#6879 = CARTESIAN_POINT('',(-4.5,5.5,22.));
#6880 = SURFACE_CURVE('',#6881,(#6886,#6893),.PCURVE_S1.);
#6881 = CIRCLE('',#6882,5.5);
#6882 = AXIS2_PLACEMENT_3D('',#6883,#6884,#6885);
#6883 = CARTESIAN_POINT('',(-4.5,0.,22.));
#6884 = DIRECTION('',(0.,0.,-1.));
#6885 = DIRECTION('',(0.,-1.,0.));
#6886 = PCURVE('',#5292,#6887);
#6887 = DEFINITIONAL_REPRESENTATION('',(#6888),#6892);
#6888 = LINE('',#6889,#6890);
#6889 = CARTESIAN_POINT('',(0.,-4.));
#6890 = VECTOR('',#6891,1.);
#6891 = DIRECTION('',(1.,0.));
#6892 = ( GEOMETRIC_REPRESENTATION_CONTEXT(2) 
PARAMETRIC_REPRESENTATION_CONTEXT() REPRESENTATION_CONTEXT('2D SPACE',''
  ) );
#6893 = PCURVE('',#6683,#6894);
#6894 = DEFINITIONAL_REPRESENTATION('',(#6895),#6903);
#6895 = ( BOUNDED_CURVE() B_SPLINE_CURVE(2,(#6896,#6897,#6898,#6899,
#6900,#6901,#6902),.UNSPECIFIED.,.T.,.F.) B_SPLINE_CURVE_WITH_KNOTS((1,2
    ,2,2,2,1),(-2.094395102393,0.,2.094395102393,4.188790204786,
6.28318530718,8.377580409573),.UNSPECIFIED.) CURVE() 
GEOMETRIC_REPRESENTATION_ITEM() RATIONAL_B_SPLINE_CURVE((1.,0.5,1.,0.5,
1.,0.5,1.)) REPRESENTATION_ITEM('') );
#6896 = CARTESIAN_POINT('',(32.5,27.5));
#6897 = CARTESIAN_POINT('',(22.973720558371,27.5));
#6898 = CARTESIAN_POINT('',(27.736860279186,35.75));
#6899 = CARTESIAN_POINT('',(32.5,44.));
#6900 = CARTESIAN_POINT('',(37.263139720814,35.75));
#6901 = CARTESIAN_POINT('',(42.026279441629,27.5));
#6902 = CARTESIAN_POINT('',(32.5,27.5));
#6903 = ( GEOMETRIC_REPRESENTATION_CONTEXT(2) 
PARAMETRIC_REPRESENTATION_CONTEXT() REPRESENTATION_CONTEXT('2D SPACE',''
  ) );
#6904 = ORIENTED_EDGE('',*,*,#6905,.F.);
#6905 = EDGE_CURVE('',#5272,#6878,#6906,.T.);
#6906 = SURFACE_CURVE('',#6907,(#6911,#6918),.PCURVE_S1.);
#6907 = LINE('',#6908,#6909);
#6908 = CARTESIAN_POINT('',(-4.5,5.5,18.));
#6909 = VECTOR('',#6910,1.);
#6910 = DIRECTION('',(0.,0.,1.));
#6911 = PCURVE('',#5292,#6912);
#6912 = DEFINITIONAL_REPRESENTATION('',(#6913),#6917);
#6913 = LINE('',#6914,#6915);
#6914 = CARTESIAN_POINT('',(3.14159265359,0.));
#6915 = VECTOR('',#6916,1.);
#6916 = DIRECTION('',(0.,-1.));
#6917 = ( GEOMETRIC_REPRESENTATION_CONTEXT(2) 
PARAMETRIC_REPRESENTATION_CONTEXT() REPRESENTATION_CONTEXT('2D SPACE',''
  ) );
#6918 = PCURVE('',#5320,#6919);
#6919 = DEFINITIONAL_REPRESENTATION('',(#6920),#6924);
#6920 = LINE('',#6921,#6922);
#6921 = CARTESIAN_POINT('',(0.,0.));
#6922 = VECTOR('',#6923,1.);
#6923 = DIRECTION('',(0.,-1.));
#6924 = ( GEOMETRIC_REPRESENTATION_CONTEXT(2) 
PARAMETRIC_REPRESENTATION_CONTEXT() REPRESENTATION_CONTEXT('2D SPACE',''
  ) );
#6925 = ADVANCED_FACE('',(#6926),#5379,.F.);
#6926 = FACE_BOUND('',#6927,.F.);
#6927 = EDGE_LOOP('',(#6928,#6929,#6952,#6973));
#6928 = ORIENTED_EDGE('',*,*,#5365,.F.);
#6929 = ORIENTED_EDGE('',*,*,#6930,.T.);
#6930 = EDGE_CURVE('',#5333,#6931,#6933,.T.);
#6931 = VERTEX_POINT('',#6932);
#6932 = CARTESIAN_POINT('',(4.5,-5.5,22.));
#6933 = SURFACE_CURVE('',#6934,(#6938,#6945),.PCURVE_S1.);
#6934 = LINE('',#6935,#6936);
#6935 = CARTESIAN_POINT('',(4.5,-5.5,18.));
#6936 = VECTOR('',#6937,1.);
#6937 = DIRECTION('',(0.,0.,1.));
#6938 = PCURVE('',#5379,#6939);
#6939 = DEFINITIONAL_REPRESENTATION('',(#6940),#6944);
#6940 = LINE('',#6941,#6942);
#6941 = CARTESIAN_POINT('',(0.,-0.));
#6942 = VECTOR('',#6943,1.);
#6943 = DIRECTION('',(0.,-1.));
#6944 = ( GEOMETRIC_REPRESENTATION_CONTEXT(2) 
PARAMETRIC_REPRESENTATION_CONTEXT() REPRESENTATION_CONTEXT('2D SPACE',''
  ) );
#6945 = PCURVE('',#5353,#6946);
#6946 = DEFINITIONAL_REPRESENTATION('',(#6947),#6951);
#6947 = LINE('',#6948,#6949);
#6948 = CARTESIAN_POINT('',(3.14159265359,0.));
#6949 = VECTOR('',#6950,1.);
#6950 = DIRECTION('',(0.,-1.));
#6951 = ( GEOMETRIC_REPRESENTATION_CONTEXT(2) 
PARAMETRIC_REPRESENTATION_CONTEXT() REPRESENTATION_CONTEXT('2D SPACE',''
  ) );
#6952 = ORIENTED_EDGE('',*,*,#6953,.F.);
#6953 = EDGE_CURVE('',#6855,#6931,#6954,.T.);
#6954 = SURFACE_CURVE('',#6955,(#6959,#6966),.PCURVE_S1.);
#6955 = LINE('',#6956,#6957);
#6956 = CARTESIAN_POINT('',(-16.25,-5.5,22.));
#6957 = VECTOR('',#6958,1.);
#6958 = DIRECTION('',(1.,0.,-0.));
#6959 = PCURVE('',#5379,#6960);
#6960 = DEFINITIONAL_REPRESENTATION('',(#6961),#6965);
#6961 = LINE('',#6962,#6963);
#6962 = CARTESIAN_POINT('',(20.75,-4.));
#6963 = VECTOR('',#6964,1.);
#6964 = DIRECTION('',(-1.,0.));
#6965 = ( GEOMETRIC_REPRESENTATION_CONTEXT(2) 
PARAMETRIC_REPRESENTATION_CONTEXT() REPRESENTATION_CONTEXT('2D SPACE',''
  ) );
#6966 = PCURVE('',#6683,#6967);
#6967 = DEFINITIONAL_REPRESENTATION('',(#6968),#6972);
#6968 = LINE('',#6969,#6970);
#6969 = CARTESIAN_POINT('',(20.75,27.5));
#6970 = VECTOR('',#6971,1.);
#6971 = DIRECTION('',(1.,0.));
#6972 = ( GEOMETRIC_REPRESENTATION_CONTEXT(2) 
PARAMETRIC_REPRESENTATION_CONTEXT() REPRESENTATION_CONTEXT('2D SPACE',''
  ) );
#6973 = ORIENTED_EDGE('',*,*,#6854,.F.);
#6974 = ADVANCED_FACE('',(#6975),#5320,.F.);
#6975 = FACE_BOUND('',#6976,.F.);
#6976 = EDGE_LOOP('',(#6977,#6978,#6979,#7002));
#6977 = ORIENTED_EDGE('',*,*,#5304,.F.);
#6978 = ORIENTED_EDGE('',*,*,#6905,.T.);
#6979 = ORIENTED_EDGE('',*,*,#6980,.F.);
#6980 = EDGE_CURVE('',#6981,#6878,#6983,.T.);
#6981 = VERTEX_POINT('',#6982);
#6982 = CARTESIAN_POINT('',(4.5,5.5,22.));
#6983 = SURFACE_CURVE('',#6984,(#6988,#6995),.PCURVE_S1.);
#6984 = LINE('',#6985,#6986);
#6985 = CARTESIAN_POINT('',(-20.75,5.5,22.));
#6986 = VECTOR('',#6987,1.);
#6987 = DIRECTION('',(-1.,0.,0.));
#6988 = PCURVE('',#5320,#6989);
#6989 = DEFINITIONAL_REPRESENTATION('',(#6990),#6994);
#6990 = LINE('',#6991,#6992);
#6991 = CARTESIAN_POINT('',(-16.25,-4.));
#6992 = VECTOR('',#6993,1.);
#6993 = DIRECTION('',(-1.,0.));
#6994 = ( GEOMETRIC_REPRESENTATION_CONTEXT(2) 
PARAMETRIC_REPRESENTATION_CONTEXT() REPRESENTATION_CONTEXT('2D SPACE',''
  ) );
#6995 = PCURVE('',#6683,#6996);
#6996 = DEFINITIONAL_REPRESENTATION('',(#6997),#7001);
#6997 = LINE('',#6998,#6999);
#6998 = CARTESIAN_POINT('',(16.25,38.5));
#6999 = VECTOR('',#7000,1.);
#7000 = DIRECTION('',(-1.,0.));
#7001 = ( GEOMETRIC_REPRESENTATION_CONTEXT(2) 
PARAMETRIC_REPRESENTATION_CONTEXT() REPRESENTATION_CONTEXT('2D SPACE',''
  ) );
#7002 = ORIENTED_EDGE('',*,*,#7003,.F.);
#7003 = EDGE_CURVE('',#5305,#6981,#7004,.T.);
#7004 = SURFACE_CURVE('',#7005,(#7009,#7016),.PCURVE_S1.);
#7005 = LINE('',#7006,#7007);
#7006 = CARTESIAN_POINT('',(4.5,5.5,18.));
#7007 = VECTOR('',#7008,1.);
#7008 = DIRECTION('',(0.,0.,1.));
#7009 = PCURVE('',#5320,#7010);
#7010 = DEFINITIONAL_REPRESENTATION('',(#7011),#7015);
#7011 = LINE('',#7012,#7013);
#7012 = CARTESIAN_POINT('',(9.,0.));
#7013 = VECTOR('',#7014,1.);
#7014 = DIRECTION('',(0.,-1.));
#7015 = ( GEOMETRIC_REPRESENTATION_CONTEXT(2) 
PARAMETRIC_REPRESENTATION_CONTEXT() REPRESENTATION_CONTEXT('2D SPACE',''
  ) );
#7016 = PCURVE('',#5353,#7017);
#7017 = DEFINITIONAL_REPRESENTATION('',(#7018),#7022);
#7018 = LINE('',#7019,#7020);
#7019 = CARTESIAN_POINT('',(0.,0.));
#7020 = VECTOR('',#7021,1.);
#7021 = DIRECTION('',(0.,-1.));
#7022 = ( GEOMETRIC_REPRESENTATION_CONTEXT(2) 
PARAMETRIC_REPRESENTATION_CONTEXT() REPRESENTATION_CONTEXT('2D SPACE',''
  ) );
#7023 = ADVANCED_FACE('',(#7024),#5353,.F.);
#7024 = FACE_BOUND('',#7025,.F.);
#7025 = EDGE_LOOP('',(#7026,#7027,#7028,#7054));
#7026 = ORIENTED_EDGE('',*,*,#5332,.F.);
#7027 = ORIENTED_EDGE('',*,*,#7003,.T.);
#7028 = ORIENTED_EDGE('',*,*,#7029,.T.);
#7029 = EDGE_CURVE('',#6981,#6931,#7030,.T.);
#7030 = SURFACE_CURVE('',#7031,(#7036,#7043),.PCURVE_S1.);
#7031 = CIRCLE('',#7032,5.5);
#7032 = AXIS2_PLACEMENT_3D('',#7033,#7034,#7035);
#7033 = CARTESIAN_POINT('',(4.5,0.,22.));
#7034 = DIRECTION('',(0.,0.,-1.));
#7035 = DIRECTION('',(0.,1.,0.));
#7036 = PCURVE('',#5353,#7037);
#7037 = DEFINITIONAL_REPRESENTATION('',(#7038),#7042);
#7038 = LINE('',#7039,#7040);
#7039 = CARTESIAN_POINT('',(0.,-4.));
#7040 = VECTOR('',#7041,1.);
#7041 = DIRECTION('',(1.,0.));
#7042 = ( GEOMETRIC_REPRESENTATION_CONTEXT(2) 
PARAMETRIC_REPRESENTATION_CONTEXT() REPRESENTATION_CONTEXT('2D SPACE',''
  ) );
#7043 = PCURVE('',#6683,#7044);
#7044 = DEFINITIONAL_REPRESENTATION('',(#7045),#7053);
#7045 = ( BOUNDED_CURVE() B_SPLINE_CURVE(2,(#7046,#7047,#7048,#7049,
#7050,#7051,#7052),.UNSPECIFIED.,.T.,.F.) B_SPLINE_CURVE_WITH_KNOTS((1,2
    ,2,2,2,1),(-2.094395102393,0.,2.094395102393,4.188790204786,
6.28318530718,8.377580409573),.UNSPECIFIED.) CURVE() 
GEOMETRIC_REPRESENTATION_ITEM() RATIONAL_B_SPLINE_CURVE((1.,0.5,1.,0.5,
1.,0.5,1.)) REPRESENTATION_ITEM('') );
#7046 = CARTESIAN_POINT('',(41.5,38.5));
#7047 = CARTESIAN_POINT('',(51.026279441629,38.5));
#7048 = CARTESIAN_POINT('',(46.263139720814,30.25));
#7049 = CARTESIAN_POINT('',(41.5,22.));
#7050 = CARTESIAN_POINT('',(36.736860279186,30.25));
#7051 = CARTESIAN_POINT('',(31.973720558371,38.5));
#7052 = CARTESIAN_POINT('',(41.5,38.5));
#7053 = ( GEOMETRIC_REPRESENTATION_CONTEXT(2) 
PARAMETRIC_REPRESENTATION_CONTEXT() REPRESENTATION_CONTEXT('2D SPACE',''
  ) );
#7054 = ORIENTED_EDGE('',*,*,#6930,.F.);
#7055 = ADVANCED_FACE('',(#7056),#5416,.F.);
#7056 = FACE_BOUND('',#7057,.F.);
#7057 = EDGE_LOOP('',(#7058,#7059,#7082,#7110));
#7058 = ORIENTED_EDGE('',*,*,#5393,.F.);
#7059 = ORIENTED_EDGE('',*,*,#7060,.T.);
#7060 = EDGE_CURVE('',#5394,#7061,#7063,.T.);
#7061 = VERTEX_POINT('',#7062);
#7062 = CARTESIAN_POINT('',(24.5,-6.,22.));
#7063 = SURFACE_CURVE('',#7064,(#7068,#7075),.PCURVE_S1.);
#7064 = LINE('',#7065,#7066);
#7065 = CARTESIAN_POINT('',(24.5,-6.,18.));
#7066 = VECTOR('',#7067,1.);
#7067 = DIRECTION('',(0.,0.,1.));
#7068 = PCURVE('',#5416,#7069);
#7069 = DEFINITIONAL_REPRESENTATION('',(#7070),#7074);
#7070 = LINE('',#7071,#7072);
#7071 = CARTESIAN_POINT('',(0.,0.));
#7072 = VECTOR('',#7073,1.);
#7073 = DIRECTION('',(0.,-1.));
#7074 = ( GEOMETRIC_REPRESENTATION_CONTEXT(2) 
PARAMETRIC_REPRESENTATION_CONTEXT() REPRESENTATION_CONTEXT('2D SPACE',''
  ) );
#7075 = PCURVE('',#5503,#7076);
#7076 = DEFINITIONAL_REPRESENTATION('',(#7077),#7081);
#7077 = LINE('',#7078,#7079);
#7078 = CARTESIAN_POINT('',(12.,0.));
#7079 = VECTOR('',#7080,1.);
#7080 = DIRECTION('',(0.,-1.));
#7081 = ( GEOMETRIC_REPRESENTATION_CONTEXT(2) 
PARAMETRIC_REPRESENTATION_CONTEXT() REPRESENTATION_CONTEXT('2D SPACE',''
  ) );
#7082 = ORIENTED_EDGE('',*,*,#7083,.T.);
#7083 = EDGE_CURVE('',#7061,#7084,#7086,.T.);
#7084 = VERTEX_POINT('',#7085);
#7085 = CARTESIAN_POINT('',(21.5,-6.,22.));
#7086 = SURFACE_CURVE('',#7087,(#7092,#7099),.PCURVE_S1.);
#7087 = CIRCLE('',#7088,1.5);
#7088 = AXIS2_PLACEMENT_3D('',#7089,#7090,#7091);
#7089 = CARTESIAN_POINT('',(23.,-6.,22.));
#7090 = DIRECTION('',(0.,-0.,-1.));
#7091 = DIRECTION('',(1.,-1.110223024625E-16,0.));
#7092 = PCURVE('',#5416,#7093);
#7093 = DEFINITIONAL_REPRESENTATION('',(#7094),#7098);
#7094 = LINE('',#7095,#7096);
#7095 = CARTESIAN_POINT('',(0.,-4.));
#7096 = VECTOR('',#7097,1.);
#7097 = DIRECTION('',(1.,0.));
#7098 = ( GEOMETRIC_REPRESENTATION_CONTEXT(2) 
PARAMETRIC_REPRESENTATION_CONTEXT() REPRESENTATION_CONTEXT('2D SPACE',''
  ) );
#7099 = PCURVE('',#6683,#7100);
#7100 = DEFINITIONAL_REPRESENTATION('',(#7101),#7109);
#7101 = ( BOUNDED_CURVE() B_SPLINE_CURVE(2,(#7102,#7103,#7104,#7105,
#7106,#7107,#7108),.UNSPECIFIED.,.T.,.F.) B_SPLINE_CURVE_WITH_KNOTS((1,2
    ,2,2,2,1),(-2.094395102393,0.,2.094395102393,4.188790204786,
6.28318530718,8.377580409573),.UNSPECIFIED.) CURVE() 
GEOMETRIC_REPRESENTATION_ITEM() RATIONAL_B_SPLINE_CURVE((1.,0.5,1.,0.5,
1.,0.5,1.)) REPRESENTATION_ITEM('') );
#7102 = CARTESIAN_POINT('',(61.5,27.));
#7103 = CARTESIAN_POINT('',(61.5,24.401923788647));
#7104 = CARTESIAN_POINT('',(59.25,25.700961894323));
#7105 = CARTESIAN_POINT('',(57.,27.));
#7106 = CARTESIAN_POINT('',(59.25,28.299038105677));
#7107 = CARTESIAN_POINT('',(61.5,29.598076211353));
#7108 = CARTESIAN_POINT('',(61.5,27.));
#7109 = ( GEOMETRIC_REPRESENTATION_CONTEXT(2) 
PARAMETRIC_REPRESENTATION_CONTEXT() REPRESENTATION_CONTEXT('2D SPACE',''
  ) );
#7110 = ORIENTED_EDGE('',*,*,#7111,.F.);
#7111 = EDGE_CURVE('',#5396,#7084,#7112,.T.);
#7112 = SURFACE_CURVE('',#7113,(#7117,#7124),.PCURVE_S1.);
#7113 = LINE('',#7114,#7115);
#7114 = CARTESIAN_POINT('',(21.5,-6.,18.));
#7115 = VECTOR('',#7116,1.);
#7116 = DIRECTION('',(0.,0.,1.));
#7117 = PCURVE('',#5416,#7118);
#7118 = DEFINITIONAL_REPRESENTATION('',(#7119),#7123);
#7119 = LINE('',#7120,#7121);
#7120 = CARTESIAN_POINT('',(3.14159265359,0.));
#7121 = VECTOR('',#7122,1.);
#7122 = DIRECTION('',(0.,-1.));
#7123 = ( GEOMETRIC_REPRESENTATION_CONTEXT(2) 
PARAMETRIC_REPRESENTATION_CONTEXT() REPRESENTATION_CONTEXT('2D SPACE',''
  ) );
#7124 = PCURVE('',#5444,#7125);
#7125 = DEFINITIONAL_REPRESENTATION('',(#7126),#7130);
#7126 = LINE('',#7127,#7128);
#7127 = CARTESIAN_POINT('',(0.,0.));
#7128 = VECTOR('',#7129,1.);
#7129 = DIRECTION('',(0.,-1.));
#7130 = ( GEOMETRIC_REPRESENTATION_CONTEXT(2) 
PARAMETRIC_REPRESENTATION_CONTEXT() REPRESENTATION_CONTEXT('2D SPACE',''
  ) );
#7131 = ADVANCED_FACE('',(#7132),#5503,.F.);
#7132 = FACE_BOUND('',#7133,.F.);
#7133 = EDGE_LOOP('',(#7134,#7135,#7158,#7179));
#7134 = ORIENTED_EDGE('',*,*,#5489,.F.);
#7135 = ORIENTED_EDGE('',*,*,#7136,.T.);
#7136 = EDGE_CURVE('',#5457,#7137,#7139,.T.);
#7137 = VERTEX_POINT('',#7138);
#7138 = CARTESIAN_POINT('',(24.5,6.,22.));
#7139 = SURFACE_CURVE('',#7140,(#7144,#7151),.PCURVE_S1.);
#7140 = LINE('',#7141,#7142);
#7141 = CARTESIAN_POINT('',(24.5,6.,18.));
#7142 = VECTOR('',#7143,1.);
#7143 = DIRECTION('',(0.,0.,1.));
#7144 = PCURVE('',#5503,#7145);
#7145 = DEFINITIONAL_REPRESENTATION('',(#7146),#7150);
#7146 = LINE('',#7147,#7148);
#7147 = CARTESIAN_POINT('',(0.,0.));
#7148 = VECTOR('',#7149,1.);
#7149 = DIRECTION('',(0.,-1.));
#7150 = ( GEOMETRIC_REPRESENTATION_CONTEXT(2) 
PARAMETRIC_REPRESENTATION_CONTEXT() REPRESENTATION_CONTEXT('2D SPACE',''
  ) );
#7151 = PCURVE('',#5477,#7152);
#7152 = DEFINITIONAL_REPRESENTATION('',(#7153),#7157);
#7153 = LINE('',#7154,#7155);
#7154 = CARTESIAN_POINT('',(3.14159265359,0.));
#7155 = VECTOR('',#7156,1.);
#7156 = DIRECTION('',(0.,-1.));
#7157 = ( GEOMETRIC_REPRESENTATION_CONTEXT(2) 
PARAMETRIC_REPRESENTATION_CONTEXT() REPRESENTATION_CONTEXT('2D SPACE',''
  ) );
#7158 = ORIENTED_EDGE('',*,*,#7159,.F.);
#7159 = EDGE_CURVE('',#7061,#7137,#7160,.T.);
#7160 = SURFACE_CURVE('',#7161,(#7165,#7172),.PCURVE_S1.);
#7161 = LINE('',#7162,#7163);
#7162 = CARTESIAN_POINT('',(24.5,-13.5,22.));
#7163 = VECTOR('',#7164,1.);
#7164 = DIRECTION('',(1.110223024625E-16,1.,-0.));
#7165 = PCURVE('',#5503,#7166);
#7166 = DEFINITIONAL_REPRESENTATION('',(#7167),#7171);
#7167 = LINE('',#7168,#7169);
#7168 = CARTESIAN_POINT('',(19.5,-4.));
#7169 = VECTOR('',#7170,1.);
#7170 = DIRECTION('',(-1.,0.));
#7171 = ( GEOMETRIC_REPRESENTATION_CONTEXT(2) 
PARAMETRIC_REPRESENTATION_CONTEXT() REPRESENTATION_CONTEXT('2D SPACE',''
  ) );
#7172 = PCURVE('',#6683,#7173);
#7173 = DEFINITIONAL_REPRESENTATION('',(#7174),#7178);
#7174 = LINE('',#7175,#7176);
#7175 = CARTESIAN_POINT('',(61.5,19.5));
#7176 = VECTOR('',#7177,1.);
#7177 = DIRECTION('',(1.110223024625E-16,1.));
#7178 = ( GEOMETRIC_REPRESENTATION_CONTEXT(2) 
PARAMETRIC_REPRESENTATION_CONTEXT() REPRESENTATION_CONTEXT('2D SPACE',''
  ) );
#7179 = ORIENTED_EDGE('',*,*,#7060,.F.);
#7180 = ADVANCED_FACE('',(#7181),#5477,.F.);
#7181 = FACE_BOUND('',#7182,.F.);
#7182 = EDGE_LOOP('',(#7183,#7184,#7207,#7233));
#7183 = ORIENTED_EDGE('',*,*,#5456,.F.);
#7184 = ORIENTED_EDGE('',*,*,#7185,.T.);
#7185 = EDGE_CURVE('',#5429,#7186,#7188,.T.);
#7186 = VERTEX_POINT('',#7187);
#7187 = CARTESIAN_POINT('',(21.5,6.,22.));
#7188 = SURFACE_CURVE('',#7189,(#7193,#7200),.PCURVE_S1.);
#7189 = LINE('',#7190,#7191);
#7190 = CARTESIAN_POINT('',(21.5,6.,18.));
#7191 = VECTOR('',#7192,1.);
#7192 = DIRECTION('',(0.,0.,1.));
#7193 = PCURVE('',#5477,#7194);
#7194 = DEFINITIONAL_REPRESENTATION('',(#7195),#7199);
#7195 = LINE('',#7196,#7197);
#7196 = CARTESIAN_POINT('',(0.,0.));
#7197 = VECTOR('',#7198,1.);
#7198 = DIRECTION('',(0.,-1.));
#7199 = ( GEOMETRIC_REPRESENTATION_CONTEXT(2) 
PARAMETRIC_REPRESENTATION_CONTEXT() REPRESENTATION_CONTEXT('2D SPACE',''
  ) );
#7200 = PCURVE('',#5444,#7201);
#7201 = DEFINITIONAL_REPRESENTATION('',(#7202),#7206);
#7202 = LINE('',#7203,#7204);
#7203 = CARTESIAN_POINT('',(12.,0.));
#7204 = VECTOR('',#7205,1.);
#7205 = DIRECTION('',(0.,-1.));
#7206 = ( GEOMETRIC_REPRESENTATION_CONTEXT(2) 
PARAMETRIC_REPRESENTATION_CONTEXT() REPRESENTATION_CONTEXT('2D SPACE',''
  ) );
#7207 = ORIENTED_EDGE('',*,*,#7208,.T.);
#7208 = EDGE_CURVE('',#7186,#7137,#7209,.T.);
#7209 = SURFACE_CURVE('',#7210,(#7215,#7222),.PCURVE_S1.);
#7210 = CIRCLE('',#7211,1.5);
#7211 = AXIS2_PLACEMENT_3D('',#7212,#7213,#7214);
#7212 = CARTESIAN_POINT('',(23.,6.,22.));
#7213 = DIRECTION('',(0.,0.,-1.));
#7214 = DIRECTION('',(-1.,1.110223024625E-16,0.));
#7215 = PCURVE('',#5477,#7216);
#7216 = DEFINITIONAL_REPRESENTATION('',(#7217),#7221);
#7217 = LINE('',#7218,#7219);
#7218 = CARTESIAN_POINT('',(0.,-4.));
#7219 = VECTOR('',#7220,1.);
#7220 = DIRECTION('',(1.,0.));
#7221 = ( GEOMETRIC_REPRESENTATION_CONTEXT(2) 
PARAMETRIC_REPRESENTATION_CONTEXT() REPRESENTATION_CONTEXT('2D SPACE',''
  ) );
#7222 = PCURVE('',#6683,#7223);
#7223 = DEFINITIONAL_REPRESENTATION('',(#7224),#7232);
#7224 = ( BOUNDED_CURVE() B_SPLINE_CURVE(2,(#7225,#7226,#7227,#7228,
#7229,#7230,#7231),.UNSPECIFIED.,.T.,.F.) B_SPLINE_CURVE_WITH_KNOTS((1,2
    ,2,2,2,1),(-2.094395102393,0.,2.094395102393,4.188790204786,
6.28318530718,8.377580409573),.UNSPECIFIED.) CURVE() 
GEOMETRIC_REPRESENTATION_ITEM() RATIONAL_B_SPLINE_CURVE((1.,0.5,1.,0.5,
1.,0.5,1.)) REPRESENTATION_ITEM('') );
#7225 = CARTESIAN_POINT('',(58.5,39.));
#7226 = CARTESIAN_POINT('',(58.5,41.598076211353));
#7227 = CARTESIAN_POINT('',(60.75,40.299038105677));
#7228 = CARTESIAN_POINT('',(63.,39.));
#7229 = CARTESIAN_POINT('',(60.75,37.700961894323));
#7230 = CARTESIAN_POINT('',(58.5,36.401923788647));
#7231 = CARTESIAN_POINT('',(58.5,39.));
#7232 = ( GEOMETRIC_REPRESENTATION_CONTEXT(2) 
PARAMETRIC_REPRESENTATION_CONTEXT() REPRESENTATION_CONTEXT('2D SPACE',''
  ) );
#7233 = ORIENTED_EDGE('',*,*,#7136,.F.);
#7234 = ADVANCED_FACE('',(#7235),#5444,.F.);
#7235 = FACE_BOUND('',#7236,.F.);
#7236 = EDGE_LOOP('',(#7237,#7238,#7239,#7260));
#7237 = ORIENTED_EDGE('',*,*,#5428,.F.);
#7238 = ORIENTED_EDGE('',*,*,#7111,.T.);
#7239 = ORIENTED_EDGE('',*,*,#7240,.F.);
#7240 = EDGE_CURVE('',#7186,#7084,#7241,.T.);
#7241 = SURFACE_CURVE('',#7242,(#7246,#7253),.PCURVE_S1.);
#7242 = LINE('',#7243,#7244);
#7243 = CARTESIAN_POINT('',(21.5,-19.5,22.));
#7244 = VECTOR('',#7245,1.);
#7245 = DIRECTION('',(-1.110223024625E-16,-1.,0.));
#7246 = PCURVE('',#5444,#7247);
#7247 = DEFINITIONAL_REPRESENTATION('',(#7248),#7252);
#7248 = LINE('',#7249,#7250);
#7249 = CARTESIAN_POINT('',(-13.5,-4.));
#7250 = VECTOR('',#7251,1.);
#7251 = DIRECTION('',(-1.,-0.));
#7252 = ( GEOMETRIC_REPRESENTATION_CONTEXT(2) 
PARAMETRIC_REPRESENTATION_CONTEXT() REPRESENTATION_CONTEXT('2D SPACE',''
  ) );
#7253 = PCURVE('',#6683,#7254);
#7254 = DEFINITIONAL_REPRESENTATION('',(#7255),#7259);
#7255 = LINE('',#7256,#7257);
#7256 = CARTESIAN_POINT('',(58.5,13.5));
#7257 = VECTOR('',#7258,1.);
#7258 = DIRECTION('',(-1.110223024625E-16,-1.));
#7259 = ( GEOMETRIC_REPRESENTATION_CONTEXT(2) 
PARAMETRIC_REPRESENTATION_CONTEXT() REPRESENTATION_CONTEXT('2D SPACE',''
  ) );
#7260 = ORIENTED_EDGE('',*,*,#7185,.F.);
#7261 = ADVANCED_FACE('',(#7262,#7282),#5721,.T.);
#7262 = FACE_BOUND('',#7263,.T.);
#7263 = EDGE_LOOP('',(#7264,#7265,#7266,#7267,#7268,#7269,#7270,#7271,
    #7272,#7273,#7274,#7275,#7276,#7277,#7278,#7279,#7280,#7281));
#7264 = ORIENTED_EDGE('',*,*,#6615,.F.);
#7265 = ORIENTED_EDGE('',*,*,#5706,.T.);
#7266 = ORIENTED_EDGE('',*,*,#5760,.T.);
#7267 = ORIENTED_EDGE('',*,*,#5811,.T.);
#7268 = ORIENTED_EDGE('',*,*,#5866,.T.);
#7269 = ORIENTED_EDGE('',*,*,#5893,.T.);
#7270 = ORIENTED_EDGE('',*,*,#5965,.F.);
#7271 = ORIENTED_EDGE('',*,*,#6040,.T.);
#7272 = ORIENTED_EDGE('',*,*,#6097,.F.);
#7273 = ORIENTED_EDGE('',*,*,#6126,.T.);
#7274 = ORIENTED_EDGE('',*,*,#6200,.T.);
#7275 = ORIENTED_EDGE('',*,*,#6271,.T.);
#7276 = ORIENTED_EDGE('',*,*,#6328,.T.);
#7277 = ORIENTED_EDGE('',*,*,#6377,.F.);
#7278 = ORIENTED_EDGE('',*,*,#6427,.F.);
#7279 = ORIENTED_EDGE('',*,*,#6480,.T.);
#7280 = ORIENTED_EDGE('',*,*,#6531,.T.);
#7281 = ORIENTED_EDGE('',*,*,#6586,.F.);
#7282 = FACE_BOUND('',#7283,.T.);
#7283 = EDGE_LOOP('',(#7284,#7315,#7343,#7372,#7400,#7429,#7457,#7486));
#7284 = ORIENTED_EDGE('',*,*,#7285,.F.);
#7285 = EDGE_CURVE('',#7286,#7288,#7290,.T.);
#7286 = VERTEX_POINT('',#7287);
#7287 = CARTESIAN_POINT('',(-27.,-17.5,26.));
#7288 = VERTEX_POINT('',#7289);
#7289 = CARTESIAN_POINT('',(-20.,-24.5,26.));
#7290 = SURFACE_CURVE('',#7291,(#7296,#7303),.PCURVE_S1.);
#7291 = CIRCLE('',#7292,7.);
#7292 = AXIS2_PLACEMENT_3D('',#7293,#7294,#7295);
#7293 = CARTESIAN_POINT('',(-20.,-17.5,26.));
#7294 = DIRECTION('',(0.,0.,1.));
#7295 = DIRECTION('',(-1.,-0.,0.));
#7296 = PCURVE('',#5721,#7297);
#7297 = DEFINITIONAL_REPRESENTATION('',(#7298),#7302);
#7298 = CIRCLE('',#7299,7.);
#7299 = AXIS2_PLACEMENT_2D('',#7300,#7301);
#7300 = CARTESIAN_POINT('',(10.,10.));
#7301 = DIRECTION('',(-1.,0.));
#7302 = ( GEOMETRIC_REPRESENTATION_CONTEXT(2) 
PARAMETRIC_REPRESENTATION_CONTEXT() REPRESENTATION_CONTEXT('2D SPACE',''
  ) );
#7303 = PCURVE('',#7304,#7309);
#7304 = CYLINDRICAL_SURFACE('',#7305,7.);
#7305 = AXIS2_PLACEMENT_3D('',#7306,#7307,#7308);
#7306 = CARTESIAN_POINT('',(-20.,-17.5,21.9));
#7307 = DIRECTION('',(0.,0.,1.));
#7308 = DIRECTION('',(-1.,-0.,0.));
#7309 = DEFINITIONAL_REPRESENTATION('',(#7310),#7314);
#7310 = LINE('',#7311,#7312);
#7311 = CARTESIAN_POINT('',(0.,4.1));
#7312 = VECTOR('',#7313,1.);
#7313 = DIRECTION('',(1.,0.));
#7314 = ( GEOMETRIC_REPRESENTATION_CONTEXT(2) 
PARAMETRIC_REPRESENTATION_CONTEXT() REPRESENTATION_CONTEXT('2D SPACE',''
  ) );
#7315 = ORIENTED_EDGE('',*,*,#7316,.T.);
#7316 = EDGE_CURVE('',#7286,#7317,#7319,.T.);
#7317 = VERTEX_POINT('',#7318);
#7318 = CARTESIAN_POINT('',(-27.,17.5,26.));
#7319 = SURFACE_CURVE('',#7320,(#7324,#7331),.PCURVE_S1.);
#7320 = LINE('',#7321,#7322);
#7321 = CARTESIAN_POINT('',(-27.,-26.,26.));
#7322 = VECTOR('',#7323,1.);
#7323 = DIRECTION('',(0.,1.,0.));
#7324 = PCURVE('',#5721,#7325);
#7325 = DEFINITIONAL_REPRESENTATION('',(#7326),#7330);
#7326 = LINE('',#7327,#7328);
#7327 = CARTESIAN_POINT('',(3.,1.5));
#7328 = VECTOR('',#7329,1.);
#7329 = DIRECTION('',(0.,1.));
#7330 = ( GEOMETRIC_REPRESENTATION_CONTEXT(2) 
PARAMETRIC_REPRESENTATION_CONTEXT() REPRESENTATION_CONTEXT('2D SPACE',''
  ) );
#7331 = PCURVE('',#7332,#7337);
#7332 = PLANE('',#7333);
#7333 = AXIS2_PLACEMENT_3D('',#7334,#7335,#7336);
#7334 = CARTESIAN_POINT('',(-27.,-24.5,21.9));
#7335 = DIRECTION('',(1.,0.,0.));
#7336 = DIRECTION('',(0.,0.,1.));
#7337 = DEFINITIONAL_REPRESENTATION('',(#7338),#7342);
#7338 = LINE('',#7339,#7340);
#7339 = CARTESIAN_POINT('',(4.1,1.5));
#7340 = VECTOR('',#7341,1.);
#7341 = DIRECTION('',(0.,-1.));
#7342 = ( GEOMETRIC_REPRESENTATION_CONTEXT(2) 
PARAMETRIC_REPRESENTATION_CONTEXT() REPRESENTATION_CONTEXT('2D SPACE',''
  ) );
#7343 = ORIENTED_EDGE('',*,*,#7344,.F.);
#7344 = EDGE_CURVE('',#7345,#7317,#7347,.T.);
#7345 = VERTEX_POINT('',#7346);
#7346 = CARTESIAN_POINT('',(-20.,24.5,26.));
#7347 = SURFACE_CURVE('',#7348,(#7353,#7360),.PCURVE_S1.);
#7348 = CIRCLE('',#7349,7.);
#7349 = AXIS2_PLACEMENT_3D('',#7350,#7351,#7352);
#7350 = CARTESIAN_POINT('',(-20.,17.5,26.));
#7351 = DIRECTION('',(0.,0.,1.));
#7352 = DIRECTION('',(-1.,-0.,0.));
#7353 = PCURVE('',#5721,#7354);
#7354 = DEFINITIONAL_REPRESENTATION('',(#7355),#7359);
#7355 = CIRCLE('',#7356,7.);
#7356 = AXIS2_PLACEMENT_2D('',#7357,#7358);
#7357 = CARTESIAN_POINT('',(10.,45.));
#7358 = DIRECTION('',(-1.,0.));
#7359 = ( GEOMETRIC_REPRESENTATION_CONTEXT(2) 
PARAMETRIC_REPRESENTATION_CONTEXT() REPRESENTATION_CONTEXT('2D SPACE',''
  ) );
#7360 = PCURVE('',#7361,#7366);
#7361 = CYLINDRICAL_SURFACE('',#7362,7.);
#7362 = AXIS2_PLACEMENT_3D('',#7363,#7364,#7365);
#7363 = CARTESIAN_POINT('',(-20.,17.5,21.9));
#7364 = DIRECTION('',(0.,0.,1.));
#7365 = DIRECTION('',(-1.,-0.,0.));
#7366 = DEFINITIONAL_REPRESENTATION('',(#7367),#7371);
#7367 = LINE('',#7368,#7369);
#7368 = CARTESIAN_POINT('',(-6.28318530718,4.1));
#7369 = VECTOR('',#7370,1.);
#7370 = DIRECTION('',(1.,-0.));
#7371 = ( GEOMETRIC_REPRESENTATION_CONTEXT(2) 
PARAMETRIC_REPRESENTATION_CONTEXT() REPRESENTATION_CONTEXT('2D SPACE',''
  ) );
#7372 = ORIENTED_EDGE('',*,*,#7373,.F.);
#7373 = EDGE_CURVE('',#7374,#7345,#7376,.T.);
#7374 = VERTEX_POINT('',#7375);
#7375 = CARTESIAN_POINT('',(20.,24.5,26.));
#7376 = SURFACE_CURVE('',#7377,(#7381,#7388),.PCURVE_S1.);
#7377 = LINE('',#7378,#7379);
#7378 = CARTESIAN_POINT('',(-28.5,24.5,26.));
#7379 = VECTOR('',#7380,1.);
#7380 = DIRECTION('',(-1.,0.,0.));
#7381 = PCURVE('',#5721,#7382);
#7382 = DEFINITIONAL_REPRESENTATION('',(#7383),#7387);
#7383 = LINE('',#7384,#7385);
#7384 = CARTESIAN_POINT('',(1.5,52.));
#7385 = VECTOR('',#7386,1.);
#7386 = DIRECTION('',(-1.,0.));
#7387 = ( GEOMETRIC_REPRESENTATION_CONTEXT(2) 
PARAMETRIC_REPRESENTATION_CONTEXT() REPRESENTATION_CONTEXT('2D SPACE',''
  ) );
#7388 = PCURVE('',#7389,#7394);
#7389 = PLANE('',#7390);
#7390 = AXIS2_PLACEMENT_3D('',#7391,#7392,#7393);
#7391 = CARTESIAN_POINT('',(-27.,24.5,21.9));
#7392 = DIRECTION('',(0.,1.,0.));
#7393 = DIRECTION('',(0.,0.,1.));
#7394 = DEFINITIONAL_REPRESENTATION('',(#7395),#7399);
#7395 = LINE('',#7396,#7397);
#7396 = CARTESIAN_POINT('',(4.1,-1.5));
#7397 = VECTOR('',#7398,1.);
#7398 = DIRECTION('',(0.,-1.));
#7399 = ( GEOMETRIC_REPRESENTATION_CONTEXT(2) 
PARAMETRIC_REPRESENTATION_CONTEXT() REPRESENTATION_CONTEXT('2D SPACE',''
  ) );
#7400 = ORIENTED_EDGE('',*,*,#7401,.F.);
#7401 = EDGE_CURVE('',#7402,#7374,#7404,.T.);
#7402 = VERTEX_POINT('',#7403);
#7403 = CARTESIAN_POINT('',(27.,17.5,26.));
#7404 = SURFACE_CURVE('',#7405,(#7410,#7417),.PCURVE_S1.);
#7405 = CIRCLE('',#7406,7.);
#7406 = AXIS2_PLACEMENT_3D('',#7407,#7408,#7409);
#7407 = CARTESIAN_POINT('',(20.,17.5,26.));
#7408 = DIRECTION('',(0.,0.,1.));
#7409 = DIRECTION('',(1.,0.,-0.));
#7410 = PCURVE('',#5721,#7411);
#7411 = DEFINITIONAL_REPRESENTATION('',(#7412),#7416);
#7412 = CIRCLE('',#7413,7.);
#7413 = AXIS2_PLACEMENT_2D('',#7414,#7415);
#7414 = CARTESIAN_POINT('',(50.,45.));
#7415 = DIRECTION('',(1.,0.));
#7416 = ( GEOMETRIC_REPRESENTATION_CONTEXT(2) 
PARAMETRIC_REPRESENTATION_CONTEXT() REPRESENTATION_CONTEXT('2D SPACE',''
  ) );
#7417 = PCURVE('',#7418,#7423);
#7418 = CYLINDRICAL_SURFACE('',#7419,7.);
#7419 = AXIS2_PLACEMENT_3D('',#7420,#7421,#7422);
#7420 = CARTESIAN_POINT('',(20.,17.5,21.9));
#7421 = DIRECTION('',(0.,0.,1.));
#7422 = DIRECTION('',(1.,0.,-0.));
#7423 = DEFINITIONAL_REPRESENTATION('',(#7424),#7428);
#7424 = LINE('',#7425,#7426);
#7425 = CARTESIAN_POINT('',(0.,4.1));
#7426 = VECTOR('',#7427,1.);
#7427 = DIRECTION('',(1.,0.));
#7428 = ( GEOMETRIC_REPRESENTATION_CONTEXT(2) 
PARAMETRIC_REPRESENTATION_CONTEXT() REPRESENTATION_CONTEXT('2D SPACE',''
  ) );
#7429 = ORIENTED_EDGE('',*,*,#7430,.F.);
#7430 = EDGE_CURVE('',#7431,#7402,#7433,.T.);
#7431 = VERTEX_POINT('',#7432);
#7432 = CARTESIAN_POINT('',(27.,-17.5,26.));
#7433 = SURFACE_CURVE('',#7434,(#7438,#7445),.PCURVE_S1.);
#7434 = LINE('',#7435,#7436);
#7435 = CARTESIAN_POINT('',(27.,-26.,26.));
#7436 = VECTOR('',#7437,1.);
#7437 = DIRECTION('',(0.,1.,0.));
#7438 = PCURVE('',#5721,#7439);
#7439 = DEFINITIONAL_REPRESENTATION('',(#7440),#7444);
#7440 = LINE('',#7441,#7442);
#7441 = CARTESIAN_POINT('',(57.,1.5));
#7442 = VECTOR('',#7443,1.);
#7443 = DIRECTION('',(0.,1.));
#7444 = ( GEOMETRIC_REPRESENTATION_CONTEXT(2) 
PARAMETRIC_REPRESENTATION_CONTEXT() REPRESENTATION_CONTEXT('2D SPACE',''
  ) );
#7445 = PCURVE('',#7446,#7451);
#7446 = PLANE('',#7447);
#7447 = AXIS2_PLACEMENT_3D('',#7448,#7449,#7450);
#7448 = CARTESIAN_POINT('',(27.,-24.5,21.9));
#7449 = DIRECTION('',(1.,0.,0.));
#7450 = DIRECTION('',(0.,0.,1.));
#7451 = DEFINITIONAL_REPRESENTATION('',(#7452),#7456);
#7452 = LINE('',#7453,#7454);
#7453 = CARTESIAN_POINT('',(4.1,1.5));
#7454 = VECTOR('',#7455,1.);
#7455 = DIRECTION('',(0.,-1.));
#7456 = ( GEOMETRIC_REPRESENTATION_CONTEXT(2) 
PARAMETRIC_REPRESENTATION_CONTEXT() REPRESENTATION_CONTEXT('2D SPACE',''
  ) );
#7457 = ORIENTED_EDGE('',*,*,#7458,.F.);
#7458 = EDGE_CURVE('',#7459,#7431,#7461,.T.);
#7459 = VERTEX_POINT('',#7460);
#7460 = CARTESIAN_POINT('',(20.,-24.5,26.));
#7461 = SURFACE_CURVE('',#7462,(#7467,#7474),.PCURVE_S1.);
#7462 = CIRCLE('',#7463,7.);
#7463 = AXIS2_PLACEMENT_3D('',#7464,#7465,#7466);
#7464 = CARTESIAN_POINT('',(20.,-17.5,26.));
#7465 = DIRECTION('',(0.,0.,1.));
#7466 = DIRECTION('',(1.,0.,-0.));
#7467 = PCURVE('',#5721,#7468);
#7468 = DEFINITIONAL_REPRESENTATION('',(#7469),#7473);
#7469 = CIRCLE('',#7470,7.);
#7470 = AXIS2_PLACEMENT_2D('',#7471,#7472);
#7471 = CARTESIAN_POINT('',(50.,10.));
#7472 = DIRECTION('',(1.,0.));
#7473 = ( GEOMETRIC_REPRESENTATION_CONTEXT(2) 
PARAMETRIC_REPRESENTATION_CONTEXT() REPRESENTATION_CONTEXT('2D SPACE',''
  ) );
#7474 = PCURVE('',#7475,#7480);
#7475 = CYLINDRICAL_SURFACE('',#7476,7.);
#7476 = AXIS2_PLACEMENT_3D('',#7477,#7478,#7479);
#7477 = CARTESIAN_POINT('',(20.,-17.5,21.9));
#7478 = DIRECTION('',(0.,0.,1.));
#7479 = DIRECTION('',(1.,0.,-0.));
#7480 = DEFINITIONAL_REPRESENTATION('',(#7481),#7485);
#7481 = LINE('',#7482,#7483);
#7482 = CARTESIAN_POINT('',(-6.28318530718,4.1));
#7483 = VECTOR('',#7484,1.);
#7484 = DIRECTION('',(1.,-0.));
#7485 = ( GEOMETRIC_REPRESENTATION_CONTEXT(2) 
PARAMETRIC_REPRESENTATION_CONTEXT() REPRESENTATION_CONTEXT('2D SPACE',''
  ) );
#7486 = ORIENTED_EDGE('',*,*,#7487,.T.);
#7487 = EDGE_CURVE('',#7459,#7288,#7488,.T.);
#7488 = SURFACE_CURVE('',#7489,(#7493,#7500),.PCURVE_S1.);
#7489 = LINE('',#7490,#7491);
#7490 = CARTESIAN_POINT('',(-28.5,-24.5,26.));
#7491 = VECTOR('',#7492,1.);
#7492 = DIRECTION('',(-1.,0.,0.));
#7493 = PCURVE('',#5721,#7494);
#7494 = DEFINITIONAL_REPRESENTATION('',(#7495),#7499);
#7495 = LINE('',#7496,#7497);
#7496 = CARTESIAN_POINT('',(1.5,3.));
#7497 = VECTOR('',#7498,1.);
#7498 = DIRECTION('',(-1.,0.));
#7499 = ( GEOMETRIC_REPRESENTATION_CONTEXT(2) 
PARAMETRIC_REPRESENTATION_CONTEXT() REPRESENTATION_CONTEXT('2D SPACE',''
  ) );
#7500 = PCURVE('',#7501,#7506);
#7501 = PLANE('',#7502);
#7502 = AXIS2_PLACEMENT_3D('',#7503,#7504,#7505);
#7503 = CARTESIAN_POINT('',(-27.,-24.5,21.9));
#7504 = DIRECTION('',(0.,1.,0.));
#7505 = DIRECTION('',(0.,0.,1.));
#7506 = DEFINITIONAL_REPRESENTATION('',(#7507),#7511);
#7507 = LINE('',#7508,#7509);
#7508 = CARTESIAN_POINT('',(4.1,-1.5));
#7509 = VECTOR('',#7510,1.);
#7510 = DIRECTION('',(0.,-1.));
#7511 = ( GEOMETRIC_REPRESENTATION_CONTEXT(2) 
PARAMETRIC_REPRESENTATION_CONTEXT() REPRESENTATION_CONTEXT('2D SPACE',''
  ) );
#7512 = ADVANCED_FACE('',(#7513,#7703,#7709,#7715),#6683,.T.);
#7513 = FACE_BOUND('',#7514,.T.);
#7514 = EDGE_LOOP('',(#7515,#7540,#7564,#7587,#7611,#7634,#7658,#7681));
#7515 = ORIENTED_EDGE('',*,*,#7516,.F.);
#7516 = EDGE_CURVE('',#7517,#7519,#7521,.T.);
#7517 = VERTEX_POINT('',#7518);
#7518 = CARTESIAN_POINT('',(-27.,-17.5,22.));
#7519 = VERTEX_POINT('',#7520);
#7520 = CARTESIAN_POINT('',(-27.,17.5,22.));
#7521 = SURFACE_CURVE('',#7522,(#7526,#7533),.PCURVE_S1.);
#7522 = LINE('',#7523,#7524);
#7523 = CARTESIAN_POINT('',(-27.,-26.,22.));
#7524 = VECTOR('',#7525,1.);
#7525 = DIRECTION('',(0.,1.,0.));
#7526 = PCURVE('',#6683,#7527);
#7527 = DEFINITIONAL_REPRESENTATION('',(#7528),#7532);
#7528 = LINE('',#7529,#7530);
#7529 = CARTESIAN_POINT('',(10.,7.));
#7530 = VECTOR('',#7531,1.);
#7531 = DIRECTION('',(0.,1.));
#7532 = ( GEOMETRIC_REPRESENTATION_CONTEXT(2) 
PARAMETRIC_REPRESENTATION_CONTEXT() REPRESENTATION_CONTEXT('2D SPACE',''
  ) );
#7533 = PCURVE('',#7332,#7534);
#7534 = DEFINITIONAL_REPRESENTATION('',(#7535),#7539);
#7535 = LINE('',#7536,#7537);
#7536 = CARTESIAN_POINT('',(0.1,1.5));
#7537 = VECTOR('',#7538,1.);
#7538 = DIRECTION('',(0.,-1.));
#7539 = ( GEOMETRIC_REPRESENTATION_CONTEXT(2) 
PARAMETRIC_REPRESENTATION_CONTEXT() REPRESENTATION_CONTEXT('2D SPACE',''
  ) );
#7540 = ORIENTED_EDGE('',*,*,#7541,.T.);
#7541 = EDGE_CURVE('',#7517,#7542,#7544,.T.);
#7542 = VERTEX_POINT('',#7543);
#7543 = CARTESIAN_POINT('',(-20.,-24.5,22.));
#7544 = SURFACE_CURVE('',#7545,(#7550,#7557),.PCURVE_S1.);
#7545 = CIRCLE('',#7546,7.);
#7546 = AXIS2_PLACEMENT_3D('',#7547,#7548,#7549);
#7547 = CARTESIAN_POINT('',(-20.,-17.5,22.));
#7548 = DIRECTION('',(0.,0.,1.));
#7549 = DIRECTION('',(-1.,-0.,0.));
#7550 = PCURVE('',#6683,#7551);
#7551 = DEFINITIONAL_REPRESENTATION('',(#7552),#7556);
#7552 = CIRCLE('',#7553,7.);
#7553 = AXIS2_PLACEMENT_2D('',#7554,#7555);
#7554 = CARTESIAN_POINT('',(17.,15.5));
#7555 = DIRECTION('',(-1.,0.));
#7556 = ( GEOMETRIC_REPRESENTATION_CONTEXT(2) 
PARAMETRIC_REPRESENTATION_CONTEXT() REPRESENTATION_CONTEXT('2D SPACE',''
  ) );
#7557 = PCURVE('',#7304,#7558);
#7558 = DEFINITIONAL_REPRESENTATION('',(#7559),#7563);
#7559 = LINE('',#7560,#7561);
#7560 = CARTESIAN_POINT('',(0.,0.1));
#7561 = VECTOR('',#7562,1.);
#7562 = DIRECTION('',(1.,0.));
#7563 = ( GEOMETRIC_REPRESENTATION_CONTEXT(2) 
PARAMETRIC_REPRESENTATION_CONTEXT() REPRESENTATION_CONTEXT('2D SPACE',''
  ) );
#7564 = ORIENTED_EDGE('',*,*,#7565,.F.);
#7565 = EDGE_CURVE('',#7566,#7542,#7568,.T.);
#7566 = VERTEX_POINT('',#7567);
#7567 = CARTESIAN_POINT('',(20.,-24.5,22.));
#7568 = SURFACE_CURVE('',#7569,(#7573,#7580),.PCURVE_S1.);
#7569 = LINE('',#7570,#7571);
#7570 = CARTESIAN_POINT('',(-28.5,-24.5,22.));
#7571 = VECTOR('',#7572,1.);
#7572 = DIRECTION('',(-1.,0.,0.));
#7573 = PCURVE('',#6683,#7574);
#7574 = DEFINITIONAL_REPRESENTATION('',(#7575),#7579);
#7575 = LINE('',#7576,#7577);
#7576 = CARTESIAN_POINT('',(8.5,8.5));
#7577 = VECTOR('',#7578,1.);
#7578 = DIRECTION('',(-1.,0.));
#7579 = ( GEOMETRIC_REPRESENTATION_CONTEXT(2) 
PARAMETRIC_REPRESENTATION_CONTEXT() REPRESENTATION_CONTEXT('2D SPACE',''
  ) );
#7580 = PCURVE('',#7501,#7581);
#7581 = DEFINITIONAL_REPRESENTATION('',(#7582),#7586);
#7582 = LINE('',#7583,#7584);
#7583 = CARTESIAN_POINT('',(0.1,-1.5));
#7584 = VECTOR('',#7585,1.);
#7585 = DIRECTION('',(0.,-1.));
#7586 = ( GEOMETRIC_REPRESENTATION_CONTEXT(2) 
PARAMETRIC_REPRESENTATION_CONTEXT() REPRESENTATION_CONTEXT('2D SPACE',''
  ) );
#7587 = ORIENTED_EDGE('',*,*,#7588,.T.);
#7588 = EDGE_CURVE('',#7566,#7589,#7591,.T.);
#7589 = VERTEX_POINT('',#7590);
#7590 = CARTESIAN_POINT('',(27.,-17.5,22.));
#7591 = SURFACE_CURVE('',#7592,(#7597,#7604),.PCURVE_S1.);
#7592 = CIRCLE('',#7593,7.);
#7593 = AXIS2_PLACEMENT_3D('',#7594,#7595,#7596);
#7594 = CARTESIAN_POINT('',(20.,-17.5,22.));
#7595 = DIRECTION('',(0.,0.,1.));
#7596 = DIRECTION('',(1.,0.,-0.));
#7597 = PCURVE('',#6683,#7598);
#7598 = DEFINITIONAL_REPRESENTATION('',(#7599),#7603);
#7599 = CIRCLE('',#7600,7.);
#7600 = AXIS2_PLACEMENT_2D('',#7601,#7602);
#7601 = CARTESIAN_POINT('',(57.,15.5));
#7602 = DIRECTION('',(1.,0.));
#7603 = ( GEOMETRIC_REPRESENTATION_CONTEXT(2) 
PARAMETRIC_REPRESENTATION_CONTEXT() REPRESENTATION_CONTEXT('2D SPACE',''
  ) );
#7604 = PCURVE('',#7475,#7605);
#7605 = DEFINITIONAL_REPRESENTATION('',(#7606),#7610);
#7606 = LINE('',#7607,#7608);
#7607 = CARTESIAN_POINT('',(-6.28318530718,0.1));
#7608 = VECTOR('',#7609,1.);
#7609 = DIRECTION('',(1.,-0.));
#7610 = ( GEOMETRIC_REPRESENTATION_CONTEXT(2) 
PARAMETRIC_REPRESENTATION_CONTEXT() REPRESENTATION_CONTEXT('2D SPACE',''
  ) );
#7611 = ORIENTED_EDGE('',*,*,#7612,.T.);
#7612 = EDGE_CURVE('',#7589,#7613,#7615,.T.);
#7613 = VERTEX_POINT('',#7614);
#7614 = CARTESIAN_POINT('',(27.,17.5,22.));
#7615 = SURFACE_CURVE('',#7616,(#7620,#7627),.PCURVE_S1.);
#7616 = LINE('',#7617,#7618);
#7617 = CARTESIAN_POINT('',(27.,-26.,22.));
#7618 = VECTOR('',#7619,1.);
#7619 = DIRECTION('',(0.,1.,0.));
#7620 = PCURVE('',#6683,#7621);
#7621 = DEFINITIONAL_REPRESENTATION('',(#7622),#7626);
#7622 = LINE('',#7623,#7624);
#7623 = CARTESIAN_POINT('',(64.,7.));
#7624 = VECTOR('',#7625,1.);
#7625 = DIRECTION('',(0.,1.));
#7626 = ( GEOMETRIC_REPRESENTATION_CONTEXT(2) 
PARAMETRIC_REPRESENTATION_CONTEXT() REPRESENTATION_CONTEXT('2D SPACE',''
  ) );
#7627 = PCURVE('',#7446,#7628);
#7628 = DEFINITIONAL_REPRESENTATION('',(#7629),#7633);
#7629 = LINE('',#7630,#7631);
#7630 = CARTESIAN_POINT('',(0.1,1.5));
#7631 = VECTOR('',#7632,1.);
#7632 = DIRECTION('',(0.,-1.));
#7633 = ( GEOMETRIC_REPRESENTATION_CONTEXT(2) 
PARAMETRIC_REPRESENTATION_CONTEXT() REPRESENTATION_CONTEXT('2D SPACE',''
  ) );
#7634 = ORIENTED_EDGE('',*,*,#7635,.T.);
#7635 = EDGE_CURVE('',#7613,#7636,#7638,.T.);
#7636 = VERTEX_POINT('',#7637);
#7637 = CARTESIAN_POINT('',(20.,24.5,22.));
#7638 = SURFACE_CURVE('',#7639,(#7644,#7651),.PCURVE_S1.);
#7639 = CIRCLE('',#7640,7.);
#7640 = AXIS2_PLACEMENT_3D('',#7641,#7642,#7643);
#7641 = CARTESIAN_POINT('',(20.,17.5,22.));
#7642 = DIRECTION('',(0.,0.,1.));
#7643 = DIRECTION('',(1.,0.,-0.));
#7644 = PCURVE('',#6683,#7645);
#7645 = DEFINITIONAL_REPRESENTATION('',(#7646),#7650);
#7646 = CIRCLE('',#7647,7.);
#7647 = AXIS2_PLACEMENT_2D('',#7648,#7649);
#7648 = CARTESIAN_POINT('',(57.,50.5));
#7649 = DIRECTION('',(1.,0.));
#7650 = ( GEOMETRIC_REPRESENTATION_CONTEXT(2) 
PARAMETRIC_REPRESENTATION_CONTEXT() REPRESENTATION_CONTEXT('2D SPACE',''
  ) );
#7651 = PCURVE('',#7418,#7652);
#7652 = DEFINITIONAL_REPRESENTATION('',(#7653),#7657);
#7653 = LINE('',#7654,#7655);
#7654 = CARTESIAN_POINT('',(0.,0.1));
#7655 = VECTOR('',#7656,1.);
#7656 = DIRECTION('',(1.,0.));
#7657 = ( GEOMETRIC_REPRESENTATION_CONTEXT(2) 
PARAMETRIC_REPRESENTATION_CONTEXT() REPRESENTATION_CONTEXT('2D SPACE',''
  ) );
#7658 = ORIENTED_EDGE('',*,*,#7659,.T.);
#7659 = EDGE_CURVE('',#7636,#7660,#7662,.T.);
#7660 = VERTEX_POINT('',#7661);
#7661 = CARTESIAN_POINT('',(-20.,24.5,22.));
#7662 = SURFACE_CURVE('',#7663,(#7667,#7674),.PCURVE_S1.);
#7663 = LINE('',#7664,#7665);
#7664 = CARTESIAN_POINT('',(-28.5,24.5,22.));
#7665 = VECTOR('',#7666,1.);
#7666 = DIRECTION('',(-1.,0.,0.));
#7667 = PCURVE('',#6683,#7668);
#7668 = DEFINITIONAL_REPRESENTATION('',(#7669),#7673);
#7669 = LINE('',#7670,#7671);
#7670 = CARTESIAN_POINT('',(8.5,57.5));
#7671 = VECTOR('',#7672,1.);
#7672 = DIRECTION('',(-1.,0.));
#7673 = ( GEOMETRIC_REPRESENTATION_CONTEXT(2) 
PARAMETRIC_REPRESENTATION_CONTEXT() REPRESENTATION_CONTEXT('2D SPACE',''
  ) );
#7674 = PCURVE('',#7389,#7675);
#7675 = DEFINITIONAL_REPRESENTATION('',(#7676),#7680);
#7676 = LINE('',#7677,#7678);
#7677 = CARTESIAN_POINT('',(0.1,-1.5));
#7678 = VECTOR('',#7679,1.);
#7679 = DIRECTION('',(0.,-1.));
#7680 = ( GEOMETRIC_REPRESENTATION_CONTEXT(2) 
PARAMETRIC_REPRESENTATION_CONTEXT() REPRESENTATION_CONTEXT('2D SPACE',''
  ) );
#7681 = ORIENTED_EDGE('',*,*,#7682,.T.);
#7682 = EDGE_CURVE('',#7660,#7519,#7683,.T.);
#7683 = SURFACE_CURVE('',#7684,(#7689,#7696),.PCURVE_S1.);
#7684 = CIRCLE('',#7685,7.);
#7685 = AXIS2_PLACEMENT_3D('',#7686,#7687,#7688);
#7686 = CARTESIAN_POINT('',(-20.,17.5,22.));
#7687 = DIRECTION('',(0.,0.,1.));
#7688 = DIRECTION('',(-1.,-0.,0.));
#7689 = PCURVE('',#6683,#7690);
#7690 = DEFINITIONAL_REPRESENTATION('',(#7691),#7695);
#7691 = CIRCLE('',#7692,7.);
#7692 = AXIS2_PLACEMENT_2D('',#7693,#7694);
#7693 = CARTESIAN_POINT('',(17.,50.5));
#7694 = DIRECTION('',(-1.,0.));
#7695 = ( GEOMETRIC_REPRESENTATION_CONTEXT(2) 
PARAMETRIC_REPRESENTATION_CONTEXT() REPRESENTATION_CONTEXT('2D SPACE',''
  ) );
#7696 = PCURVE('',#7361,#7697);
#7697 = DEFINITIONAL_REPRESENTATION('',(#7698),#7702);
#7698 = LINE('',#7699,#7700);
#7699 = CARTESIAN_POINT('',(-6.28318530718,0.1));
#7700 = VECTOR('',#7701,1.);
#7701 = DIRECTION('',(1.,-0.));
#7702 = ( GEOMETRIC_REPRESENTATION_CONTEXT(2) 
PARAMETRIC_REPRESENTATION_CONTEXT() REPRESENTATION_CONTEXT('2D SPACE',''
  ) );
#7703 = FACE_BOUND('',#7704,.T.);
#7704 = EDGE_LOOP('',(#7705,#7706,#7707,#7708));
#7705 = ORIENTED_EDGE('',*,*,#6828,.F.);
#7706 = ORIENTED_EDGE('',*,*,#6796,.T.);
#7707 = ORIENTED_EDGE('',*,*,#6747,.F.);
#7708 = ORIENTED_EDGE('',*,*,#6666,.T.);
#7709 = FACE_BOUND('',#7710,.T.);
#7710 = EDGE_LOOP('',(#7711,#7712,#7713,#7714));
#7711 = ORIENTED_EDGE('',*,*,#6980,.F.);
#7712 = ORIENTED_EDGE('',*,*,#7029,.T.);
#7713 = ORIENTED_EDGE('',*,*,#6953,.F.);
#7714 = ORIENTED_EDGE('',*,*,#6877,.T.);
#7715 = FACE_BOUND('',#7716,.T.);
#7716 = EDGE_LOOP('',(#7717,#7718,#7719,#7720));
#7717 = ORIENTED_EDGE('',*,*,#7240,.F.);
#7718 = ORIENTED_EDGE('',*,*,#7208,.T.);
#7719 = ORIENTED_EDGE('',*,*,#7159,.F.);
#7720 = ORIENTED_EDGE('',*,*,#7083,.T.);
#7721 = ADVANCED_FACE('',(#7722),#7304,.F.);
#7722 = FACE_BOUND('',#7723,.F.);
#7723 = EDGE_LOOP('',(#7724,#7745,#7746,#7767));
#7724 = ORIENTED_EDGE('',*,*,#7725,.F.);
#7725 = EDGE_CURVE('',#7517,#7286,#7726,.T.);
#7726 = SURFACE_CURVE('',#7727,(#7731,#7738),.PCURVE_S1.);
#7727 = LINE('',#7728,#7729);
#7728 = CARTESIAN_POINT('',(-27.,-17.5,21.9));
#7729 = VECTOR('',#7730,1.);
#7730 = DIRECTION('',(0.,0.,1.));
#7731 = PCURVE('',#7304,#7732);
#7732 = DEFINITIONAL_REPRESENTATION('',(#7733),#7737);
#7733 = LINE('',#7734,#7735);
#7734 = CARTESIAN_POINT('',(0.,0.));
#7735 = VECTOR('',#7736,1.);
#7736 = DIRECTION('',(0.,1.));
#7737 = ( GEOMETRIC_REPRESENTATION_CONTEXT(2) 
PARAMETRIC_REPRESENTATION_CONTEXT() REPRESENTATION_CONTEXT('2D SPACE',''
  ) );
#7738 = PCURVE('',#7332,#7739);
#7739 = DEFINITIONAL_REPRESENTATION('',(#7740),#7744);
#7740 = LINE('',#7741,#7742);
#7741 = CARTESIAN_POINT('',(0.,-7.));
#7742 = VECTOR('',#7743,1.);
#7743 = DIRECTION('',(1.,0.));
#7744 = ( GEOMETRIC_REPRESENTATION_CONTEXT(2) 
PARAMETRIC_REPRESENTATION_CONTEXT() REPRESENTATION_CONTEXT('2D SPACE',''
  ) );
#7745 = ORIENTED_EDGE('',*,*,#7541,.T.);
#7746 = ORIENTED_EDGE('',*,*,#7747,.T.);
#7747 = EDGE_CURVE('',#7542,#7288,#7748,.T.);
#7748 = SURFACE_CURVE('',#7749,(#7753,#7760),.PCURVE_S1.);
#7749 = LINE('',#7750,#7751);
#7750 = CARTESIAN_POINT('',(-20.,-24.5,21.9));
#7751 = VECTOR('',#7752,1.);
#7752 = DIRECTION('',(0.,0.,1.));
#7753 = PCURVE('',#7304,#7754);
#7754 = DEFINITIONAL_REPRESENTATION('',(#7755),#7759);
#7755 = LINE('',#7756,#7757);
#7756 = CARTESIAN_POINT('',(1.570796326795,0.));
#7757 = VECTOR('',#7758,1.);
#7758 = DIRECTION('',(0.,1.));
#7759 = ( GEOMETRIC_REPRESENTATION_CONTEXT(2) 
PARAMETRIC_REPRESENTATION_CONTEXT() REPRESENTATION_CONTEXT('2D SPACE',''
  ) );
#7760 = PCURVE('',#7501,#7761);
#7761 = DEFINITIONAL_REPRESENTATION('',(#7762),#7766);
#7762 = LINE('',#7763,#7764);
#7763 = CARTESIAN_POINT('',(0.,7.));
#7764 = VECTOR('',#7765,1.);
#7765 = DIRECTION('',(1.,0.));
#7766 = ( GEOMETRIC_REPRESENTATION_CONTEXT(2) 
PARAMETRIC_REPRESENTATION_CONTEXT() REPRESENTATION_CONTEXT('2D SPACE',''
  ) );
#7767 = ORIENTED_EDGE('',*,*,#7285,.F.);
#7768 = ADVANCED_FACE('',(#7769),#7332,.T.);
#7769 = FACE_BOUND('',#7770,.T.);
#7770 = EDGE_LOOP('',(#7771,#7772,#7773,#7774));
#7771 = ORIENTED_EDGE('',*,*,#7316,.F.);
#7772 = ORIENTED_EDGE('',*,*,#7725,.F.);
#7773 = ORIENTED_EDGE('',*,*,#7516,.T.);
#7774 = ORIENTED_EDGE('',*,*,#7775,.T.);
#7775 = EDGE_CURVE('',#7519,#7317,#7776,.T.);
#7776 = SURFACE_CURVE('',#7777,(#7781,#7788),.PCURVE_S1.);
#7777 = LINE('',#7778,#7779);
#7778 = CARTESIAN_POINT('',(-27.,17.5,21.9));
#7779 = VECTOR('',#7780,1.);
#7780 = DIRECTION('',(0.,0.,1.));
#7781 = PCURVE('',#7332,#7782);
#7782 = DEFINITIONAL_REPRESENTATION('',(#7783),#7787);
#7783 = LINE('',#7784,#7785);
#7784 = CARTESIAN_POINT('',(0.,-42.));
#7785 = VECTOR('',#7786,1.);
#7786 = DIRECTION('',(1.,0.));
#7787 = ( GEOMETRIC_REPRESENTATION_CONTEXT(2) 
PARAMETRIC_REPRESENTATION_CONTEXT() REPRESENTATION_CONTEXT('2D SPACE',''
  ) );
#7788 = PCURVE('',#7361,#7789);
#7789 = DEFINITIONAL_REPRESENTATION('',(#7790),#7794);
#7790 = LINE('',#7791,#7792);
#7791 = CARTESIAN_POINT('',(-0.,0.));
#7792 = VECTOR('',#7793,1.);
#7793 = DIRECTION('',(-0.,1.));
#7794 = ( GEOMETRIC_REPRESENTATION_CONTEXT(2) 
PARAMETRIC_REPRESENTATION_CONTEXT() REPRESENTATION_CONTEXT('2D SPACE',''
  ) );
#7795 = ADVANCED_FACE('',(#7796),#7501,.T.);
#7796 = FACE_BOUND('',#7797,.T.);
#7797 = EDGE_LOOP('',(#7798,#7799,#7800,#7801));
#7798 = ORIENTED_EDGE('',*,*,#7565,.T.);
#7799 = ORIENTED_EDGE('',*,*,#7747,.T.);
#7800 = ORIENTED_EDGE('',*,*,#7487,.F.);
#7801 = ORIENTED_EDGE('',*,*,#7802,.F.);
#7802 = EDGE_CURVE('',#7566,#7459,#7803,.T.);
#7803 = SURFACE_CURVE('',#7804,(#7808,#7815),.PCURVE_S1.);
#7804 = LINE('',#7805,#7806);
#7805 = CARTESIAN_POINT('',(20.,-24.5,21.9));
#7806 = VECTOR('',#7807,1.);
#7807 = DIRECTION('',(0.,0.,1.));
#7808 = PCURVE('',#7501,#7809);
#7809 = DEFINITIONAL_REPRESENTATION('',(#7810),#7814);
#7810 = LINE('',#7811,#7812);
#7811 = CARTESIAN_POINT('',(0.,47.));
#7812 = VECTOR('',#7813,1.);
#7813 = DIRECTION('',(1.,0.));
#7814 = ( GEOMETRIC_REPRESENTATION_CONTEXT(2) 
PARAMETRIC_REPRESENTATION_CONTEXT() REPRESENTATION_CONTEXT('2D SPACE',''
  ) );
#7815 = PCURVE('',#7475,#7816);
#7816 = DEFINITIONAL_REPRESENTATION('',(#7817),#7821);
#7817 = LINE('',#7818,#7819);
#7818 = CARTESIAN_POINT('',(-1.570796326795,0.));
#7819 = VECTOR('',#7820,1.);
#7820 = DIRECTION('',(-0.,1.));
#7821 = ( GEOMETRIC_REPRESENTATION_CONTEXT(2) 
PARAMETRIC_REPRESENTATION_CONTEXT() REPRESENTATION_CONTEXT('2D SPACE',''
  ) );
#7822 = ADVANCED_FACE('',(#7823),#7361,.F.);
#7823 = FACE_BOUND('',#7824,.T.);
#7824 = EDGE_LOOP('',(#7825,#7826,#7827,#7848));
#7825 = ORIENTED_EDGE('',*,*,#7775,.F.);
#7826 = ORIENTED_EDGE('',*,*,#7682,.F.);
#7827 = ORIENTED_EDGE('',*,*,#7828,.T.);
#7828 = EDGE_CURVE('',#7660,#7345,#7829,.T.);
#7829 = SURFACE_CURVE('',#7830,(#7834,#7841),.PCURVE_S1.);
#7830 = LINE('',#7831,#7832);
#7831 = CARTESIAN_POINT('',(-20.,24.5,21.9));
#7832 = VECTOR('',#7833,1.);
#7833 = DIRECTION('',(0.,0.,1.));
#7834 = PCURVE('',#7361,#7835);
#7835 = DEFINITIONAL_REPRESENTATION('',(#7836),#7840);
#7836 = LINE('',#7837,#7838);
#7837 = CARTESIAN_POINT('',(-1.570796326795,0.));
#7838 = VECTOR('',#7839,1.);
#7839 = DIRECTION('',(-0.,1.));
#7840 = ( GEOMETRIC_REPRESENTATION_CONTEXT(2) 
PARAMETRIC_REPRESENTATION_CONTEXT() REPRESENTATION_CONTEXT('2D SPACE',''
  ) );
#7841 = PCURVE('',#7389,#7842);
#7842 = DEFINITIONAL_REPRESENTATION('',(#7843),#7847);
#7843 = LINE('',#7844,#7845);
#7844 = CARTESIAN_POINT('',(0.,7.));
#7845 = VECTOR('',#7846,1.);
#7846 = DIRECTION('',(1.,0.));
#7847 = ( GEOMETRIC_REPRESENTATION_CONTEXT(2) 
PARAMETRIC_REPRESENTATION_CONTEXT() REPRESENTATION_CONTEXT('2D SPACE',''
  ) );
#7848 = ORIENTED_EDGE('',*,*,#7344,.T.);
#7849 = ADVANCED_FACE('',(#7850),#7475,.F.);
#7850 = FACE_BOUND('',#7851,.T.);
#7851 = EDGE_LOOP('',(#7852,#7873,#7874,#7875));
#7852 = ORIENTED_EDGE('',*,*,#7853,.F.);
#7853 = EDGE_CURVE('',#7589,#7431,#7854,.T.);
#7854 = SURFACE_CURVE('',#7855,(#7859,#7866),.PCURVE_S1.);
#7855 = LINE('',#7856,#7857);
#7856 = CARTESIAN_POINT('',(27.,-17.5,21.9));
#7857 = VECTOR('',#7858,1.);
#7858 = DIRECTION('',(0.,0.,1.));
#7859 = PCURVE('',#7475,#7860);
#7860 = DEFINITIONAL_REPRESENTATION('',(#7861),#7865);
#7861 = LINE('',#7862,#7863);
#7862 = CARTESIAN_POINT('',(-0.,0.));
#7863 = VECTOR('',#7864,1.);
#7864 = DIRECTION('',(-0.,1.));
#7865 = ( GEOMETRIC_REPRESENTATION_CONTEXT(2) 
PARAMETRIC_REPRESENTATION_CONTEXT() REPRESENTATION_CONTEXT('2D SPACE',''
  ) );
#7866 = PCURVE('',#7446,#7867);
#7867 = DEFINITIONAL_REPRESENTATION('',(#7868),#7872);
#7868 = LINE('',#7869,#7870);
#7869 = CARTESIAN_POINT('',(0.,-7.));
#7870 = VECTOR('',#7871,1.);
#7871 = DIRECTION('',(1.,0.));
#7872 = ( GEOMETRIC_REPRESENTATION_CONTEXT(2) 
PARAMETRIC_REPRESENTATION_CONTEXT() REPRESENTATION_CONTEXT('2D SPACE',''
  ) );
#7873 = ORIENTED_EDGE('',*,*,#7588,.F.);
#7874 = ORIENTED_EDGE('',*,*,#7802,.T.);
#7875 = ORIENTED_EDGE('',*,*,#7458,.T.);
#7876 = ADVANCED_FACE('',(#7877),#7389,.F.);
#7877 = FACE_BOUND('',#7878,.F.);
#7878 = EDGE_LOOP('',(#7879,#7880,#7881,#7882));
#7879 = ORIENTED_EDGE('',*,*,#7659,.T.);
#7880 = ORIENTED_EDGE('',*,*,#7828,.T.);
#7881 = ORIENTED_EDGE('',*,*,#7373,.F.);
#7882 = ORIENTED_EDGE('',*,*,#7883,.F.);
#7883 = EDGE_CURVE('',#7636,#7374,#7884,.T.);
#7884 = SURFACE_CURVE('',#7885,(#7889,#7896),.PCURVE_S1.);
#7885 = LINE('',#7886,#7887);
#7886 = CARTESIAN_POINT('',(20.,24.5,21.9));
#7887 = VECTOR('',#7888,1.);
#7888 = DIRECTION('',(0.,0.,1.));
#7889 = PCURVE('',#7389,#7890);
#7890 = DEFINITIONAL_REPRESENTATION('',(#7891),#7895);
#7891 = LINE('',#7892,#7893);
#7892 = CARTESIAN_POINT('',(0.,47.));
#7893 = VECTOR('',#7894,1.);
#7894 = DIRECTION('',(1.,0.));
#7895 = ( GEOMETRIC_REPRESENTATION_CONTEXT(2) 
PARAMETRIC_REPRESENTATION_CONTEXT() REPRESENTATION_CONTEXT('2D SPACE',''
  ) );
#7896 = PCURVE('',#7418,#7897);
#7897 = DEFINITIONAL_REPRESENTATION('',(#7898),#7902);
#7898 = LINE('',#7899,#7900);
#7899 = CARTESIAN_POINT('',(1.570796326795,0.));
#7900 = VECTOR('',#7901,1.);
#7901 = DIRECTION('',(0.,1.));
#7902 = ( GEOMETRIC_REPRESENTATION_CONTEXT(2) 
PARAMETRIC_REPRESENTATION_CONTEXT() REPRESENTATION_CONTEXT('2D SPACE',''
  ) );
#7903 = ADVANCED_FACE('',(#7904),#7446,.F.);
#7904 = FACE_BOUND('',#7905,.F.);
#7905 = EDGE_LOOP('',(#7906,#7907,#7908,#7909));
#7906 = ORIENTED_EDGE('',*,*,#7430,.F.);
#7907 = ORIENTED_EDGE('',*,*,#7853,.F.);
#7908 = ORIENTED_EDGE('',*,*,#7612,.T.);
#7909 = ORIENTED_EDGE('',*,*,#7910,.T.);
#7910 = EDGE_CURVE('',#7613,#7402,#7911,.T.);
#7911 = SURFACE_CURVE('',#7912,(#7916,#7923),.PCURVE_S1.);
#7912 = LINE('',#7913,#7914);
#7913 = CARTESIAN_POINT('',(27.,17.5,21.9));
#7914 = VECTOR('',#7915,1.);
#7915 = DIRECTION('',(0.,0.,1.));
#7916 = PCURVE('',#7446,#7917);
#7917 = DEFINITIONAL_REPRESENTATION('',(#7918),#7922);
#7918 = LINE('',#7919,#7920);
#7919 = CARTESIAN_POINT('',(0.,-42.));
#7920 = VECTOR('',#7921,1.);
#7921 = DIRECTION('',(1.,0.));
#7922 = ( GEOMETRIC_REPRESENTATION_CONTEXT(2) 
PARAMETRIC_REPRESENTATION_CONTEXT() REPRESENTATION_CONTEXT('2D SPACE',''
  ) );
#7923 = PCURVE('',#7418,#7924);
#7924 = DEFINITIONAL_REPRESENTATION('',(#7925),#7929);
#7925 = LINE('',#7926,#7927);
#7926 = CARTESIAN_POINT('',(0.,0.));
#7927 = VECTOR('',#7928,1.);
#7928 = DIRECTION('',(0.,1.));
#7929 = ( GEOMETRIC_REPRESENTATION_CONTEXT(2) 
PARAMETRIC_REPRESENTATION_CONTEXT() REPRESENTATION_CONTEXT('2D SPACE',''
  ) );
#7930 = ADVANCED_FACE('',(#7931),#7418,.F.);
#7931 = FACE_BOUND('',#7932,.F.);
#7932 = EDGE_LOOP('',(#7933,#7934,#7935,#7936));
#7933 = ORIENTED_EDGE('',*,*,#7910,.F.);
#7934 = ORIENTED_EDGE('',*,*,#7635,.T.);
#7935 = ORIENTED_EDGE('',*,*,#7883,.T.);
#7936 = ORIENTED_EDGE('',*,*,#7401,.F.);
#7937 = ( GEOMETRIC_REPRESENTATION_CONTEXT(3) 
GLOBAL_UNCERTAINTY_ASSIGNED_CONTEXT((#7941)) 
GLOBAL_UNIT_ASSIGNED_CONTEXT((#7938,#7939,#7940)) REPRESENTATION_CONTEXT
('Context #1','3D Context with UNIT and UNCERTAINTY') );
#7938 = ( LENGTH_UNIT() NAMED_UNIT(*) SI_UNIT(.MILLI.,.METRE.) );
#7939 = ( NAMED_UNIT(*) PLANE_ANGLE_UNIT() SI_UNIT($,.RADIAN.) );
#7940 = ( NAMED_UNIT(*) SI_UNIT($,.STERADIAN.) SOLID_ANGLE_UNIT() );
#7941 = UNCERTAINTY_MEASURE_WITH_UNIT(LENGTH_MEASURE(1.E-07),#7938,
  'distance_accuracy_value','confusion accuracy');
#7942 = CONTEXT_DEPENDENT_SHAPE_REPRESENTATION(#7943,#7945);
#7943 = ( REPRESENTATION_RELATIONSHIP('','',#3962,#3939) 
REPRESENTATION_RELATIONSHIP_WITH_TRANSFORMATION(#7944) 
SHAPE_REPRESENTATION_RELATIONSHIP() );
#7944 = ITEM_DEFINED_TRANSFORMATION('','',#11,#3940);
#7945 = PRODUCT_DEFINITION_SHAPE('Placement','Placement of an item',
  #7946);
#7946 = NEXT_ASSEMBLY_USAGE_OCCURRENCE('3','','',#3934,#3957,$);
#7947 = PRODUCT_RELATED_PRODUCT_CATEGORY('part',$,(#3959));
#7948 = SHAPE_DEFINITION_REPRESENTATION(#7949,#7955);
#7949 = PRODUCT_DEFINITION_SHAPE('','',#7950);
#7950 = PRODUCT_DEFINITION('design','',#7951,#7954);
#7951 = PRODUCT_DEFINITION_FORMATION('','',#7952);
#7952 = PRODUCT('Brufik clearance envelope','Brufik clearance envelope',
  '',(#7953));
#7953 = PRODUCT_CONTEXT('',#2,'mechanical');
#7954 = PRODUCT_DEFINITION_CONTEXT('part definition',#2,'design');
#7955 = SHAPE_REPRESENTATION('',(#11,#7956),#7960);
#7956 = AXIS2_PLACEMENT_3D('',#7957,#7958,#7959);
#7957 = CARTESIAN_POINT('',(0.,0.,0.));
#7958 = DIRECTION('',(0.,0.,1.));
#7959 = DIRECTION('',(1.,0.,-0.));
#7960 = ( GEOMETRIC_REPRESENTATION_CONTEXT(3) 
GLOBAL_UNCERTAINTY_ASSIGNED_CONTEXT((#7964)) 
GLOBAL_UNIT_ASSIGNED_CONTEXT((#7961,#7962,#7963)) REPRESENTATION_CONTEXT
('Context #1','3D Context with UNIT and UNCERTAINTY') );
#7961 = ( LENGTH_UNIT() NAMED_UNIT(*) SI_UNIT(.MILLI.,.METRE.) );
#7962 = ( NAMED_UNIT(*) PLANE_ANGLE_UNIT() SI_UNIT($,.RADIAN.) );
#7963 = ( NAMED_UNIT(*) SI_UNIT($,.STERADIAN.) SOLID_ANGLE_UNIT() );
#7964 = UNCERTAINTY_MEASURE_WITH_UNIT(LENGTH_MEASURE(1.E-07),#7961,
  'distance_accuracy_value','confusion accuracy');
#7965 = CONTEXT_DEPENDENT_SHAPE_REPRESENTATION(#7966,#7968);
#7966 = ( REPRESENTATION_RELATIONSHIP('','',#7955,#32) 
REPRESENTATION_RELATIONSHIP_WITH_TRANSFORMATION(#7967) 
SHAPE_REPRESENTATION_RELATIONSHIP() );
#7967 = ITEM_DEFINED_TRANSFORMATION('','',#11,#41);
#7968 = PRODUCT_DEFINITION_SHAPE('Placement','Placement of an item',
  #7969);
#7969 = NEXT_ASSEMBLY_USAGE_OCCURRENCE('6','','',#27,#7950,$);
#7970 = PRODUCT_RELATED_PRODUCT_CATEGORY('part',$,(#7952));
#7971 = SHAPE_DEFINITION_REPRESENTATION(#7972,#7978);
#7972 = PRODUCT_DEFINITION_SHAPE('','',#7973);
#7973 = PRODUCT_DEFINITION('design','',#7974,#7977);
#7974 = PRODUCT_DEFINITION_FORMATION('','',#7975);
#7975 = PRODUCT('Brufik clearance envelope_part',
  'Brufik clearance envelope_part','',(#7976));
#7976 = PRODUCT_CONTEXT('',#2,'mechanical');
#7977 = PRODUCT_DEFINITION_CONTEXT('part definition',#2,'design');
#7978 = ADVANCED_BREP_SHAPE_REPRESENTATION('',(#11,#7979),#8645);
#7979 = MANIFOLD_SOLID_BREP('',#7980);
#7980 = CLOSED_SHELL('',(#7981,#8101,#8301,#8351,#8405,#8530,#8557,#8584
    ,#8611,#8638));
#7981 = ADVANCED_FACE('',(#7982),#7996,.F.);
#7982 = FACE_BOUND('',#7983,.F.);
#7983 = EDGE_LOOP('',(#7984,#8019,#8047,#8075));
#7984 = ORIENTED_EDGE('',*,*,#7985,.F.);
#7985 = EDGE_CURVE('',#7986,#7988,#7990,.T.);
#7986 = VERTEX_POINT('',#7987);
#7987 = CARTESIAN_POINT('',(-26.5,-16.,83.));
#7988 = VERTEX_POINT('',#7989);
#7989 = CARTESIAN_POINT('',(-26.5,16.,83.));
#7990 = SURFACE_CURVE('',#7991,(#7995,#8007),.PCURVE_S1.);
#7991 = LINE('',#7992,#7993);
#7992 = CARTESIAN_POINT('',(-26.5,-24.,83.));
#7993 = VECTOR('',#7994,1.);
#7994 = DIRECTION('',(0.,1.,0.));
#7995 = PCURVE('',#7996,#8001);
#7996 = PLANE('',#7997);
#7997 = AXIS2_PLACEMENT_3D('',#7998,#7999,#8000);
#7998 = CARTESIAN_POINT('',(-26.5,-24.,25.));
#7999 = DIRECTION('',(1.,0.,0.));
#8000 = DIRECTION('',(0.,0.,1.));
#8001 = DEFINITIONAL_REPRESENTATION('',(#8002),#8006);
#8002 = LINE('',#8003,#8004);
#8003 = CARTESIAN_POINT('',(58.,0.));
#8004 = VECTOR('',#8005,1.);
#8005 = DIRECTION('',(0.,-1.));
#8006 = ( GEOMETRIC_REPRESENTATION_CONTEXT(2) 
PARAMETRIC_REPRESENTATION_CONTEXT() REPRESENTATION_CONTEXT('2D SPACE',''
  ) );
#8007 = PCURVE('',#8008,#8013);
#8008 = PLANE('',#8009);
#8009 = AXIS2_PLACEMENT_3D('',#8010,#8011,#8012);
#8010 = CARTESIAN_POINT('',(-26.5,-24.,83.));
#8011 = DIRECTION('',(0.,0.,1.));
#8012 = DIRECTION('',(1.,0.,0.));
#8013 = DEFINITIONAL_REPRESENTATION('',(#8014),#8018);
#8014 = LINE('',#8015,#8016);
#8015 = CARTESIAN_POINT('',(0.,0.));
#8016 = VECTOR('',#8017,1.);
#8017 = DIRECTION('',(0.,1.));
#8018 = ( GEOMETRIC_REPRESENTATION_CONTEXT(2) 
PARAMETRIC_REPRESENTATION_CONTEXT() REPRESENTATION_CONTEXT('2D SPACE',''
  ) );
#8019 = ORIENTED_EDGE('',*,*,#8020,.F.);
#8020 = EDGE_CURVE('',#8021,#7986,#8023,.T.);
#8021 = VERTEX_POINT('',#8022);
#8022 = CARTESIAN_POINT('',(-26.5,-16.,25.));
#8023 = SURFACE_CURVE('',#8024,(#8028,#8035),.PCURVE_S1.);
#8024 = LINE('',#8025,#8026);
#8025 = CARTESIAN_POINT('',(-26.5,-16.,25.));
#8026 = VECTOR('',#8027,1.);
#8027 = DIRECTION('',(0.,0.,1.));
#8028 = PCURVE('',#7996,#8029);
#8029 = DEFINITIONAL_REPRESENTATION('',(#8030),#8034);
#8030 = LINE('',#8031,#8032);
#8031 = CARTESIAN_POINT('',(0.,-8.));
#8032 = VECTOR('',#8033,1.);
#8033 = DIRECTION('',(1.,0.));
#8034 = ( GEOMETRIC_REPRESENTATION_CONTEXT(2) 
PARAMETRIC_REPRESENTATION_CONTEXT() REPRESENTATION_CONTEXT('2D SPACE',''
  ) );
#8035 = PCURVE('',#8036,#8041);
#8036 = CYLINDRICAL_SURFACE('',#8037,8.);
#8037 = AXIS2_PLACEMENT_3D('',#8038,#8039,#8040);
#8038 = CARTESIAN_POINT('',(-18.5,-16.,25.));
#8039 = DIRECTION('',(0.,0.,1.));
#8040 = DIRECTION('',(-1.,-0.,0.));
#8041 = DEFINITIONAL_REPRESENTATION('',(#8042),#8046);
#8042 = LINE('',#8043,#8044);
#8043 = CARTESIAN_POINT('',(0.,0.));
#8044 = VECTOR('',#8045,1.);
#8045 = DIRECTION('',(0.,1.));
#8046 = ( GEOMETRIC_REPRESENTATION_CONTEXT(2) 
PARAMETRIC_REPRESENTATION_CONTEXT() REPRESENTATION_CONTEXT('2D SPACE',''
  ) );
#8047 = ORIENTED_EDGE('',*,*,#8048,.T.);
#8048 = EDGE_CURVE('',#8021,#8049,#8051,.T.);
#8049 = VERTEX_POINT('',#8050);
#8050 = CARTESIAN_POINT('',(-26.5,16.,25.));
#8051 = SURFACE_CURVE('',#8052,(#8056,#8063),.PCURVE_S1.);
#8052 = LINE('',#8053,#8054);
#8053 = CARTESIAN_POINT('',(-26.5,-24.,25.));
#8054 = VECTOR('',#8055,1.);
#8055 = DIRECTION('',(0.,1.,0.));
#8056 = PCURVE('',#7996,#8057);
#8057 = DEFINITIONAL_REPRESENTATION('',(#8058),#8062);
#8058 = LINE('',#8059,#8060);
#8059 = CARTESIAN_POINT('',(0.,0.));
#8060 = VECTOR('',#8061,1.);
#8061 = DIRECTION('',(0.,-1.));
#8062 = ( GEOMETRIC_REPRESENTATION_CONTEXT(2) 
PARAMETRIC_REPRESENTATION_CONTEXT() REPRESENTATION_CONTEXT('2D SPACE',''
  ) );
#8063 = PCURVE('',#8064,#8069);
#8064 = PLANE('',#8065);
#8065 = AXIS2_PLACEMENT_3D('',#8066,#8067,#8068);
#8066 = CARTESIAN_POINT('',(-26.5,-24.,25.));
#8067 = DIRECTION('',(0.,0.,1.));
#8068 = DIRECTION('',(1.,0.,0.));
#8069 = DEFINITIONAL_REPRESENTATION('',(#8070),#8074);
#8070 = LINE('',#8071,#8072);
#8071 = CARTESIAN_POINT('',(0.,0.));
#8072 = VECTOR('',#8073,1.);
#8073 = DIRECTION('',(0.,1.));
#8074 = ( GEOMETRIC_REPRESENTATION_CONTEXT(2) 
PARAMETRIC_REPRESENTATION_CONTEXT() REPRESENTATION_CONTEXT('2D SPACE',''
  ) );
#8075 = ORIENTED_EDGE('',*,*,#8076,.T.);
#8076 = EDGE_CURVE('',#8049,#7988,#8077,.T.);
#8077 = SURFACE_CURVE('',#8078,(#8082,#8089),.PCURVE_S1.);
#8078 = LINE('',#8079,#8080);
#8079 = CARTESIAN_POINT('',(-26.5,16.,25.));
#8080 = VECTOR('',#8081,1.);
#8081 = DIRECTION('',(0.,0.,1.));
#8082 = PCURVE('',#7996,#8083);
#8083 = DEFINITIONAL_REPRESENTATION('',(#8084),#8088);
#8084 = LINE('',#8085,#8086);
#8085 = CARTESIAN_POINT('',(0.,-40.));
#8086 = VECTOR('',#8087,1.);
#8087 = DIRECTION('',(1.,0.));
#8088 = ( GEOMETRIC_REPRESENTATION_CONTEXT(2) 
PARAMETRIC_REPRESENTATION_CONTEXT() REPRESENTATION_CONTEXT('2D SPACE',''
  ) );
#8089 = PCURVE('',#8090,#8095);
#8090 = CYLINDRICAL_SURFACE('',#8091,8.);
#8091 = AXIS2_PLACEMENT_3D('',#8092,#8093,#8094);
#8092 = CARTESIAN_POINT('',(-18.5,16.,25.));
#8093 = DIRECTION('',(0.,0.,1.));
#8094 = DIRECTION('',(-1.,-0.,0.));
#8095 = DEFINITIONAL_REPRESENTATION('',(#8096),#8100);
#8096 = LINE('',#8097,#8098);
#8097 = CARTESIAN_POINT('',(-0.,0.));
#8098 = VECTOR('',#8099,1.);
#8099 = DIRECTION('',(-0.,1.));
#8100 = ( GEOMETRIC_REPRESENTATION_CONTEXT(2) 
PARAMETRIC_REPRESENTATION_CONTEXT() REPRESENTATION_CONTEXT('2D SPACE',''
  ) );
#8101 = ADVANCED_FACE('',(#8102),#8008,.T.);
#8102 = FACE_BOUND('',#8103,.T.);
#8103 = EDGE_LOOP('',(#8104,#8105,#8129,#8157,#8190,#8218,#8247,#8275));
#8104 = ORIENTED_EDGE('',*,*,#7985,.F.);
#8105 = ORIENTED_EDGE('',*,*,#8106,.T.);
#8106 = EDGE_CURVE('',#7986,#8107,#8109,.T.);
#8107 = VERTEX_POINT('',#8108);
#8108 = CARTESIAN_POINT('',(-18.5,-24.,83.));
#8109 = SURFACE_CURVE('',#8110,(#8115,#8122),.PCURVE_S1.);
#8110 = CIRCLE('',#8111,8.);
#8111 = AXIS2_PLACEMENT_3D('',#8112,#8113,#8114);
#8112 = CARTESIAN_POINT('',(-18.5,-16.,83.));
#8113 = DIRECTION('',(0.,0.,1.));
#8114 = DIRECTION('',(0.,-1.,0.));
#8115 = PCURVE('',#8008,#8116);
#8116 = DEFINITIONAL_REPRESENTATION('',(#8117),#8121);
#8117 = CIRCLE('',#8118,8.);
#8118 = AXIS2_PLACEMENT_2D('',#8119,#8120);
#8119 = CARTESIAN_POINT('',(8.,8.));
#8120 = DIRECTION('',(0.,-1.));
#8121 = ( GEOMETRIC_REPRESENTATION_CONTEXT(2) 
PARAMETRIC_REPRESENTATION_CONTEXT() REPRESENTATION_CONTEXT('2D SPACE',''
  ) );
#8122 = PCURVE('',#8036,#8123);
#8123 = DEFINITIONAL_REPRESENTATION('',(#8124),#8128);
#8124 = LINE('',#8125,#8126);
#8125 = CARTESIAN_POINT('',(-4.712388980385,58.));
#8126 = VECTOR('',#8127,1.);
#8127 = DIRECTION('',(1.,0.));
#8128 = ( GEOMETRIC_REPRESENTATION_CONTEXT(2) 
PARAMETRIC_REPRESENTATION_CONTEXT() REPRESENTATION_CONTEXT('2D SPACE',''
  ) );
#8129 = ORIENTED_EDGE('',*,*,#8130,.T.);
#8130 = EDGE_CURVE('',#8107,#8131,#8133,.T.);
#8131 = VERTEX_POINT('',#8132);
#8132 = CARTESIAN_POINT('',(18.5,-24.,83.));
#8133 = SURFACE_CURVE('',#8134,(#8138,#8145),.PCURVE_S1.);
#8134 = LINE('',#8135,#8136);
#8135 = CARTESIAN_POINT('',(-26.5,-24.,83.));
#8136 = VECTOR('',#8137,1.);
#8137 = DIRECTION('',(1.,0.,0.));
#8138 = PCURVE('',#8008,#8139);
#8139 = DEFINITIONAL_REPRESENTATION('',(#8140),#8144);
#8140 = LINE('',#8141,#8142);
#8141 = CARTESIAN_POINT('',(0.,0.));
#8142 = VECTOR('',#8143,1.);
#8143 = DIRECTION('',(1.,0.));
#8144 = ( GEOMETRIC_REPRESENTATION_CONTEXT(2) 
PARAMETRIC_REPRESENTATION_CONTEXT() REPRESENTATION_CONTEXT('2D SPACE',''
  ) );
#8145 = PCURVE('',#8146,#8151);
#8146 = PLANE('',#8147);
#8147 = AXIS2_PLACEMENT_3D('',#8148,#8149,#8150);
#8148 = CARTESIAN_POINT('',(-26.5,-24.,25.));
#8149 = DIRECTION('',(0.,1.,0.));
#8150 = DIRECTION('',(0.,0.,1.));
#8151 = DEFINITIONAL_REPRESENTATION('',(#8152),#8156);
#8152 = LINE('',#8153,#8154);
#8153 = CARTESIAN_POINT('',(58.,0.));
#8154 = VECTOR('',#8155,1.);
#8155 = DIRECTION('',(0.,1.));
#8156 = ( GEOMETRIC_REPRESENTATION_CONTEXT(2) 
PARAMETRIC_REPRESENTATION_CONTEXT() REPRESENTATION_CONTEXT('2D SPACE',''
  ) );
#8157 = ORIENTED_EDGE('',*,*,#8158,.F.);
#8158 = EDGE_CURVE('',#8159,#8131,#8161,.T.);
#8159 = VERTEX_POINT('',#8160);
#8160 = CARTESIAN_POINT('',(26.5,-16.,83.));
#8161 = SURFACE_CURVE('',#8162,(#8167,#8178),.PCURVE_S1.);
#8162 = CIRCLE('',#8163,8.);
#8163 = AXIS2_PLACEMENT_3D('',#8164,#8165,#8166);
#8164 = CARTESIAN_POINT('',(18.5,-16.,83.));
#8165 = DIRECTION('',(-0.,-0.,-1.));
#8166 = DIRECTION('',(0.,-1.,0.));
#8167 = PCURVE('',#8008,#8168);
#8168 = DEFINITIONAL_REPRESENTATION('',(#8169),#8177);
#8169 = ( BOUNDED_CURVE() B_SPLINE_CURVE(2,(#8170,#8171,#8172,#8173,
#8174,#8175,#8176),.UNSPECIFIED.,.T.,.F.) B_SPLINE_CURVE_WITH_KNOTS((1,2
    ,2,2,2,1),(-2.094395102393,0.,2.094395102393,4.188790204786,
6.28318530718,8.377580409573),.UNSPECIFIED.) CURVE() 
GEOMETRIC_REPRESENTATION_ITEM() RATIONAL_B_SPLINE_CURVE((1.,0.5,1.,0.5,
1.,0.5,1.)) REPRESENTATION_ITEM('') );
#8170 = CARTESIAN_POINT('',(45.,0.));
#8171 = CARTESIAN_POINT('',(31.143593539449,0.));
#8172 = CARTESIAN_POINT('',(38.071796769724,12.));
#8173 = CARTESIAN_POINT('',(45.,24.));
#8174 = CARTESIAN_POINT('',(51.928203230276,12.));
#8175 = CARTESIAN_POINT('',(58.856406460551,1.24344978758E-14));
#8176 = CARTESIAN_POINT('',(45.,0.));
#8177 = ( GEOMETRIC_REPRESENTATION_CONTEXT(2) 
PARAMETRIC_REPRESENTATION_CONTEXT() REPRESENTATION_CONTEXT('2D SPACE',''
  ) );
#8178 = PCURVE('',#8179,#8184);
#8179 = CYLINDRICAL_SURFACE('',#8180,8.);
#8180 = AXIS2_PLACEMENT_3D('',#8181,#8182,#8183);
#8181 = CARTESIAN_POINT('',(18.5,-16.,25.));
#8182 = DIRECTION('',(0.,0.,1.));
#8183 = DIRECTION('',(1.,0.,-0.));
#8184 = DEFINITIONAL_REPRESENTATION('',(#8185),#8189);
#8185 = LINE('',#8186,#8187);
#8186 = CARTESIAN_POINT('',(4.712388980385,58.));
#8187 = VECTOR('',#8188,1.);
#8188 = DIRECTION('',(-1.,0.));
#8189 = ( GEOMETRIC_REPRESENTATION_CONTEXT(2) 
PARAMETRIC_REPRESENTATION_CONTEXT() REPRESENTATION_CONTEXT('2D SPACE',''
  ) );
#8190 = ORIENTED_EDGE('',*,*,#8191,.T.);
#8191 = EDGE_CURVE('',#8159,#8192,#8194,.T.);
#8192 = VERTEX_POINT('',#8193);
#8193 = CARTESIAN_POINT('',(26.5,16.,83.));
#8194 = SURFACE_CURVE('',#8195,(#8199,#8206),.PCURVE_S1.);
#8195 = LINE('',#8196,#8197);
#8196 = CARTESIAN_POINT('',(26.5,-24.,83.));
#8197 = VECTOR('',#8198,1.);
#8198 = DIRECTION('',(0.,1.,0.));
#8199 = PCURVE('',#8008,#8200);
#8200 = DEFINITIONAL_REPRESENTATION('',(#8201),#8205);
#8201 = LINE('',#8202,#8203);
#8202 = CARTESIAN_POINT('',(53.,0.));
#8203 = VECTOR('',#8204,1.);
#8204 = DIRECTION('',(0.,1.));
#8205 = ( GEOMETRIC_REPRESENTATION_CONTEXT(2) 
PARAMETRIC_REPRESENTATION_CONTEXT() REPRESENTATION_CONTEXT('2D SPACE',''
  ) );
#8206 = PCURVE('',#8207,#8212);
#8207 = PLANE('',#8208);
#8208 = AXIS2_PLACEMENT_3D('',#8209,#8210,#8211);
#8209 = CARTESIAN_POINT('',(26.5,-24.,25.));
#8210 = DIRECTION('',(1.,0.,0.));
#8211 = DIRECTION('',(0.,0.,1.));
#8212 = DEFINITIONAL_REPRESENTATION('',(#8213),#8217);
#8213 = LINE('',#8214,#8215);
#8214 = CARTESIAN_POINT('',(58.,0.));
#8215 = VECTOR('',#8216,1.);
#8216 = DIRECTION('',(0.,-1.));
#8217 = ( GEOMETRIC_REPRESENTATION_CONTEXT(2) 
PARAMETRIC_REPRESENTATION_CONTEXT() REPRESENTATION_CONTEXT('2D SPACE',''
  ) );
#8218 = ORIENTED_EDGE('',*,*,#8219,.T.);
#8219 = EDGE_CURVE('',#8192,#8220,#8222,.T.);
#8220 = VERTEX_POINT('',#8221);
#8221 = CARTESIAN_POINT('',(18.5,24.,83.));
#8222 = SURFACE_CURVE('',#8223,(#8228,#8235),.PCURVE_S1.);
#8223 = CIRCLE('',#8224,8.);
#8224 = AXIS2_PLACEMENT_3D('',#8225,#8226,#8227);
#8225 = CARTESIAN_POINT('',(18.5,16.,83.));
#8226 = DIRECTION('',(0.,0.,1.));
#8227 = DIRECTION('',(0.,-1.,0.));
#8228 = PCURVE('',#8008,#8229);
#8229 = DEFINITIONAL_REPRESENTATION('',(#8230),#8234);
#8230 = CIRCLE('',#8231,8.);
#8231 = AXIS2_PLACEMENT_2D('',#8232,#8233);
#8232 = CARTESIAN_POINT('',(45.,40.));
#8233 = DIRECTION('',(0.,-1.));
#8234 = ( GEOMETRIC_REPRESENTATION_CONTEXT(2) 
PARAMETRIC_REPRESENTATION_CONTEXT() REPRESENTATION_CONTEXT('2D SPACE',''
  ) );
#8235 = PCURVE('',#8236,#8241);
#8236 = CYLINDRICAL_SURFACE('',#8237,8.);
#8237 = AXIS2_PLACEMENT_3D('',#8238,#8239,#8240);
#8238 = CARTESIAN_POINT('',(18.5,16.,25.));
#8239 = DIRECTION('',(0.,0.,1.));
#8240 = DIRECTION('',(1.,0.,-0.));
#8241 = DEFINITIONAL_REPRESENTATION('',(#8242),#8246);
#8242 = LINE('',#8243,#8244);
#8243 = CARTESIAN_POINT('',(-1.570796326795,58.));
#8244 = VECTOR('',#8245,1.);
#8245 = DIRECTION('',(1.,0.));
#8246 = ( GEOMETRIC_REPRESENTATION_CONTEXT(2) 
PARAMETRIC_REPRESENTATION_CONTEXT() REPRESENTATION_CONTEXT('2D SPACE',''
  ) );
#8247 = ORIENTED_EDGE('',*,*,#8248,.F.);
#8248 = EDGE_CURVE('',#8249,#8220,#8251,.T.);
#8249 = VERTEX_POINT('',#8250);
#8250 = CARTESIAN_POINT('',(-18.5,24.,83.));
#8251 = SURFACE_CURVE('',#8252,(#8256,#8263),.PCURVE_S1.);
#8252 = LINE('',#8253,#8254);
#8253 = CARTESIAN_POINT('',(-26.5,24.,83.));
#8254 = VECTOR('',#8255,1.);
#8255 = DIRECTION('',(1.,0.,0.));
#8256 = PCURVE('',#8008,#8257);
#8257 = DEFINITIONAL_REPRESENTATION('',(#8258),#8262);
#8258 = LINE('',#8259,#8260);
#8259 = CARTESIAN_POINT('',(0.,48.));
#8260 = VECTOR('',#8261,1.);
#8261 = DIRECTION('',(1.,0.));
#8262 = ( GEOMETRIC_REPRESENTATION_CONTEXT(2) 
PARAMETRIC_REPRESENTATION_CONTEXT() REPRESENTATION_CONTEXT('2D SPACE',''
  ) );
#8263 = PCURVE('',#8264,#8269);
#8264 = PLANE('',#8265);
#8265 = AXIS2_PLACEMENT_3D('',#8266,#8267,#8268);
#8266 = CARTESIAN_POINT('',(-26.5,24.,25.));
#8267 = DIRECTION('',(0.,1.,0.));
#8268 = DIRECTION('',(0.,0.,1.));
#8269 = DEFINITIONAL_REPRESENTATION('',(#8270),#8274);
#8270 = LINE('',#8271,#8272);
#8271 = CARTESIAN_POINT('',(58.,0.));
#8272 = VECTOR('',#8273,1.);
#8273 = DIRECTION('',(0.,1.));
#8274 = ( GEOMETRIC_REPRESENTATION_CONTEXT(2) 
PARAMETRIC_REPRESENTATION_CONTEXT() REPRESENTATION_CONTEXT('2D SPACE',''
  ) );
#8275 = ORIENTED_EDGE('',*,*,#8276,.F.);
#8276 = EDGE_CURVE('',#7988,#8249,#8277,.T.);
#8277 = SURFACE_CURVE('',#8278,(#8283,#8294),.PCURVE_S1.);
#8278 = CIRCLE('',#8279,8.);
#8279 = AXIS2_PLACEMENT_3D('',#8280,#8281,#8282);
#8280 = CARTESIAN_POINT('',(-18.5,16.,83.));
#8281 = DIRECTION('',(-0.,-0.,-1.));
#8282 = DIRECTION('',(0.,-1.,0.));
#8283 = PCURVE('',#8008,#8284);
#8284 = DEFINITIONAL_REPRESENTATION('',(#8285),#8293);
#8285 = ( BOUNDED_CURVE() B_SPLINE_CURVE(2,(#8286,#8287,#8288,#8289,
#8290,#8291,#8292),.UNSPECIFIED.,.T.,.F.) B_SPLINE_CURVE_WITH_KNOTS((1,2
    ,2,2,2,1),(-2.094395102393,0.,2.094395102393,4.188790204786,
6.28318530718,8.377580409573),.UNSPECIFIED.) CURVE() 
GEOMETRIC_REPRESENTATION_ITEM() RATIONAL_B_SPLINE_CURVE((1.,0.5,1.,0.5,
1.,0.5,1.)) REPRESENTATION_ITEM('') );
#8286 = CARTESIAN_POINT('',(8.,32.));
#8287 = CARTESIAN_POINT('',(-5.856406460551,32.));
#8288 = CARTESIAN_POINT('',(1.071796769724,44.));
#8289 = CARTESIAN_POINT('',(8.,56.));
#8290 = CARTESIAN_POINT('',(14.928203230276,44.));
#8291 = CARTESIAN_POINT('',(21.856406460551,32.));
#8292 = CARTESIAN_POINT('',(8.,32.));
#8293 = ( GEOMETRIC_REPRESENTATION_CONTEXT(2) 
PARAMETRIC_REPRESENTATION_CONTEXT() REPRESENTATION_CONTEXT('2D SPACE',''
  ) );
#8294 = PCURVE('',#8090,#8295);
#8295 = DEFINITIONAL_REPRESENTATION('',(#8296),#8300);
#8296 = LINE('',#8297,#8298);
#8297 = CARTESIAN_POINT('',(1.570796326795,58.));
#8298 = VECTOR('',#8299,1.);
#8299 = DIRECTION('',(-1.,0.));
#8300 = ( GEOMETRIC_REPRESENTATION_CONTEXT(2) 
PARAMETRIC_REPRESENTATION_CONTEXT() REPRESENTATION_CONTEXT('2D SPACE',''
  ) );
#8301 = ADVANCED_FACE('',(#8302),#8036,.T.);
#8302 = FACE_BOUND('',#8303,.T.);
#8303 = EDGE_LOOP('',(#8304,#8328,#8349,#8350));
#8304 = ORIENTED_EDGE('',*,*,#8305,.T.);
#8305 = EDGE_CURVE('',#8021,#8306,#8308,.T.);
#8306 = VERTEX_POINT('',#8307);
#8307 = CARTESIAN_POINT('',(-18.5,-24.,25.));
#8308 = SURFACE_CURVE('',#8309,(#8314,#8321),.PCURVE_S1.);
#8309 = CIRCLE('',#8310,8.);
#8310 = AXIS2_PLACEMENT_3D('',#8311,#8312,#8313);
#8311 = CARTESIAN_POINT('',(-18.5,-16.,25.));
#8312 = DIRECTION('',(0.,0.,1.));
#8313 = DIRECTION('',(0.,-1.,0.));
#8314 = PCURVE('',#8036,#8315);
#8315 = DEFINITIONAL_REPRESENTATION('',(#8316),#8320);
#8316 = LINE('',#8317,#8318);
#8317 = CARTESIAN_POINT('',(-4.712388980385,0.));
#8318 = VECTOR('',#8319,1.);
#8319 = DIRECTION('',(1.,0.));
#8320 = ( GEOMETRIC_REPRESENTATION_CONTEXT(2) 
PARAMETRIC_REPRESENTATION_CONTEXT() REPRESENTATION_CONTEXT('2D SPACE',''
  ) );
#8321 = PCURVE('',#8064,#8322);
#8322 = DEFINITIONAL_REPRESENTATION('',(#8323),#8327);
#8323 = CIRCLE('',#8324,8.);
#8324 = AXIS2_PLACEMENT_2D('',#8325,#8326);
#8325 = CARTESIAN_POINT('',(8.,8.));
#8326 = DIRECTION('',(0.,-1.));
#8327 = ( GEOMETRIC_REPRESENTATION_CONTEXT(2) 
PARAMETRIC_REPRESENTATION_CONTEXT() REPRESENTATION_CONTEXT('2D SPACE',''
  ) );
#8328 = ORIENTED_EDGE('',*,*,#8329,.T.);
#8329 = EDGE_CURVE('',#8306,#8107,#8330,.T.);
#8330 = SURFACE_CURVE('',#8331,(#8335,#8342),.PCURVE_S1.);
#8331 = LINE('',#8332,#8333);
#8332 = CARTESIAN_POINT('',(-18.5,-24.,25.));
#8333 = VECTOR('',#8334,1.);
#8334 = DIRECTION('',(0.,0.,1.));
#8335 = PCURVE('',#8036,#8336);
#8336 = DEFINITIONAL_REPRESENTATION('',(#8337),#8341);
#8337 = LINE('',#8338,#8339);
#8338 = CARTESIAN_POINT('',(1.570796326795,0.));
#8339 = VECTOR('',#8340,1.);
#8340 = DIRECTION('',(0.,1.));
#8341 = ( GEOMETRIC_REPRESENTATION_CONTEXT(2) 
PARAMETRIC_REPRESENTATION_CONTEXT() REPRESENTATION_CONTEXT('2D SPACE',''
  ) );
#8342 = PCURVE('',#8146,#8343);
#8343 = DEFINITIONAL_REPRESENTATION('',(#8344),#8348);
#8344 = LINE('',#8345,#8346);
#8345 = CARTESIAN_POINT('',(0.,8.));
#8346 = VECTOR('',#8347,1.);
#8347 = DIRECTION('',(1.,0.));
#8348 = ( GEOMETRIC_REPRESENTATION_CONTEXT(2) 
PARAMETRIC_REPRESENTATION_CONTEXT() REPRESENTATION_CONTEXT('2D SPACE',''
  ) );
#8349 = ORIENTED_EDGE('',*,*,#8106,.F.);
#8350 = ORIENTED_EDGE('',*,*,#8020,.F.);
#8351 = ADVANCED_FACE('',(#8352),#8090,.T.);
#8352 = FACE_BOUND('',#8353,.F.);
#8353 = EDGE_LOOP('',(#8354,#8382,#8403,#8404));
#8354 = ORIENTED_EDGE('',*,*,#8355,.T.);
#8355 = EDGE_CURVE('',#8049,#8356,#8358,.T.);
#8356 = VERTEX_POINT('',#8357);
#8357 = CARTESIAN_POINT('',(-18.5,24.,25.));
#8358 = SURFACE_CURVE('',#8359,(#8364,#8371),.PCURVE_S1.);
#8359 = CIRCLE('',#8360,8.);
#8360 = AXIS2_PLACEMENT_3D('',#8361,#8362,#8363);
#8361 = CARTESIAN_POINT('',(-18.5,16.,25.));
#8362 = DIRECTION('',(-0.,-0.,-1.));
#8363 = DIRECTION('',(0.,-1.,0.));
#8364 = PCURVE('',#8090,#8365);
#8365 = DEFINITIONAL_REPRESENTATION('',(#8366),#8370);
#8366 = LINE('',#8367,#8368);
#8367 = CARTESIAN_POINT('',(1.570796326795,-0.));
#8368 = VECTOR('',#8369,1.);
#8369 = DIRECTION('',(-1.,0.));
#8370 = ( GEOMETRIC_REPRESENTATION_CONTEXT(2) 
PARAMETRIC_REPRESENTATION_CONTEXT() REPRESENTATION_CONTEXT('2D SPACE',''
  ) );
#8371 = PCURVE('',#8064,#8372);
#8372 = DEFINITIONAL_REPRESENTATION('',(#8373),#8381);
#8373 = ( BOUNDED_CURVE() B_SPLINE_CURVE(2,(#8374,#8375,#8376,#8377,
#8378,#8379,#8380),.UNSPECIFIED.,.T.,.F.) B_SPLINE_CURVE_WITH_KNOTS((1,2
    ,2,2,2,1),(-2.094395102393,0.,2.094395102393,4.188790204786,
6.28318530718,8.377580409573),.UNSPECIFIED.) CURVE() 
GEOMETRIC_REPRESENTATION_ITEM() RATIONAL_B_SPLINE_CURVE((1.,0.5,1.,0.5,
1.,0.5,1.)) REPRESENTATION_ITEM('') );
#8374 = CARTESIAN_POINT('',(8.,32.));
#8375 = CARTESIAN_POINT('',(-5.856406460551,32.));
#8376 = CARTESIAN_POINT('',(1.071796769724,44.));
#8377 = CARTESIAN_POINT('',(8.,56.));
#8378 = CARTESIAN_POINT('',(14.928203230276,44.));
#8379 = CARTESIAN_POINT('',(21.856406460551,32.));
#8380 = CARTESIAN_POINT('',(8.,32.));
#8381 = ( GEOMETRIC_REPRESENTATION_CONTEXT(2) 
PARAMETRIC_REPRESENTATION_CONTEXT() REPRESENTATION_CONTEXT('2D SPACE',''
  ) );
#8382 = ORIENTED_EDGE('',*,*,#8383,.T.);
#8383 = EDGE_CURVE('',#8356,#8249,#8384,.T.);
#8384 = SURFACE_CURVE('',#8385,(#8389,#8396),.PCURVE_S1.);
#8385 = LINE('',#8386,#8387);
#8386 = CARTESIAN_POINT('',(-18.5,24.,25.));
#8387 = VECTOR('',#8388,1.);
#8388 = DIRECTION('',(0.,0.,1.));
#8389 = PCURVE('',#8090,#8390);
#8390 = DEFINITIONAL_REPRESENTATION('',(#8391),#8395);
#8391 = LINE('',#8392,#8393);
#8392 = CARTESIAN_POINT('',(-1.570796326795,0.));
#8393 = VECTOR('',#8394,1.);
#8394 = DIRECTION('',(-0.,1.));
#8395 = ( GEOMETRIC_REPRESENTATION_CONTEXT(2) 
PARAMETRIC_REPRESENTATION_CONTEXT() REPRESENTATION_CONTEXT('2D SPACE',''
  ) );
#8396 = PCURVE('',#8264,#8397);
#8397 = DEFINITIONAL_REPRESENTATION('',(#8398),#8402);
#8398 = LINE('',#8399,#8400);
#8399 = CARTESIAN_POINT('',(0.,8.));
#8400 = VECTOR('',#8401,1.);
#8401 = DIRECTION('',(1.,0.));
#8402 = ( GEOMETRIC_REPRESENTATION_CONTEXT(2) 
PARAMETRIC_REPRESENTATION_CONTEXT() REPRESENTATION_CONTEXT('2D SPACE',''
  ) );
#8403 = ORIENTED_EDGE('',*,*,#8276,.F.);
#8404 = ORIENTED_EDGE('',*,*,#8076,.F.);
#8405 = ADVANCED_FACE('',(#8406),#8064,.F.);
#8406 = FACE_BOUND('',#8407,.F.);
#8407 = EDGE_LOOP('',(#8408,#8409,#8410,#8433,#8461,#8484,#8508,#8529));
#8408 = ORIENTED_EDGE('',*,*,#8048,.F.);
#8409 = ORIENTED_EDGE('',*,*,#8305,.T.);
#8410 = ORIENTED_EDGE('',*,*,#8411,.T.);
#8411 = EDGE_CURVE('',#8306,#8412,#8414,.T.);
#8412 = VERTEX_POINT('',#8413);
#8413 = CARTESIAN_POINT('',(18.5,-24.,25.));
#8414 = SURFACE_CURVE('',#8415,(#8419,#8426),.PCURVE_S1.);
#8415 = LINE('',#8416,#8417);
#8416 = CARTESIAN_POINT('',(-26.5,-24.,25.));
#8417 = VECTOR('',#8418,1.);
#8418 = DIRECTION('',(1.,0.,0.));
#8419 = PCURVE('',#8064,#8420);
#8420 = DEFINITIONAL_REPRESENTATION('',(#8421),#8425);
#8421 = LINE('',#8422,#8423);
#8422 = CARTESIAN_POINT('',(0.,0.));
#8423 = VECTOR('',#8424,1.);
#8424 = DIRECTION('',(1.,0.));
#8425 = ( GEOMETRIC_REPRESENTATION_CONTEXT(2) 
PARAMETRIC_REPRESENTATION_CONTEXT() REPRESENTATION_CONTEXT('2D SPACE',''
  ) );
#8426 = PCURVE('',#8146,#8427);
#8427 = DEFINITIONAL_REPRESENTATION('',(#8428),#8432);
#8428 = LINE('',#8429,#8430);
#8429 = CARTESIAN_POINT('',(0.,0.));
#8430 = VECTOR('',#8431,1.);
#8431 = DIRECTION('',(0.,1.));
#8432 = ( GEOMETRIC_REPRESENTATION_CONTEXT(2) 
PARAMETRIC_REPRESENTATION_CONTEXT() REPRESENTATION_CONTEXT('2D SPACE',''
  ) );
#8433 = ORIENTED_EDGE('',*,*,#8434,.F.);
#8434 = EDGE_CURVE('',#8435,#8412,#8437,.T.);
#8435 = VERTEX_POINT('',#8436);
#8436 = CARTESIAN_POINT('',(26.5,-16.,25.));
#8437 = SURFACE_CURVE('',#8438,(#8443,#8454),.PCURVE_S1.);
#8438 = CIRCLE('',#8439,8.);
#8439 = AXIS2_PLACEMENT_3D('',#8440,#8441,#8442);
#8440 = CARTESIAN_POINT('',(18.5,-16.,25.));
#8441 = DIRECTION('',(-0.,-0.,-1.));
#8442 = DIRECTION('',(0.,-1.,0.));
#8443 = PCURVE('',#8064,#8444);
#8444 = DEFINITIONAL_REPRESENTATION('',(#8445),#8453);
#8445 = ( BOUNDED_CURVE() B_SPLINE_CURVE(2,(#8446,#8447,#8448,#8449,
#8450,#8451,#8452),.UNSPECIFIED.,.T.,.F.) B_SPLINE_CURVE_WITH_KNOTS((1,2
    ,2,2,2,1),(-2.094395102393,0.,2.094395102393,4.188790204786,
6.28318530718,8.377580409573),.UNSPECIFIED.) CURVE() 
GEOMETRIC_REPRESENTATION_ITEM() RATIONAL_B_SPLINE_CURVE((1.,0.5,1.,0.5,
1.,0.5,1.)) REPRESENTATION_ITEM('') );
#8446 = CARTESIAN_POINT('',(45.,0.));
#8447 = CARTESIAN_POINT('',(31.143593539449,0.));
#8448 = CARTESIAN_POINT('',(38.071796769724,12.));
#8449 = CARTESIAN_POINT('',(45.,24.));
#8450 = CARTESIAN_POINT('',(51.928203230276,12.));
#8451 = CARTESIAN_POINT('',(58.856406460551,1.24344978758E-14));
#8452 = CARTESIAN_POINT('',(45.,0.));
#8453 = ( GEOMETRIC_REPRESENTATION_CONTEXT(2) 
PARAMETRIC_REPRESENTATION_CONTEXT() REPRESENTATION_CONTEXT('2D SPACE',''
  ) );
#8454 = PCURVE('',#8179,#8455);
#8455 = DEFINITIONAL_REPRESENTATION('',(#8456),#8460);
#8456 = LINE('',#8457,#8458);
#8457 = CARTESIAN_POINT('',(4.712388980385,-0.));
#8458 = VECTOR('',#8459,1.);
#8459 = DIRECTION('',(-1.,0.));
#8460 = ( GEOMETRIC_REPRESENTATION_CONTEXT(2) 
PARAMETRIC_REPRESENTATION_CONTEXT() REPRESENTATION_CONTEXT('2D SPACE',''
  ) );
#8461 = ORIENTED_EDGE('',*,*,#8462,.T.);
#8462 = EDGE_CURVE('',#8435,#8463,#8465,.T.);
#8463 = VERTEX_POINT('',#8464);
#8464 = CARTESIAN_POINT('',(26.5,16.,25.));
#8465 = SURFACE_CURVE('',#8466,(#8470,#8477),.PCURVE_S1.);
#8466 = LINE('',#8467,#8468);
#8467 = CARTESIAN_POINT('',(26.5,-24.,25.));
#8468 = VECTOR('',#8469,1.);
#8469 = DIRECTION('',(0.,1.,0.));
#8470 = PCURVE('',#8064,#8471);
#8471 = DEFINITIONAL_REPRESENTATION('',(#8472),#8476);
#8472 = LINE('',#8473,#8474);
#8473 = CARTESIAN_POINT('',(53.,0.));
#8474 = VECTOR('',#8475,1.);
#8475 = DIRECTION('',(0.,1.));
#8476 = ( GEOMETRIC_REPRESENTATION_CONTEXT(2) 
PARAMETRIC_REPRESENTATION_CONTEXT() REPRESENTATION_CONTEXT('2D SPACE',''
  ) );
#8477 = PCURVE('',#8207,#8478);
#8478 = DEFINITIONAL_REPRESENTATION('',(#8479),#8483);
#8479 = LINE('',#8480,#8481);
#8480 = CARTESIAN_POINT('',(0.,0.));
#8481 = VECTOR('',#8482,1.);
#8482 = DIRECTION('',(0.,-1.));
#8483 = ( GEOMETRIC_REPRESENTATION_CONTEXT(2) 
PARAMETRIC_REPRESENTATION_CONTEXT() REPRESENTATION_CONTEXT('2D SPACE',''
  ) );
#8484 = ORIENTED_EDGE('',*,*,#8485,.T.);
#8485 = EDGE_CURVE('',#8463,#8486,#8488,.T.);
#8486 = VERTEX_POINT('',#8487);
#8487 = CARTESIAN_POINT('',(18.5,24.,25.));
#8488 = SURFACE_CURVE('',#8489,(#8494,#8501),.PCURVE_S1.);
#8489 = CIRCLE('',#8490,8.);
#8490 = AXIS2_PLACEMENT_3D('',#8491,#8492,#8493);
#8491 = CARTESIAN_POINT('',(18.5,16.,25.));
#8492 = DIRECTION('',(0.,0.,1.));
#8493 = DIRECTION('',(0.,-1.,0.));
#8494 = PCURVE('',#8064,#8495);
#8495 = DEFINITIONAL_REPRESENTATION('',(#8496),#8500);
#8496 = CIRCLE('',#8497,8.);
#8497 = AXIS2_PLACEMENT_2D('',#8498,#8499);
#8498 = CARTESIAN_POINT('',(45.,40.));
#8499 = DIRECTION('',(0.,-1.));
#8500 = ( GEOMETRIC_REPRESENTATION_CONTEXT(2) 
PARAMETRIC_REPRESENTATION_CONTEXT() REPRESENTATION_CONTEXT('2D SPACE',''
  ) );
#8501 = PCURVE('',#8236,#8502);
#8502 = DEFINITIONAL_REPRESENTATION('',(#8503),#8507);
#8503 = LINE('',#8504,#8505);
#8504 = CARTESIAN_POINT('',(-1.570796326795,0.));
#8505 = VECTOR('',#8506,1.);
#8506 = DIRECTION('',(1.,0.));
#8507 = ( GEOMETRIC_REPRESENTATION_CONTEXT(2) 
PARAMETRIC_REPRESENTATION_CONTEXT() REPRESENTATION_CONTEXT('2D SPACE',''
  ) );
#8508 = ORIENTED_EDGE('',*,*,#8509,.F.);
#8509 = EDGE_CURVE('',#8356,#8486,#8510,.T.);
#8510 = SURFACE_CURVE('',#8511,(#8515,#8522),.PCURVE_S1.);
#8511 = LINE('',#8512,#8513);
#8512 = CARTESIAN_POINT('',(-26.5,24.,25.));
#8513 = VECTOR('',#8514,1.);
#8514 = DIRECTION('',(1.,0.,0.));
#8515 = PCURVE('',#8064,#8516);
#8516 = DEFINITIONAL_REPRESENTATION('',(#8517),#8521);
#8517 = LINE('',#8518,#8519);
#8518 = CARTESIAN_POINT('',(0.,48.));
#8519 = VECTOR('',#8520,1.);
#8520 = DIRECTION('',(1.,0.));
#8521 = ( GEOMETRIC_REPRESENTATION_CONTEXT(2) 
PARAMETRIC_REPRESENTATION_CONTEXT() REPRESENTATION_CONTEXT('2D SPACE',''
  ) );
#8522 = PCURVE('',#8264,#8523);
#8523 = DEFINITIONAL_REPRESENTATION('',(#8524),#8528);
#8524 = LINE('',#8525,#8526);
#8525 = CARTESIAN_POINT('',(0.,0.));
#8526 = VECTOR('',#8527,1.);
#8527 = DIRECTION('',(0.,1.));
#8528 = ( GEOMETRIC_REPRESENTATION_CONTEXT(2) 
PARAMETRIC_REPRESENTATION_CONTEXT() REPRESENTATION_CONTEXT('2D SPACE',''
  ) );
#8529 = ORIENTED_EDGE('',*,*,#8355,.F.);
#8530 = ADVANCED_FACE('',(#8531),#8146,.F.);
#8531 = FACE_BOUND('',#8532,.F.);
#8532 = EDGE_LOOP('',(#8533,#8534,#8535,#8536));
#8533 = ORIENTED_EDGE('',*,*,#8411,.F.);
#8534 = ORIENTED_EDGE('',*,*,#8329,.T.);
#8535 = ORIENTED_EDGE('',*,*,#8130,.T.);
#8536 = ORIENTED_EDGE('',*,*,#8537,.F.);
#8537 = EDGE_CURVE('',#8412,#8131,#8538,.T.);
#8538 = SURFACE_CURVE('',#8539,(#8543,#8550),.PCURVE_S1.);
#8539 = LINE('',#8540,#8541);
#8540 = CARTESIAN_POINT('',(18.5,-24.,25.));
#8541 = VECTOR('',#8542,1.);
#8542 = DIRECTION('',(0.,0.,1.));
#8543 = PCURVE('',#8146,#8544);
#8544 = DEFINITIONAL_REPRESENTATION('',(#8545),#8549);
#8545 = LINE('',#8546,#8547);
#8546 = CARTESIAN_POINT('',(0.,45.));
#8547 = VECTOR('',#8548,1.);
#8548 = DIRECTION('',(1.,0.));
#8549 = ( GEOMETRIC_REPRESENTATION_CONTEXT(2) 
PARAMETRIC_REPRESENTATION_CONTEXT() REPRESENTATION_CONTEXT('2D SPACE',''
  ) );
#8550 = PCURVE('',#8179,#8551);
#8551 = DEFINITIONAL_REPRESENTATION('',(#8552),#8556);
#8552 = LINE('',#8553,#8554);
#8553 = CARTESIAN_POINT('',(-1.570796326795,0.));
#8554 = VECTOR('',#8555,1.);
#8555 = DIRECTION('',(-0.,1.));
#8556 = ( GEOMETRIC_REPRESENTATION_CONTEXT(2) 
PARAMETRIC_REPRESENTATION_CONTEXT() REPRESENTATION_CONTEXT('2D SPACE',''
  ) );
#8557 = ADVANCED_FACE('',(#8558),#8264,.T.);
#8558 = FACE_BOUND('',#8559,.T.);
#8559 = EDGE_LOOP('',(#8560,#8561,#8562,#8563));
#8560 = ORIENTED_EDGE('',*,*,#8509,.F.);
#8561 = ORIENTED_EDGE('',*,*,#8383,.T.);
#8562 = ORIENTED_EDGE('',*,*,#8248,.T.);
#8563 = ORIENTED_EDGE('',*,*,#8564,.F.);
#8564 = EDGE_CURVE('',#8486,#8220,#8565,.T.);
#8565 = SURFACE_CURVE('',#8566,(#8570,#8577),.PCURVE_S1.);
#8566 = LINE('',#8567,#8568);
#8567 = CARTESIAN_POINT('',(18.5,24.,25.));
#8568 = VECTOR('',#8569,1.);
#8569 = DIRECTION('',(0.,0.,1.));
#8570 = PCURVE('',#8264,#8571);
#8571 = DEFINITIONAL_REPRESENTATION('',(#8572),#8576);
#8572 = LINE('',#8573,#8574);
#8573 = CARTESIAN_POINT('',(0.,45.));
#8574 = VECTOR('',#8575,1.);
#8575 = DIRECTION('',(1.,0.));
#8576 = ( GEOMETRIC_REPRESENTATION_CONTEXT(2) 
PARAMETRIC_REPRESENTATION_CONTEXT() REPRESENTATION_CONTEXT('2D SPACE',''
  ) );
#8577 = PCURVE('',#8236,#8578);
#8578 = DEFINITIONAL_REPRESENTATION('',(#8579),#8583);
#8579 = LINE('',#8580,#8581);
#8580 = CARTESIAN_POINT('',(1.570796326795,0.));
#8581 = VECTOR('',#8582,1.);
#8582 = DIRECTION('',(0.,1.));
#8583 = ( GEOMETRIC_REPRESENTATION_CONTEXT(2) 
PARAMETRIC_REPRESENTATION_CONTEXT() REPRESENTATION_CONTEXT('2D SPACE',''
  ) );
#8584 = ADVANCED_FACE('',(#8585),#8179,.T.);
#8585 = FACE_BOUND('',#8586,.F.);
#8586 = EDGE_LOOP('',(#8587,#8588,#8589,#8590));
#8587 = ORIENTED_EDGE('',*,*,#8434,.T.);
#8588 = ORIENTED_EDGE('',*,*,#8537,.T.);
#8589 = ORIENTED_EDGE('',*,*,#8158,.F.);
#8590 = ORIENTED_EDGE('',*,*,#8591,.F.);
#8591 = EDGE_CURVE('',#8435,#8159,#8592,.T.);
#8592 = SURFACE_CURVE('',#8593,(#8597,#8604),.PCURVE_S1.);
#8593 = LINE('',#8594,#8595);
#8594 = CARTESIAN_POINT('',(26.5,-16.,25.));
#8595 = VECTOR('',#8596,1.);
#8596 = DIRECTION('',(0.,0.,1.));
#8597 = PCURVE('',#8179,#8598);
#8598 = DEFINITIONAL_REPRESENTATION('',(#8599),#8603);
#8599 = LINE('',#8600,#8601);
#8600 = CARTESIAN_POINT('',(-0.,0.));
#8601 = VECTOR('',#8602,1.);
#8602 = DIRECTION('',(-0.,1.));
#8603 = ( GEOMETRIC_REPRESENTATION_CONTEXT(2) 
PARAMETRIC_REPRESENTATION_CONTEXT() REPRESENTATION_CONTEXT('2D SPACE',''
  ) );
#8604 = PCURVE('',#8207,#8605);
#8605 = DEFINITIONAL_REPRESENTATION('',(#8606),#8610);
#8606 = LINE('',#8607,#8608);
#8607 = CARTESIAN_POINT('',(0.,-8.));
#8608 = VECTOR('',#8609,1.);
#8609 = DIRECTION('',(1.,0.));
#8610 = ( GEOMETRIC_REPRESENTATION_CONTEXT(2) 
PARAMETRIC_REPRESENTATION_CONTEXT() REPRESENTATION_CONTEXT('2D SPACE',''
  ) );
#8611 = ADVANCED_FACE('',(#8612),#8236,.T.);
#8612 = FACE_BOUND('',#8613,.T.);
#8613 = EDGE_LOOP('',(#8614,#8615,#8616,#8617));
#8614 = ORIENTED_EDGE('',*,*,#8485,.T.);
#8615 = ORIENTED_EDGE('',*,*,#8564,.T.);
#8616 = ORIENTED_EDGE('',*,*,#8219,.F.);
#8617 = ORIENTED_EDGE('',*,*,#8618,.F.);
#8618 = EDGE_CURVE('',#8463,#8192,#8619,.T.);
#8619 = SURFACE_CURVE('',#8620,(#8624,#8631),.PCURVE_S1.);
#8620 = LINE('',#8621,#8622);
#8621 = CARTESIAN_POINT('',(26.5,16.,25.));
#8622 = VECTOR('',#8623,1.);
#8623 = DIRECTION('',(0.,0.,1.));
#8624 = PCURVE('',#8236,#8625);
#8625 = DEFINITIONAL_REPRESENTATION('',(#8626),#8630);
#8626 = LINE('',#8627,#8628);
#8627 = CARTESIAN_POINT('',(0.,0.));
#8628 = VECTOR('',#8629,1.);
#8629 = DIRECTION('',(0.,1.));
#8630 = ( GEOMETRIC_REPRESENTATION_CONTEXT(2) 
PARAMETRIC_REPRESENTATION_CONTEXT() REPRESENTATION_CONTEXT('2D SPACE',''
  ) );
#8631 = PCURVE('',#8207,#8632);
#8632 = DEFINITIONAL_REPRESENTATION('',(#8633),#8637);
#8633 = LINE('',#8634,#8635);
#8634 = CARTESIAN_POINT('',(0.,-40.));
#8635 = VECTOR('',#8636,1.);
#8636 = DIRECTION('',(1.,0.));
#8637 = ( GEOMETRIC_REPRESENTATION_CONTEXT(2) 
PARAMETRIC_REPRESENTATION_CONTEXT() REPRESENTATION_CONTEXT('2D SPACE',''
  ) );
#8638 = ADVANCED_FACE('',(#8639),#8207,.T.);
#8639 = FACE_BOUND('',#8640,.T.);
#8640 = EDGE_LOOP('',(#8641,#8642,#8643,#8644));
#8641 = ORIENTED_EDGE('',*,*,#8191,.F.);
#8642 = ORIENTED_EDGE('',*,*,#8591,.F.);
#8643 = ORIENTED_EDGE('',*,*,#8462,.T.);
#8644 = ORIENTED_EDGE('',*,*,#8618,.T.);
#8645 = ( GEOMETRIC_REPRESENTATION_CONTEXT(3) 
GLOBAL_UNCERTAINTY_ASSIGNED_CONTEXT((#8649)) 
GLOBAL_UNIT_ASSIGNED_CONTEXT((#8646,#8647,#8648)) REPRESENTATION_CONTEXT
('Context #1','3D Context with UNIT and UNCERTAINTY') );
#8646 = ( LENGTH_UNIT() NAMED_UNIT(*) SI_UNIT(.MILLI.,.METRE.) );
#8647 = ( NAMED_UNIT(*) PLANE_ANGLE_UNIT() SI_UNIT($,.RADIAN.) );
#8648 = ( NAMED_UNIT(*) SI_UNIT($,.STERADIAN.) SOLID_ANGLE_UNIT() );
#8649 = UNCERTAINTY_MEASURE_WITH_UNIT(LENGTH_MEASURE(1.E-07),#8646,
  'distance_accuracy_value','confusion accuracy');
#8650 = CONTEXT_DEPENDENT_SHAPE_REPRESENTATION(#8651,#8653);
#8651 = ( REPRESENTATION_RELATIONSHIP('','',#7978,#7955) 
REPRESENTATION_RELATIONSHIP_WITH_TRANSFORMATION(#8652) 
SHAPE_REPRESENTATION_RELATIONSHIP() );
#8652 = ITEM_DEFINED_TRANSFORMATION('','',#11,#7956);
#8653 = PRODUCT_DEFINITION_SHAPE('Placement','Placement of an item',
  #8654);
#8654 = NEXT_ASSEMBLY_USAGE_OCCURRENCE('5','','',#7950,#7973,$);
#8655 = PRODUCT_RELATED_PRODUCT_CATEGORY('part',$,(#7975));
#8656 = MECHANICAL_DESIGN_GEOMETRIC_PRESENTATION_REPRESENTATION('',(
    #8657),#8645);
#8657 = STYLED_ITEM('color',(#8658),#7979);
#8658 = PRESENTATION_STYLE_ASSIGNMENT((#8659));
#8659 = SURFACE_STYLE_USAGE(.BOTH.,#8660);
#8660 = SURFACE_SIDE_STYLE('',(#8661,#8665));
#8661 = SURFACE_STYLE_FILL_AREA(#8662);
#8662 = FILL_AREA_STYLE('',(#8663));
#8663 = FILL_AREA_STYLE_COLOUR('',#8664);
#8664 = COLOUR_RGB('',0.977691556689,0.977691556689,0.977691556689);
#8665 = SURFACE_STYLE_RENDERING_WITH_PROPERTIES(.NORMAL_SHADING.,#8664,(
    #8666));
#8666 = SURFACE_STYLE_TRANSPARENT(0.65000000596);
#8667 = MECHANICAL_DESIGN_GEOMETRIC_PRESENTATION_REPRESENTATION('',(
    #8668),#7937);
#8668 = STYLED_ITEM('color',(#8669),#3963);
#8669 = PRESENTATION_STYLE_ASSIGNMENT((#8670));
#8670 = SURFACE_STYLE_USAGE(.BOTH.,#8671);
#8671 = SURFACE_SIDE_STYLE('',(#8672));
#8672 = SURFACE_STYLE_FILL_AREA(#8673);
#8673 = FILL_AREA_STYLE('',(#8674));
#8674 = FILL_AREA_STYLE_COLOUR('',#8675);
#8675 = COLOUR_RGB('',0.46135613805,0.484529207832,0.527112787404);
#8676 = MECHANICAL_DESIGN_GEOMETRIC_PRESENTATION_REPRESENTATION('',(
    #8677),#3921);
#8677 = STYLED_ITEM('color',(#8678),#87);
#8678 = PRESENTATION_STYLE_ASSIGNMENT((#8679));
#8679 = SURFACE_STYLE_USAGE(.BOTH.,#8680);
#8680 = SURFACE_SIDE_STYLE('',(#8681));
#8681 = SURFACE_STYLE_FILL_AREA(#8682);
#8682 = FILL_AREA_STYLE('',(#8683));
#8683 = FILL_AREA_STYLE_COLOUR('',#8684);
#8684 = COLOUR_RGB('',0.926074881305,0.9357410338,0.954687160741);
ENDSEC;
END-ISO-10303-21;
